code,code_system,include,term,notes
"""prodcode""",UNKNOWN,true,"""therapyevents""	""productname""	""ingredient""	""strength""	""formulation""	""route""	""bnftext""	""Lipid regulating meds""",
"""60160""",UNKNOWN,true,"0	""Rosuvastatin 5mg tablets (Mawdsley-Brooks & Company Ltd)""	""Rosuvastatin""	""5mg""	""Oral tablet""	""Oral""	""Statins""	""Rosuvastatin""",
"""61665""",UNKNOWN,true,"0	""Simvastatin 10mg tablets (Waymade Healthcare Plc)""	""Simvastatin""	""10mg""	""Oral tablet""	""Oral""	""Statins""	""Simvastatin""",
"""67573""",UNKNOWN,true,"0	""Atorvastatin 10mg tablets (DE Pharmaceuticals)""	""Atorvastatin""	""10mg""	""Oral tablet""	""Oral""	""Statins""	""Atorvastatin""",
"""65193""",UNKNOWN,true,"4	""Atorvastatin 20mg tablets (Sun Pharma UK Ltd)""	""Atorvastatin""	""20mg""	""Oral tablet""	""Oral""	""Statins""	""Atorvastatin""",
"""50703""",UNKNOWN,true,"10	""Simvastatin 40mg tablets (Accord-UK Ltd)""	""Simvastatin""	""40mg""	""Oral tablet""	""Oral""	""Statins""	""Simvastatin""",
"""84456""",UNKNOWN,true,"0	""Atorvastatin 80mg tablets (Medihealth (Northern) Ltd)""	""Atorvastatin""	""80mg""	""Oral tablet""	""Oral""	""Statins""	""Atorvastatin""",
"""3089""",UNKNOWN,true,"255286	""Ciprofibrate 100mg tablets""	""Ciprofibrate""	""100mg""	""Oral tablet""	""Oral""	""Fibrates""	""Ciprofibrate""",
"""24084""",UNKNOWN,true,"27	""Colestyramine 4g oral powder sachets sugar free (PLIVA Pharma Ltd)""	""Colestyramine""	""4gram""	""Powder for oral suspension""	""Oral""	""Bile Acid Sequestrants/Bile Acid Sequestrants - Lipid-Regulating Products""	""Colestyramine""",
"""7554""",UNKNOWN,true,"1351141	""Rosuvastatin 5mg tablets""	""Rosuvastatin""	""5mg""	""Oral tablet""	""Oral""	""Statins""	""Rosuvastatin""",
"""34820""",UNKNOWN,true,"73	""Pravastatin 40mg tablets (A A H Pharmaceuticals Ltd)""	""Pravastatin""	""40mg""	""Oral tablet""	""Oral""	""Statins""	""Pravastatin""",
"""70673""",UNKNOWN,true,"849	""Alirocumab 75mg/1ml solution for injection pre-filled disposable devices""	""Alirocumab""	""75mg/1ml""	""Solution for injection""	""Subcutaneous""	""Other Lipid-Regulating Products""	""Alirocumab""",
"""6365""",UNKNOWN,true,"13456	""Colestid 5g granules for oral suspension sachets plain (Pfizer Ltd)""	""Colestipol""	""5gram""	""Granules for oral suspension""	""Oral""	""Bile Acid Sequestrants - Lipid-Regulating Products""	""Colestipol""",
"""84780""",UNKNOWN,true,"14101	""Rosuvastatin 5mg capsules""	""Rosuvastatin""	""5mg""	""Oral capsule""	""Oral""	""Statins""	""Rosuvastatin""",
"""64825""",UNKNOWN,true,"0	""Atorvastatin 10mg tablets (Phoenix Healthcare Distribution Ltd)""	""Atorvastatin""	""10mg""	""Oral tablet""	""Oral""	""Statins""	""Atorvastatin""",
"""53460""",UNKNOWN,true,"0	""Crestor 10mg tablets (DE Pharmaceuticals)""	""Rosuvastatin""	""10mg""	""Oral tablet""	""Oral""	""Statins""	""Rosuvastatin""",
"""53770""",UNKNOWN,true,"0	""Fluvastatin 40mg capsules (A A H Pharmaceuticals Ltd)""	""Fluvastatin""	""40mg""	""Oral capsule""	""Oral""	""Statins""	""Fluvastatin""",
"""78145""",UNKNOWN,true,"0	""Pravastatin 40mg tablets (Phoenix Healthcare Distribution Ltd)""	""Pravastatin""	""40mg""	""Oral tablet""	""Oral""	""Statins""	""Pravastatin""",
"""49061""",UNKNOWN,true,"0	""Simvastatin 40mg tablets (Bristol Laboratories Ltd)""	""Simvastatin""	""40mg""	""Oral tablet""	""Oral""	""Statins""	""Simvastatin""",
"""34201""",UNKNOWN,true,"169	""Colestyramine 4g oral powder sachets sugar free (Actavis UK Ltd)""	""Colestyramine""	""4gram""	""Powder for oral suspension""	""Oral""	""Bile Acid Sequestrants/Bile Acid Sequestrants - Lipid-Regulating Products""	""Colestyramine""",
"""12730""",UNKNOWN,true,"267	""Vitamin c with vitamins, minerals & other ingredients tablets""	""Nicotinic acid""	NA	""Tablets""	""Oral""	""Oral Iron/Multivitamin And Multimineral Preparations""	""Nicotinic acid""",
"""34366""",UNKNOWN,true,"88	""Simvastatin 20mg tablets (IVAX Pharmaceuticals UK Ltd)""	""Simvastatin""	""20mg""	""Oral tablet""	""Oral""	""Statins""	""Simvastatin""",
"""63787""",UNKNOWN,true,"0	""Pravastatin 10mg tablets (Tillomed Laboratories Ltd)""	""Pravastatin""	""10mg""	""Oral tablet""	""Oral""	""Statins""	""Pravastatin""",
"""85713""",UNKNOWN,true,"69	""Inclisiran 284mg/1.5ml solution for injection pre-filled syringes""	""Inclisiran""	""189mg/1ml""	""Solution for injection""	""Subcutaneous""	""Other Lipid-Regulating Products""	""Inclisiran""",
"""10003""",UNKNOWN,true,"47	""Menopace Capsule (Vitabiotics Ltd)""	""Nicotinic acid""	NA	""Capsule""	""Oral""	""-""	""Nicotinic acid""",
"""4067""",UNKNOWN,true,"5967	""Olbetam 250mg capsules (Pfizer Ltd)""	""Acipimox""	""250mg""	""Oral capsule""	""Oral""	""Nicotinic Acid Group""	""Acipimox""",
"""81960""",UNKNOWN,true,"0	""Fenofibrate micronised 200mg capsules (Alliance Healthcare (Distribution) Ltd)""	""Fenofibrate""	""200mg""	""Oral capsule""	""Oral""	""Fibrates""	""Fenofibrate""",
"""49751""",UNKNOWN,true,"4	""Atorvastatin 40mg tablets (Alliance Healthcare (Distribution) Ltd)""	""Atorvastatin""	""40mg""	""Oral tablet""	""Oral""	""Statins""	""Atorvastatin""",
"""4961""",UNKNOWN,true,"1832	""Lipobay 300microgram Tablet (Bayer Plc)""	""Cerivastatin""	""300microgram""	""Oral tablet""	""Oral""	""Statins""	""Cerivastatin""",
"""85273""",UNKNOWN,true,"1	""Rosuvastatin 5mg tablets (Sun Pharma UK Ltd)""	""Rosuvastatin""	""5mg""	""Oral tablet""	""Oral""	""Statins""	""Rosuvastatin""",
"""77306""",UNKNOWN,true,"2	""Nandovar XL 80mg tablets (Sandoz Ltd)""	""Fluvastatin""	""80mg""	""Modified-release tablet""	""Oral""	""Statins""	""Fluvastatin""",
"""10172""",UNKNOWN,true,"42575	""Simvastatin 40mg / Ezetimibe 10mg tablets""	""Ezetimibe/Simvastatin""	""40mg + 10mg""	""Oral tablet""	""Oral""	""Ezetimibe/Statins""	""Ezetimibe/Simvastatin""",
"""74085""",UNKNOWN,true,"9	""Lescol 40mg capsules (Sigma Pharmaceuticals Plc)""	""Fluvastatin""	""40mg""	""Oral capsule""	""Oral""	""Statins""	""Fluvastatin""",
"""25""",UNKNOWN,true,"23147151	""Simvastatin 20mg tablets""	""Simvastatin""	""20mg""	""Oral tablet""	""Oral""	""Statins""	""Simvastatin""",
"""82951""",UNKNOWN,true,"1	""Fenofibrate micronised 67mg capsules (Accord-UK Ltd)""	""Fenofibrate""	""67mg""	""Oral capsule""	""Oral""	""Fibrates""	""Fenofibrate""",
"""51233""",UNKNOWN,true,"0	""Simvastatin 10mg tablets (Alliance Healthcare (Distribution) Ltd)""	""Simvastatin""	""10mg""	""Oral tablet""	""Oral""	""Statins""	""Simvastatin""",
"""50963""",UNKNOWN,true,"244	""Atorvastatin 40mg tablets (Teva UK Ltd)""	""Atorvastatin""	""40mg""	""Oral tablet""	""Oral""	""Statins""	""Atorvastatin""",
"""63074""",UNKNOWN,true,"0	""Pravastatin 20mg tablets (PLIVA Pharma Ltd)""	""Pravastatin""	""20mg""	""Oral tablet""	""Oral""	""Statins""	""Pravastatin""",
"""9920""",UNKNOWN,true,"163784	""Simvador 20mg tablets (Dexcel-Pharma Ltd)""	""Simvastatin""	""20mg""	""Oral tablet""	""Oral""	""Statins""	""Simvastatin""",
"""77782""",UNKNOWN,true,"0	""Atorvastatin 40mg tablets (Bristol Laboratories Ltd)""	""Atorvastatin""	""40mg""	""Oral tablet""	""Oral""	""Statins""	""Atorvastatin""",
"""81205""",UNKNOWN,true,"0	""Rosuvastatin 20mg tablets (DE Pharmaceuticals)""	""Rosuvastatin""	""20mg""	""Oral tablet""	""Oral""	""Statins""	""Rosuvastatin""",
"""44650""",UNKNOWN,true,"53	""Simvastatin 40mg tablets (Dexcel-Pharma Ltd)""	""Simvastatin""	""40mg""	""Oral tablet""	""Oral""	""Statins""	""Simvastatin""",
"""49587""",UNKNOWN,true,"6	""Simvastatin 80mg tablets (Almus Pharmaceuticals Ltd)""	""Simvastatin""	""80mg""	""Oral tablet""	""Oral""	""Statins""	""Simvastatin""",
"""17683""",UNKNOWN,true,"11372	""Lipitor 80mg tablets (Viatris UK Healthcare Ltd)""	""Atorvastatin""	""80mg""	""Oral tablet""	""Oral""	""Statins""	""Atorvastatin""",
"""62979""",UNKNOWN,true,"0	""Pravastatin 40mg tablets (Kent Pharma (UK) Ltd)""	""Pravastatin""	""40mg""	""Oral tablet""	""Oral""	""Statins""	""Pravastatin""",
"""83832""",UNKNOWN,true,"0	""Simvastatin 20mg tablets (Medihealth (Northern) Ltd)""	""Simvastatin""	""20mg""	""Oral tablet""	""Oral""	""Statins""	""Simvastatin""",
"""52953""",UNKNOWN,true,"1	""Simvastatin 20mg tablets (Bristol Laboratories Ltd)""	""Simvastatin""	""20mg""	""Oral tablet""	""Oral""	""Statins""	""Simvastatin""",
"""7551""",UNKNOWN,true,"7683	""Niaspan 1g modified-release tablets (Abbott Laboratories Ltd)""	""Nicotinic acid/Niaspan""	""1gram""	""Modified-release tablet""	""Oral""	""Nicotinic Acid Group""	""Nicotinic acid/Niaspan""",
"""602""",UNKNOWN,true,"938725	""Bezafibrate 400mg modified-release tablets""	""Bezafibrate""	""400mg""	""Modified-release tablet""	""Oral""	""Fibrates""	""Bezafibrate""",
"""88902""",UNKNOWN,true,"0	""Simvastatin 40mg tablets (Medihealth (Northern) Ltd)""	""Simvastatin""	""40mg""	""Oral tablet""	""Oral""	""Statins""	""Simvastatin""",
"""23153""",UNKNOWN,true,"251	""Liparol 400 XL tablets (Ashbourne Pharmaceuticals Ltd)""	""Bezafibrate""	""400mg""	""Modified-release tablet""	""Oral""	""Fibrates""	""Bezafibrate""",
"""70580""",UNKNOWN,true,"2692	""Evolocumab 140mg/1ml solution for injection pre-filled disposable devices""	""Evolocumab""	""140mg/1ml""	""Solution for injection""	""Subcutaneous""	""Other Lipid-Regulating Products""	""Evolocumab""",
"""84810""",UNKNOWN,true,"4	""Atorvastatin 10mg tablets (Mawdsley-Brooks & Company Ltd)""	""Atorvastatin""	""10mg""	""Oral tablet""	""Oral""	""Statins""	""Atorvastatin""",
"""2215""",UNKNOWN,true,"19193	""Lopid 300mg capsules (Pfizer Ltd)""	""Gemfibrozil""	""300mg""	""Oral capsule""	""Oral""	""Fibrates""	""Gemfibrozil""",
"""67157""",UNKNOWN,true,"0	""Fenofibrate micronised 200mg capsules (Phoenix Healthcare Distribution Ltd)""	""Fenofibrate""	""200mg""	""Oral capsule""	""Oral""	""Fibrates""	""Fenofibrate""",
"""77358""",UNKNOWN,true,"1343	""Zocor 10mg tablets (Waymade Healthcare Plc)""	""Simvastatin""	""10mg""	""Oral tablet""	""Oral""	""Statins""	""Simvastatin""",
"""8366""",UNKNOWN,true,"3027	""Probucol 250mg tablet""	""Probucol""	""250mg""	""Tablets""	""Oral""	""Other Lipid-Regulating Products""	""Probucol""",
"""89510""",UNKNOWN,true,"24	""Rosuvastatin 20mg tablets (A A H Pharmaceuticals Ltd)""	""Rosuvastatin""	""20mg""	""Oral tablet""	""Oral""	""Statins""	""Rosuvastatin""",
"""3411""",UNKNOWN,true,"196202	""Lipitor 10mg tablets (Viatris UK Healthcare Ltd)""	""Atorvastatin""	""10mg""	""Oral tablet""	""Oral""	""Statins""	""Atorvastatin""",
"""45235""",UNKNOWN,true,"10	""Simvastatin 20mg tablets (Sandoz Ltd)""	""Simvastatin""	""20mg""	""Oral tablet""	""Oral""	""Statins""	""Simvastatin""",
"""420""",UNKNOWN,true,"112017	""Cerivastatin 100microgram tablets""	""Cerivastatin""	""100microgram""	""Oral tablet""	""Oral""	""Unknown""	""Cerivastatin""",
"""30618""",UNKNOWN,true,"165	""Estroven Tablet (Estroven Ltd)""	""Nicotinic acid""	NA	""Tablet""	""Oral""	""-""	""Nicotinic acid""",
"""11785""",UNKNOWN,true,"60404	""Colestyramine 4g oral powder sachets sugar free""	""Colestyramine""	""4gram""	""Powder for oral suspension""	""Oral""	""Bile Acid Sequestrants/Bile Acid Sequestrants - Lipid-Regulating Products""	""Colestyramine""",
"""87497""",UNKNOWN,true,"0	""Simvastatin 20mg tablets (Mawdsley-Brooks & Company Ltd)""	""Simvastatin""	""20mg""	""Oral tablet""	""Oral""	""Statins""	""Simvastatin""",
"""78993""",UNKNOWN,true,"0	""Fluvastatin 80mg modified-release tablets (Waymade Healthcare Plc)""	""Fluvastatin""	""80mg""	""Modified-release tablet""	""Oral""	""Statins""	""Fluvastatin""",
"""802""",UNKNOWN,true,"414416	""Simvador 40mg tablets (Dexcel-Pharma Ltd)""	""Simvastatin""	""40mg""	""Oral tablet""	""Oral""	""Statins""	""Simvastatin""",
"""54992""",UNKNOWN,true,"62	""Atorvastatin 10mg/5ml oral suspension""	""Atorvastatin""	""2mg/1ml""	""Oral suspension""	""Oral""	""Statins""	""Atorvastatin""",
"""88306""",UNKNOWN,true,"0	""Atorvastatin 10mg tablets (Amarox Ltd)""	""Atorvastatin""	""10mg""	""Oral tablet""	""Oral""	""Statins""	""Atorvastatin""",
"""72308""",UNKNOWN,true,"0	""Fluvastatin 20mg capsules (Alliance Healthcare (Distribution) Ltd)""	""Fluvastatin""	""20mg""	""Oral capsule""	""Oral""	""Statins""	""Fluvastatin""",
"""4928""",UNKNOWN,true,"35889	""Lipantil Micro 200 capsules (Viatris UK Healthcare Ltd)""	""Fenofibrate""	""200mg""	""Oral capsule""	""Oral""	""Fibrates""	""Fenofibrate""",
"""5985""",UNKNOWN,true,"4995	""Lescol XL 80mg tablets (Novartis Pharmaceuticals UK Ltd)""	""Fluvastatin""	""80mg""	""Modified-release tablet""	""Oral""	""Statins""	""Fluvastatin""",
"""57329""",UNKNOWN,true,"12	""Simvastatin 25mg/5ml oral suspension""	""Simvastatin""	""5mg/1ml""	""Oral suspension""	""Oral""	""Statins""	""Simvastatin""",
"""53676""",UNKNOWN,true,"0	""Simvastatin 20mg tablets (Tillomed Laboratories Ltd)""	""Simvastatin""	""20mg""	""Oral tablet""	""Oral""	""Statins""	""Simvastatin""",
"""48058""",UNKNOWN,true,"33	""Simvastatin 10mg tablets (Sun Pharma UK Ltd)""	""Simvastatin""	""10mg""	""Oral tablet""	""Oral""	""Statins""	""Simvastatin""",
"""47090""",UNKNOWN,true,"1213	""Atorvastatin 10mg chewable tablets sugar free""	""Atorvastatin""	""10mg""	""Chewable tablet""	""Oral""	""Unknown""	""Atorvastatin""",
"""34814""",UNKNOWN,true,"23	""Simvastatin 20mg tablets (Wockhardt UK Ltd)""	""Simvastatin""	""20mg""	""Oral tablet""	""Oral""	""Statins""	""Simvastatin""",
"""63343""",UNKNOWN,true,"0	""Generic Crampex tablets""	""Nicotinic acid""	""200mg + 20microgram + 20mg""	""Oral tablet""	""Oral""	""Other Muscle Relaxants""	""Nicotinic acid""",
"""60101""",UNKNOWN,true,"41	""Colestyramine 4g oral powder sachets sugar free (Teva UK Ltd)""	""Colestyramine""	""4gram""	""Powder for oral suspension""	""Oral""	""Bile Acid Sequestrants/Bile Acid Sequestrants - Lipid-Regulating Products""	""Colestyramine""",
"""31658""",UNKNOWN,true,"6	""Cerivastatin 800microgram tablets""	""Cerivastatin""	""800microgram""	""Oral tablet""	""Oral""	""Unknown""	""Cerivastatin""",
"""92382""",UNKNOWN,true,"0	""Ciprofibrate 100mg tablets (Necessity Supplies Ltd)""	""Ciprofibrate""	""100mg""	""Oral tablet""	""Oral""	""Fibrates""	""Ciprofibrate""",
"""2955""",UNKNOWN,true,"56313	""Lipitor 40mg tablets (Viatris UK Healthcare Ltd)""	""Atorvastatin""	""40mg""	""Oral tablet""	""Oral""	""Statins""	""Atorvastatin""",
"""82561""",UNKNOWN,true,"48	""Supralip 160mg tablets (Waymade Healthcare Plc)""	""Fenofibrate""	""160mg""	""Oral tablet""	""Oral""	""Fibrates""	""Fenofibrate""",
"""81602""",UNKNOWN,true,"0	""Rosuvastatin 10mg tablets (A A H Pharmaceuticals Ltd)""	""Rosuvastatin""	""10mg""	""Oral tablet""	""Oral""	""Statins""	""Rosuvastatin""",
"""34353""",UNKNOWN,true,"1017	""Simvastatin 40mg tablets (Viatris UK Healthcare Ltd)""	""Simvastatin""	""40mg""	""Oral tablet""	""Oral""	""Statins""	""Simvastatin""",
"""31221""",UNKNOWN,true,"81	""Bezafibrate 200mg tablets (Viatris UK Healthcare Ltd)""	""Bezafibrate""	""200mg""	""Oral tablet""	""Oral""	""Fibrates""	""Bezafibrate""",
"""64968""",UNKNOWN,true,"0	""Simvastatin 10mg tablets (DE Pharmaceuticals)""	""Simvastatin""	""10mg""	""Oral tablet""	""Oral""	""Statins""	""Simvastatin""",
"""91213""",UNKNOWN,true,"0	""Niaspan 375mg modified-release tablets (Abbott Laboratories Ltd)""	""Nicotinic acid/Niaspan""	""375mg""	""Modified-release tablet""	""Oral""	""Unknown""	""Nicotinic acid/Niaspan""",
"""7374""",UNKNOWN,true,"105587	""Lipitor 20mg tablets (Viatris UK Healthcare Ltd)""	""Atorvastatin""	""20mg""	""Oral tablet""	""Oral""	""Statins""	""Atorvastatin""",
"""20842""",UNKNOWN,true,"12	""Phyllosan Tablet (SSL International Plc)""	""Nicotinic acid""	NA	""Tablet""	""Oral""	""Oral Iron/Multivitamin And Multimineral Preparations""	""Nicotinic acid""",
"""92381""",UNKNOWN,true,"1	""Rosuvastatin 10mg/5ml oral solution sugar free""	""Rosuvastatin""	""2mg/1ml""	""Oral solution""	""Oral""	""Statins""	""Rosuvastatin""",
"""90343""",UNKNOWN,true,"0	""Fenofibrate micronised 200mg capsules (Accord-UK Ltd)""	""Fenofibrate""	""200mg""	""Oral capsule""	""Oral""	""Fibrates""	""Fenofibrate""",
"""32110""",UNKNOWN,true,"39	""Colestyramine 4g Sachets (Dominion Pharma)""	""Colestyramine""	""4gram""	""Powder for oral suspension""	""Oral""	""Bile Acid Sequestrants/Bile Acid Sequestrants - Lipid-Regulating Products""	""Colestyramine""",
"""55444""",UNKNOWN,true,"0	""Atorvastatin 40mg tablets (Zentiva Pharma UK Ltd)""	""Atorvastatin""	""40mg""	""Oral tablet""	""Oral""	""Statins""	""Atorvastatin""",
"""57489""",UNKNOWN,true,"0	""Ciprofibrate 100mg tablets (Zentiva Pharma UK Ltd)""	""Ciprofibrate""	""100mg""	""Oral tablet""	""Oral""	""Fibrates""	""Ciprofibrate""",
"""85909""",UNKNOWN,true,"0	""Fenofibrate micronised 200mg capsules (Sun Pharma UK Ltd)""	""Fenofibrate""	""200mg""	""Oral capsule""	""Oral""	""Fibrates""	""Fenofibrate""",
"""18098""",UNKNOWN,true,"361	""Nicotinic acid 375mg + 500mg + 750mg Modified-release tablet""	""Nicotinic acid""	""375mg + 500mg + 750mg""	""Modified-Release Tablet""	""Oral""	""Nicotinic Acid Group""	""Nicotinic acid""",
"""1223""",UNKNOWN,true,"52620	""Lipostat 40mg tablets (Bristol-Myers Squibb Pharmaceuticals Ltd)""	""Pravastatin""	""40mg""	""Oral tablet""	""Oral""	""Statins""	""Pravastatin""",
"""89892""",UNKNOWN,true,"0	""Atorvastatin 40mg tablets (Flamingo Pharma (UK) Ltd)""	""Atorvastatin""	""40mg""	""Oral tablet""	""Oral""	""Statins""	""Atorvastatin""",
"""41396""",UNKNOWN,true,"82	""Fenofibrate micronised 200mg capsules (A A H Pharmaceuticals Ltd)""	""Fenofibrate""	""200mg""	""Oral capsule""	""Oral""	""Fibrates""	""Fenofibrate""",
"""16067""",UNKNOWN,true,"11050	""Sanatogen gold A to Z Tablet (Roche Consumer Health)""	""Nicotinic acid""	NA	""Tablet""	""Oral""	""-""	""Nicotinic acid""",
"""89828""",UNKNOWN,true,"0	""Atorvastatin 10mg tablets (MSN Laboratories Europe Ltd)""	""Atorvastatin""	""10mg""	""Oral tablet""	""Oral""	""Statins""	""Atorvastatin""",
"""90566""",UNKNOWN,true,"0	""Atorvastatin 40mg tablets (AAH Hillcross)""	""Atorvastatin""	""40mg""	""Oral tablet""	""Oral""	""Statins""	""Atorvastatin""",
"""5775""",UNKNOWN,true,"5117112	""Atorvastatin 80mg tablets""	""Atorvastatin""	""80mg""	""Oral tablet""	""Oral""	""Statins""	""Atorvastatin""",
"""9491""",UNKNOWN,true,"66794	""Fenofibrate micronised 67mg capsules""	""Fenofibrate""	""67mg""	""Oral capsule""	""Oral""	""Fibrates""	""Fenofibrate""",
"""8706""",UNKNOWN,true,"41320	""Modalim 100mg tablets (Sanofi)""	""Ciprofibrate""	""100mg""	""Oral tablet""	""Oral""	""Fibrates""	""Ciprofibrate""",
"""1764""",UNKNOWN,true,"61103	""Questran Light 4g oral powder sachets (Neon Healthcare Ltd)""	""Colestyramine""	""4gram""	""Powder for oral suspension""	""Oral""	""Bile Acid Sequestrants/Bile Acid Sequestrants - Lipid-Regulating Products""	""Colestyramine""",
"""62429""",UNKNOWN,true,"0	""Atorvastatin 20mg tablets (DE Pharmaceuticals)""	""Atorvastatin""	""20mg""	""Oral tablet""	""Oral""	""Statins""	""Atorvastatin""",
"""60607""",UNKNOWN,true,"0	""Atorvastatin 80mg tablets (DE Pharmaceuticals)""	""Atorvastatin""	""80mg""	""Oral tablet""	""Oral""	""Statins""	""Atorvastatin""",
"""57763""",UNKNOWN,true,"0	""Rosuvastatin 10mg tablets (Waymade Healthcare Plc)""	""Rosuvastatin""	""10mg""	""Oral tablet""	""Oral""	""Statins""	""Rosuvastatin""",
"""83279""",UNKNOWN,true,"0	""Rosuvastatin 5mg tablets (A A H Pharmaceuticals Ltd)""	""Rosuvastatin""	""5mg""	""Oral tablet""	""Oral""	""Statins""	""Rosuvastatin""",
"""90611""",UNKNOWN,true,"4	""Ezetimibe 10mg tablets (Krka UK Ltd)""	""Ezetimibe""	""10mg""	""Oral tablet""	""Oral""	""Ezetimibe""	""Ezetimibe""",
"""54266""",UNKNOWN,true,"25	""Simvastatin 20mg/5ml oral suspension""	""Simvastatin""	""4mg/1ml""	""Oral suspension""	""Oral""	""Statins""	""Simvastatin""",
"""54819""",UNKNOWN,true,"0	""Simvastatin 40mg/5ml oral suspension sugar free (Rosemont Pharmaceuticals Ltd)""	""Simvastatin""	""8mg/1ml""	""Oral suspension""	""Oral""	""Statins""	""Simvastatin""",
"""47630""",UNKNOWN,true,"59	""Lipitor 20mg chewable tablets (Viatris UK Healthcare Ltd)""	""Atorvastatin""	""20mg""	""Chewable tablet""	""Oral""	""Unknown""	""Atorvastatin""",
"""47935""",UNKNOWN,true,"0	""Fenofibrate 200mg Capsule (Teva UK Ltd)""	""Fenofibrate""	""200mg""	""Oral capsule""	""Oral""	""Fibrates""	""Fenofibrate""",
"""818""",UNKNOWN,true,"12420	""Simvastatin 20mg/5ml oral solution sugar free""	""Simvastatin""	""20mg/5ml""	""Oral Suspension Sugar-Free""	""Oral""	""Statins""	""Simvastatin""",
"""82528""",UNKNOWN,true,"49	""Lipantil Micro 267 capsules (Waymade Healthcare Plc)""	""Fenofibrate""	""267mg""	""Oral capsule""	""Oral""	""Fibrates""	""Fenofibrate""",
"""34316""",UNKNOWN,true,"1171	""Simvastatin 20mg tablets (Teva UK Ltd)""	""Simvastatin""	""20mg""	""Oral tablet""	""Oral""	""Statins""	""Simvastatin""",
"""64503""",UNKNOWN,true,"822	""Bezalip Mono 400mg modified-release tablets (Waymade Healthcare Plc)""	""Bezafibrate""	""400mg""	""Modified-release tablet""	""Oral""	""Fibrates""	""Bezafibrate""",
"""59278""",UNKNOWN,true,"0	""Fluvastatin 20mg capsules (Zentiva Pharma UK Ltd)""	""Fluvastatin""	""20mg""	""Oral capsule""	""Oral""	""Statins""	""Fluvastatin""",
"""85419""",UNKNOWN,true,"0	""Ciprofibrate 100mg tablets (Advanz Pharma)""	""Ciprofibrate""	""100mg""	""Oral tablet""	""Oral""	""Fibrates""	""Ciprofibrate""",
"""58110""",UNKNOWN,true,"8	""Atorvastatin 20mg tablets (Zentiva Pharma UK Ltd)""	""Atorvastatin""	""20mg""	""Oral tablet""	""Oral""	""Statins""	""Atorvastatin""",
"""56016""",UNKNOWN,true,"711	""Lipitor 20mg chewable tablets (Viatris UK Healthcare Ltd)""	""Atorvastatin""	""20mg""	""Chewable tablet""	""Oral""	""Statins""	""Atorvastatin""",
"""62132""",UNKNOWN,true,"4	""Lipobay 400microgram tablets (Bayer Plc)""	""Cerivastatin""	""400microgram""	""Oral tablet""	""Oral""	""Unknown""	""Cerivastatin""",
"""58394""",UNKNOWN,true,"4	""Atorvastatin 20mg tablets (Alliance Healthcare (Distribution) Ltd)""	""Atorvastatin""	""20mg""	""Oral tablet""	""Oral""	""Statins""	""Atorvastatin""",
"""1716""",UNKNOWN,true,"78395	""Questran 4g oral powder sachets (Neon Healthcare Ltd)""	""Colestyramine""	""4gram""	""Powder for oral suspension""	""Oral""	""Bile Acid Sequestrants/Bile Acid Sequestrants - Lipid-Regulating Products""	""Colestyramine""",
"""64180""",UNKNOWN,true,"3	""Simvastatin 10mg tablets (Crescent Pharma Ltd)""	""Simvastatin""	""10mg""	""Oral tablet""	""Oral""	""Statins""	""Simvastatin""",
"""51085""",UNKNOWN,true,"3	""Simvastatin 10mg tablets (Medreich Plc)""	""Simvastatin""	""10mg""	""Oral tablet""	""Oral""	""Statins""	""Simvastatin""",
"""8082""",UNKNOWN,true,"44826	""Gemfibrozil 600mg tablets""	""Gemfibrozil""	""600mg""	""Oral tablet""	""Oral""	""Fibrates""	""Gemfibrozil""",
"""1217""",UNKNOWN,true,"18933	""Lipantil micro 200 200mg Capsule (Fournier Pharmaceuticals Ltd)""	""Fenofibrate""	""200mg""	""Oral capsule""	""Oral""	""Fibrates""	""Fenofibrate""",
"""17813""",UNKNOWN,true,"932	""Nicotinic acid 100mg Tablet""	""Nicotinic acid""	""100mg""	""Tablet""	""Oral""	""Nicotinic Acid Group""	""Nicotinic acid""",
"""16186""",UNKNOWN,true,"3139	""Inegy 10mg/80mg tablets (Organon Pharma (UK) Ltd)""	""Ezetimibe/Simvastatin""	""80mg + 10mg""	""Oral tablet""	""Oral""	""Ezetimibe/Statins""	""Ezetimibe/Simvastatin""",
"""44528""",UNKNOWN,true,"10	""Simvastatin 20mg/5ml oral suspension sugar free (Rosemont Pharmaceuticals Ltd)""	""Simvastatin""	""4mg/1ml""	""Oral suspension""	""Oral""	""Statins""	""Simvastatin""",
"""47948""",UNKNOWN,true,"0	""Simvastatin 10mg tablets (Tillomed Laboratories Ltd)""	""Simvastatin""	""10mg""	""Oral tablet""	""Oral""	""Statins""	""Simvastatin""",
"""52676""",UNKNOWN,true,"22	""Simvastatin 10mg/5ml oral suspension""	""Simvastatin""	""2mg/1ml""	""Oral suspension""	""Oral""	""Statins""	""Simvastatin""",
"""50790""",UNKNOWN,true,"160	""Atorvastatin 20mg tablets (Dexcel-Pharma Ltd)""	""Atorvastatin""	""20mg""	""Oral tablet""	""Oral""	""Statins""	""Atorvastatin""",
"""66087""",UNKNOWN,true,"189	""Modalim 100mg tablets (Mawdsley-Brooks & Company Ltd)""	""Ciprofibrate""	""100mg""	""Oral tablet""	""Oral""	""Fibrates""	""Ciprofibrate""",
"""47065""",UNKNOWN,true,"867	""Atorvastatin 20mg chewable tablets sugar free""	""Atorvastatin""	""20mg""	""Chewable tablet""	""Oral""	""Unknown""	""Atorvastatin""",
"""41990""",UNKNOWN,true,"357	""Multivitamins with minerals Tablet""	""Nicotinic acid""	NA	""Tablet""	""Oral""	""-""	""Nicotinic acid""",
"""58635""",UNKNOWN,true,"0	""Bezalip Mono 400mg modified-release tablets (DE Pharmaceuticals)""	""Bezafibrate""	""400mg""	""Modified-release tablet""	""Oral""	""Fibrates""	""Bezafibrate""",
"""83020""",UNKNOWN,true,"6474	""Bempedoic acid 180mg tablets""	""Bempedoic acid""	""180mg""	""Oral tablet""	""Oral""	""Other Lipid-Regulating Products""	""Bempedoic acid""",
"""65181""",UNKNOWN,true,"0	""Simvastatin 40mg tablets (DE Pharmaceuticals)""	""Simvastatin""	""40mg""	""Oral tablet""	""Oral""	""Statins""	""Simvastatin""",
"""52812""",UNKNOWN,true,"369	""Simvastatin 20mg tablets (Sigma Pharmaceuticals Plc)""	""Simvastatin""	""20mg""	""Oral tablet""	""Oral""	""Statins""	""Simvastatin""",
"""39060""",UNKNOWN,true,"62	""Simvastatin 20mg tablets (Dexcel-Pharma Ltd)""	""Simvastatin""	""20mg""	""Oral tablet""	""Oral""	""Statins""	""Simvastatin""",
"""52821""",UNKNOWN,true,"2	""Atorvastatin 80mg tablets (Dr Reddy's Laboratories (UK) Ltd)""	""Atorvastatin""	""80mg""	""Oral tablet""	""Oral""	""Statins""	""Atorvastatin""",
"""51715""",UNKNOWN,true,"0	""Simvastatin 10mg tablets (Sigma Pharmaceuticals Plc)""	""Simvastatin""	""10mg""	""Oral tablet""	""Oral""	""Statins""	""Simvastatin""",
"""10183""",UNKNOWN,true,"21777	""Simvastatin 40mg with ezetimibe 10mg tablet""	""Ezetimibe/Simvastatin""	""40mg + 10mg""	""Tablets""	""Oral""	""Ezetimibe/Statins""	""Ezetimibe/Simvastatin""",
"""379""",UNKNOWN,true,"344289	""Fluvastatin 20mg capsules""	""Fluvastatin""	""20mg""	""Oral capsule""	""Oral""	""Statins""	""Fluvastatin""",
"""66564""",UNKNOWN,true,"0	""Bezafibrate 400mg modified-release tablets (Phoenix Healthcare Distribution Ltd)""	""Bezafibrate""	""400mg""	""Modified-release tablet""	""Oral""	""Fibrates""	""Bezafibrate""",
"""50272""",UNKNOWN,true,"52	""Atorvastatin 40mg tablets (Upjohn UK Ltd)""	""Atorvastatin""	""40mg""	""Oral tablet""	""Oral""	""Statins""	""Atorvastatin""",
"""70987""",UNKNOWN,true,"0	""Atorvastatin 10mg tablets (Dr Reddy's Laboratories (UK) Ltd)""	""Atorvastatin""	""10mg""	""Oral tablet""	""Oral""	""Statins""	""Atorvastatin""",
"""53822""",UNKNOWN,true,"0	""Simvastatin 10mg tablets (Bristol Laboratories Ltd)""	""Simvastatin""	""10mg""	""Oral tablet""	""Oral""	""Statins""	""Simvastatin""",
"""11815""",UNKNOWN,true,"11040	""Simvastatin 20mg with ezetimibe 10mg tablet""	""Ezetimibe/Simvastatin""	""20mg + 10mg""	""Tablets""	""Oral""	""Ezetimibe/Statins""	""Ezetimibe/Simvastatin""",
"""68023""",UNKNOWN,true,"0	""Atorvastatin 10mg tablets (Aspire Pharma Ltd)""	""Atorvastatin""	""10mg""	""Oral tablet""	""Oral""	""Statins""	""Atorvastatin""",
"""86784""",UNKNOWN,true,"0	""Atorvastatin 80mg tablets (Medical Valley Invest AB)""	""Atorvastatin""	""80mg""	""Oral tablet""	""Oral""	""Statins""	""Atorvastatin""",
"""87734""",UNKNOWN,true,"0	""Lipitor 10mg tablets (Lexon (UK) Ltd)""	""Atorvastatin""	""10mg""	""Oral tablet""	""Oral""	""Statins""	""Atorvastatin""",
"""76985""",UNKNOWN,true,"5	""Nicotinic acid 50mg capsules""	""Nicotinic acid""	""50mg""	""Oral capsule""	""Oral""	""Nicotinic Acid Group""	""Nicotinic acid""",
"""79294""",UNKNOWN,true,"65	""Colestyramine 4g oral powder sachets sugar free (Viatris UK Healthcare Ltd)""	""Colestyramine""	""4gram""	""Powder for oral suspension""	""Oral""	""Bile Acid Sequestrants/Bile Acid Sequestrants - Lipid-Regulating Products""	""Colestyramine""",
"""70693""",UNKNOWN,true,"0	""Atorvastatin 10mg tablets (Sigma Pharmaceuticals Plc)""	""Atorvastatin""	""10mg""	""Oral tablet""	""Oral""	""Statins""	""Atorvastatin""",
"""7540""",UNKNOWN,true,"24345	""Lipantil Micro 267 capsules (Viatris UK Healthcare Ltd)""	""Fenofibrate""	""267mg""	""Oral capsule""	""Oral""	""Fibrates""	""Fenofibrate""",
"""40340""",UNKNOWN,true,"111	""Simvastatin 10mg tablets (Teva UK Ltd)""	""Simvastatin""	""10mg""	""Oral tablet""	""Oral""	""Statins""	""Simvastatin""",
"""9316""",UNKNOWN,true,"7272	""Lipobay 200microgram Tablet (Bayer Plc)""	""Cerivastatin""	""200microgram""	""Oral tablet""	""Oral""	""Statins""	""Cerivastatin""",
"""56248""",UNKNOWN,true,"17	""Atorvastatin 20mg tablets (Sigma Pharmaceuticals Plc)""	""Atorvastatin""	""20mg""	""Oral tablet""	""Oral""	""Statins""	""Atorvastatin""",
"""23634""",UNKNOWN,true,"160	""GEMFIBROZIL""	""Gemfibrozil""	NA	NA	NA	""Unknown""	""Gemfibrozil""",
"""1324""",UNKNOWN,true,"40440	""Bezalip 200mg Tablet (Roche Products Ltd)""	""Bezafibrate""	""200mg""	""Oral tablet""	""Oral""	""Fibrates""	""Bezafibrate""",
"""66780""",UNKNOWN,true,"47	""Fenofibrate 145mg / Simvastatin 20mg tablets""	""Fenofibrate/Simvastatin""	""145mg + 20mg""	""Oral tablet""	""Oral""	""Fibrates/Statins""	""Fenofibrate/Simvastatin""",
"""1215""",UNKNOWN,true,"6507	""Fenofibrate 100mg Capsule""	""Fenofibrate""	""100mg""	""Capsule""	""Oral""	""Fibrates""	""Fenofibrate""",
"""79517""",UNKNOWN,true,"2	""Rosuvastatin 5mg tablets (Sandoz Ltd)""	""Rosuvastatin""	""5mg""	""Oral tablet""	""Oral""	""Statins""	""Rosuvastatin""",
"""86365""",UNKNOWN,true,"764	""Atorvastatin 20mg/5ml oral suspension sugar free""	""Atorvastatin""	""4mg/1ml""	""Oral suspension""	""Oral""	""Statins""	""Atorvastatin""",
"""55452""",UNKNOWN,true,"0	""Simvastatin 20mg tablets (Phoenix Healthcare Distribution Ltd)""	""Simvastatin""	""20mg""	""Oral tablet""	""Oral""	""Statins""	""Simvastatin""",
"""59859""",UNKNOWN,true,"42	""Atorvastatin 10mg tablets (Teva UK Ltd)""	""Atorvastatin""	""10mg""	""Oral tablet""	""Oral""	""Statins""	""Atorvastatin""",
"""64984""",UNKNOWN,true,"0	""Fenofibrate micronised 160mg tablets (Phoenix Healthcare Distribution Ltd)""	""Fenofibrate""	""160mg""	""Oral tablet""	""Oral""	""Fibrates""	""Fenofibrate""",
"""50788""",UNKNOWN,true,"154	""Atorvastatin 20mg tablets (Upjohn UK Ltd)""	""Atorvastatin""	""20mg""	""Oral tablet""	""Oral""	""Statins""	""Atorvastatin""",
"""49062""",UNKNOWN,true,"0	""Simvastatin 20mg tablets (Alliance Healthcare (Distribution) Ltd)""	""Simvastatin""	""20mg""	""Oral tablet""	""Oral""	""Statins""	""Simvastatin""",
"""644""",UNKNOWN,true,"137357	""Colestyramine 4g oral powder sachets""	""Colestyramine""	""4gram""	""Powder for oral suspension""	""Oral""	""Bile Acid Sequestrants/Bile Acid Sequestrants - Lipid-Regulating Products""	""Colestyramine""",
"""49609""",UNKNOWN,true,"22	""Bezafibrate 400mg Modified-release tablet (Sandoz Ltd)""	""Bezafibrate""	""400mg""	""Modified-release tablet""	""Oral""	""Fibrates""	""Bezafibrate""",
"""75391""",UNKNOWN,true,"51	""Atorvastatin 80mg/5ml oral suspension""	""Atorvastatin""	""16mg/1ml""	""Oral suspension""	""Oral""	""Statins""	""Atorvastatin""",
"""76919""",UNKNOWN,true,"0	""Ciprofibrate 100mg tablets (Phoenix Healthcare Distribution Ltd)""	""Ciprofibrate""	""100mg""	""Oral tablet""	""Oral""	""Fibrates""	""Ciprofibrate""",
"""75622""",UNKNOWN,true,"0	""Atorvastatin 60mg tablets (A A H Pharmaceuticals Ltd)""	""Atorvastatin""	""60mg""	""Oral tablet""	""Oral""	""Statins""	""Atorvastatin""",
"""77472""",UNKNOWN,true,"107	""Lescol 40mg capsules (Lexon (UK) Ltd)""	""Fluvastatin""	""40mg""	""Oral capsule""	""Oral""	""Statins""	""Fluvastatin""",
"""41410""",UNKNOWN,true,"23	""Vitamin a, c & d with 10 other vitamins & zinc (combination 1) drops""	""Nicotinic acid""	NA	""Drops""	""Oral""	""-""	""Nicotinic acid""",
"""52257""",UNKNOWN,true,"2	""Simvastatin 20mg tablets (Accord-UK Ltd)""	""Simvastatin""	""20mg""	""Oral tablet""	""Oral""	""Statins""	""Simvastatin""",
"""51166""",UNKNOWN,true,"0	""Simvastatin 40mg tablets (Medreich Plc)""	""Simvastatin""	""40mg""	""Oral tablet""	""Oral""	""Statins""	""Simvastatin""",
"""53415""",UNKNOWN,true,"0	""Simvastatin 10mg tablets (Milpharm Ltd)""	""Simvastatin""	""10mg""	""Oral tablet""	""Oral""	""Statins""	""Simvastatin""",
"""91109""",UNKNOWN,true,"0	""Atorvastatin 20mg tablets (Milpharm Ltd)""	""Atorvastatin""	""20mg""	""Oral tablet""	""Oral""	""Statins""	""Atorvastatin""",
"""88436""",UNKNOWN,true,"0	""Atorvastatin 20mg tablets (Medical Valley Invest AB)""	""Atorvastatin""	""20mg""	""Oral tablet""	""Oral""	""Statins""	""Atorvastatin""",
"""68386""",UNKNOWN,true,"1	""Colestyramine 4g oral powder sachets (J M McGill Ltd)""	""Colestyramine""	""4gram""	""Powder for oral suspension""	""Oral""	""Bile Acid Sequestrants/Bile Acid Sequestrants - Lipid-Regulating Products""	""Colestyramine""",
"""88587""",UNKNOWN,true,"0	""Ciprofibrate 100mg tablets (CST Pharma Ltd)""	""Ciprofibrate""	""100mg""	""Oral tablet""	""Oral""	""Fibrates""	""Ciprofibrate""",
"""68827""",UNKNOWN,true,"0	""Atorvastatin 20mg tablets (Viatris UK Healthcare Ltd)""	""Atorvastatin""	""20mg""	""Oral tablet""	""Oral""	""Statins""	""Atorvastatin""",
"""8104""",UNKNOWN,true,"12691	""Acipimox 250mg capsules""	""Acipimox""	""250mg""	""Oral capsule""	""Oral""	""Nicotinic Acid Group""	""Acipimox""",
"""73384""",UNKNOWN,true,"0	""Fenofibrate micronised 200mg capsules (DE Pharmaceuticals)""	""Fenofibrate""	""200mg""	""Oral capsule""	""Oral""	""Fibrates""	""Fenofibrate""",
"""56607""",UNKNOWN,true,"0	""Pravastatin 20mg tablets (Waymade Healthcare Plc)""	""Pravastatin""	""20mg""	""Oral tablet""	""Oral""	""Statins""	""Pravastatin""",
"""79426""",UNKNOWN,true,"0	""Atorvastatin 80mg tablets (Bristol Laboratories Ltd)""	""Atorvastatin""	""80mg""	""Oral tablet""	""Oral""	""Statins""	""Atorvastatin""",
"""52755""",UNKNOWN,true,"0	""Pravastatin 20mg tablets (Alliance Healthcare (Distribution) Ltd)""	""Pravastatin""	""20mg""	""Oral tablet""	""Oral""	""Statins""	""Pravastatin""",
"""78147""",UNKNOWN,true,"0	""Pravastatin 10mg tablets (PLIVA Pharma Ltd)""	""Pravastatin""	""10mg""	""Oral tablet""	""Oral""	""Statins""	""Pravastatin""",
"""64810""",UNKNOWN,true,"0	""Atorvastatin 40mg tablets (Phoenix Healthcare Distribution Ltd)""	""Atorvastatin""	""40mg""	""Oral tablet""	""Oral""	""Statins""	""Atorvastatin""",
"""42801""",UNKNOWN,true,"31	""Bezafibrate xl 400mg Modified-release tablet (Generics (UK) Ltd)""	""Bezafibrate""	""400mg""	""Modified-release tablet""	""Oral""	""Fibrates""	""Bezafibrate""",
"""75134""",UNKNOWN,true,"144	""Simvastatin 80mg tablets (Viatris UK Healthcare Ltd)""	""Simvastatin""	""80mg""	""Oral tablet""	""Oral""	""Statins""	""Simvastatin""",
"""52814""",UNKNOWN,true,"2	""Bezafibrate 400mg modified-release tablets (Alliance Healthcare (Distribution) Ltd)""	""Bezafibrate""	""400mg""	""Modified-release tablet""	""Oral""	""Fibrates""	""Bezafibrate""",
"""91685""",UNKNOWN,true,"0	""Atorvastatin 10mg tablets (Sandoz Ltd)""	""Atorvastatin""	""10mg""	""Oral tablet""	""Oral""	""Statins""	""Atorvastatin""",
"""29213""",UNKNOWN,true,"16	""Bezagen XL 400mg tablets (Viatris UK Healthcare Ltd)""	""Bezafibrate""	""400mg""	""Modified-release tablet""	""Oral""	""Fibrates""	""Bezafibrate""",
"""55207""",UNKNOWN,true,"23	""Lipobay 200microgram tablets (Bayer Plc)""	""Cerivastatin""	""200microgram""	""Oral tablet""	""Oral""	""Unknown""	""Cerivastatin""",
"""84907""",UNKNOWN,true,"7894	""Rosuvastatin 10mg capsules""	""Rosuvastatin""	""10mg""	""Oral capsule""	""Oral""	""Statins""	""Rosuvastatin""",
"""57117""",UNKNOWN,true,"0	""Atorvastatin 80mg tablets (Waymade Healthcare Plc)""	""Atorvastatin""	""80mg""	""Oral tablet""	""Oral""	""Statins""	""Atorvastatin""",
"""52398""",UNKNOWN,true,"0	""Atorvastatin 40mg tablets (A A H Pharmaceuticals Ltd)""	""Atorvastatin""	""40mg""	""Oral tablet""	""Oral""	""Statins""	""Atorvastatin""",
"""34535""",UNKNOWN,true,"37	""Simvastatin 10mg tablets (Viatris UK Healthcare Ltd)""	""Simvastatin""	""10mg""	""Oral tablet""	""Oral""	""Statins""	""Simvastatin""",
"""1212""",UNKNOWN,true,"18412	""Colestipol 5g granules for oral suspension sachets sugar free""	""Colestipol""	""5gram""	""Granules for oral suspension""	""Oral""	""Bile Acid Sequestrants - Lipid-Regulating Products""	""Colestipol""",
"""6120""",UNKNOWN,true,"130281	""Ezetrol 10mg tablets (Organon Pharma (UK) Ltd)""	""Ezetimibe""	""10mg""	""Oral tablet""	""Oral""	""Ezetimibe""	""Ezetimibe""",
"""87635""",UNKNOWN,true,"0	""Rosuvastatin 5mg capsules (Alliance Healthcare (Distribution) Ltd)""	""Rosuvastatin""	""5mg""	""Oral capsule""	""Oral""	""Statins""	""Rosuvastatin""",
"""69093""",UNKNOWN,true,"14	""Atorvastatin 80mg tablets (Wockhardt UK Ltd)""	""Atorvastatin""	""80mg""	""Oral tablet""	""Oral""	""Statins""	""Atorvastatin""",
"""32909""",UNKNOWN,true,"220	""Simvastatin 80mg tablets (A A H Pharmaceuticals Ltd)""	""Simvastatin""	""80mg""	""Oral tablet""	""Oral""	""Statins""	""Simvastatin""",
"""88557""",UNKNOWN,true,"0	""Atorvastatin 10mg tablets (Bristol Laboratories Ltd)""	""Atorvastatin""	""10mg""	""Oral tablet""	""Oral""	""Statins""	""Atorvastatin""",
"""46878""",UNKNOWN,true,"158	""Simvastatin 40mg tablets (Almus Pharmaceuticals Ltd)""	""Simvastatin""	""40mg""	""Oral tablet""	""Oral""	""Statins""	""Simvastatin""",
"""67829""",UNKNOWN,true,"0	""Pravastatin 20mg tablets (Sandoz Ltd)""	""Pravastatin""	""20mg""	""Oral tablet""	""Oral""	""Statins""	""Pravastatin""",
"""82516""",UNKNOWN,true,"65	""Lipostat 20mg tablets (Waymade Healthcare Plc)""	""Pravastatin""	""20mg""	""Oral tablet""	""Oral""	""Statins""	""Pravastatin""",
"""55727""",UNKNOWN,true,"106	""Atorvastatin 10mg tablets (Accord-UK Ltd)""	""Atorvastatin""	""10mg""	""Oral tablet""	""Oral""	""Statins""	""Atorvastatin""",
"""36060""",UNKNOWN,true,"5	""Vitamin a, c & d with 11 other vitamins & 17 minerals (combination no1) tablets""	""Nicotinic acid""	NA	""Tablets""	""Oral""	""-""	""Nicotinic acid""",
"""82406""",UNKNOWN,true,"0	""Fenofibrate micronised 160mg tablets (Alliance Healthcare (Distribution) Ltd)""	""Fenofibrate""	""160mg""	""Oral tablet""	""Oral""	""Fibrates""	""Fenofibrate""",
"""18126""",UNKNOWN,true,"3620	""Nicotinic acid 1g modified-release tablets""	""Nicotinic acid""	""1gram""	""Modified-release tablet""	""Oral""	""Unknown""	""Nicotinic acid""",
"""68048""",UNKNOWN,true,"0	""Atorvastatin 20mg tablets (Phoenix Healthcare Distribution Ltd)""	""Atorvastatin""	""20mg""	""Oral tablet""	""Oral""	""Statins""	""Atorvastatin""",
"""34502""",UNKNOWN,true,"245	""Simvastatin 40mg tablets (A A H Pharmaceuticals Ltd)""	""Simvastatin""	""40mg""	""Oral tablet""	""Oral""	""Statins""	""Simvastatin""",
"""62137""",UNKNOWN,true,"0	""Simvastatin 40mg tablets (Waymade Healthcare Plc)""	""Simvastatin""	""40mg""	""Oral tablet""	""Oral""	""Statins""	""Simvastatin""",
"""53340""",UNKNOWN,true,"0	""Zocor 40mg tablets (Lexon (UK) Ltd)""	""Simvastatin""	""40mg""	""Oral tablet""	""Oral""	""Statins""	""Simvastatin""",
"""77357""",UNKNOWN,true,"746	""Zocor 20mg tablets (Waymade Healthcare Plc)""	""Simvastatin""	""20mg""	""Oral tablet""	""Oral""	""Statins""	""Simvastatin""",
"""50670""",UNKNOWN,true,"17	""Simvastatin 40mg tablets (Milpharm Ltd)""	""Simvastatin""	""40mg""	""Oral tablet""	""Oral""	""Statins""	""Simvastatin""",
"""15209""",UNKNOWN,true,"149	""Crampex tablets (Thornton & Ross Ltd)""	""Nicotinic acid""	""200mg + 20microgram + 20mg""	""Oral tablet""	""Oral""	""Other Muscle Relaxants""	""Nicotinic acid""",
"""77470""",UNKNOWN,true,"97	""Zocor 10mg tablets (Necessity Supplies Ltd)""	""Simvastatin""	""10mg""	""Oral tablet""	""Oral""	""Statins""	""Simvastatin""",
"""19938""",UNKNOWN,true,"240	""Colestipol with aspartame granules""	""Colestipol""	NA	""Granules""	""Oral""	""Bile Acid Sequestrants - Lipid-Regulating Products""	""Colestipol""",
"""67745""",UNKNOWN,true,"0	""Simvastatin 10mg tablets (Zentiva Pharma UK Ltd)""	""Simvastatin""	""10mg""	""Oral tablet""	""Oral""	""Statins""	""Simvastatin""",
"""54985""",UNKNOWN,true,"60	""Simvastatin 40mg/5ml oral suspension""	""Simvastatin""	""8mg/1ml""	""Oral suspension""	""Oral""	""Statins""	""Simvastatin""",
"""15252""",UNKNOWN,true,"18644	""Crestor 20mg tablets (AstraZeneca UK Ltd)""	""Rosuvastatin""	""20mg""	""Oral tablet""	""Oral""	""Statins""	""Rosuvastatin""",
"""91708""",UNKNOWN,true,"1	""Leqvio 284mg/1.5ml solution for injection pre-filled syringes (Novartis Pharmaceuticals UK Ltd)""	""Inclisiran""	""189mg/1ml""	""Solution for injection""	""Subcutaneous""	""Other Lipid-Regulating Products""	""Inclisiran""",
"""7347""",UNKNOWN,true,"86896	""Crestor 10mg tablets (AstraZeneca UK Ltd)""	""Rosuvastatin""	""10mg""	""Oral tablet""	""Oral""	""Statins""	""Rosuvastatin""",
"""54240""",UNKNOWN,true,"54	""Simvastatin 40mg tablets (Sigma Pharmaceuticals Plc)""	""Simvastatin""	""40mg""	""Oral tablet""	""Oral""	""Statins""	""Simvastatin""",
"""71016""",UNKNOWN,true,"0	""Ciprofibrate 100mg tablets (DE Pharmaceuticals)""	""Ciprofibrate""	""100mg""	""Oral tablet""	""Oral""	""Fibrates""	""Ciprofibrate""",
"""58418""",UNKNOWN,true,"5	""Atorvastatin 80mg tablets (A A H Pharmaceuticals Ltd)""	""Atorvastatin""	""80mg""	""Oral tablet""	""Oral""	""Statins""	""Atorvastatin""",
"""90373""",UNKNOWN,true,"0	""Atorvastatin 80mg tablets (Brown & Burk UK Ltd)""	""Atorvastatin""	""80mg""	""Oral tablet""	""Oral""	""Statins""	""Atorvastatin""",
"""59776""",UNKNOWN,true,"184	""Atorvastatin 80mg tablets (Aspire Pharma Ltd)""	""Atorvastatin""	""80mg""	""Oral tablet""	""Oral""	""Statins""	""Atorvastatin""",
"""15940""",UNKNOWN,true,"23	""Folic acid with multivitamins and minerals Capsule""	""Nicotinic acid""	NA	""Capsule""	""Oral""	""-""	""Nicotinic acid""",
"""5251""",UNKNOWN,true,"18408	""Cerivastatin 300microgram tablets""	""Cerivastatin""	""300microgram""	""Oral tablet""	""Oral""	""Unknown""	""Cerivastatin""",
"""29328""",UNKNOWN,true,"23	""Bezafibrate 200mg tablets (A A H Pharmaceuticals Ltd)""	""Bezafibrate""	""200mg""	""Oral tablet""	""Oral""	""Fibrates""	""Bezafibrate""",
"""37266""",UNKNOWN,true,"68489	""Colesevelam 625mg tablets""	""Colesevelam""	""625mg""	""Oral tablet""	""Oral""	""Bile Acid Sequestrants""	""Colesevelam""",
"""85141""",UNKNOWN,true,"7	""Atorvastatin 10mg tablets (Kent Pharma (UK) Ltd)""	""Atorvastatin""	""10mg""	""Oral tablet""	""Oral""	""Statins""	""Atorvastatin""",
"""80312""",UNKNOWN,true,"0	""Rosuvastatin 10mg tablets (Accord-UK Ltd)""	""Rosuvastatin""	""10mg""	""Oral tablet""	""Oral""	""Statins""	""Rosuvastatin""",
"""73383""",UNKNOWN,true,"7	""Fluvastatin 40mg capsules (Actavis UK Ltd)""	""Fluvastatin""	""40mg""	""Oral capsule""	""Oral""	""Statins""	""Fluvastatin""",
"""7552""",UNKNOWN,true,"24424	""Simvastatin 20mg / Ezetimibe 10mg tablets""	""Ezetimibe/Simvastatin""	""10mg + 20mg""	""Oral tablet""	""Oral""	""Ezetimibe/Statins""	""Ezetimibe/Simvastatin""",
"""91942""",UNKNOWN,true,"0	""Atorvastatin 20mg/5ml oral suspension sugar free (Rosemont Pharmaceuticals Ltd)""	""Atorvastatin""	""4mg/1ml""	""Oral suspension""	""Oral""	""Statins""	""Atorvastatin""",
"""25018""",UNKNOWN,true,"0	""BEZAFIBRATE""	""Bezafibrate""	NA	NA	NA	""Unknown""	""Bezafibrate""",
"""89423""",UNKNOWN,true,"14	""Rosuvastatin 40mg tablets (Aristo Pharma Ltd)""	""Rosuvastatin""	""40mg""	""Oral tablet""	""Oral""	""Statins""	""Rosuvastatin""",
"""34560""",UNKNOWN,true,"302	""Simvastatin 10mg Tablet (Ratiopharm UK Ltd)""	""Simvastatin""	""10mg""	""Oral tablet""	""Oral""	""Statins""	""Simvastatin""",
"""72092""",UNKNOWN,true,"0	""Fenofibrate micronised 160mg tablets (Waymade Healthcare Plc)""	""Fenofibrate""	""160mg""	""Oral tablet""	""Oral""	""Fibrates""	""Fenofibrate""",
"""82512""",UNKNOWN,true,"48	""Niaspan 750mg modified-release tablets (Mawdsley-Brooks & Company Ltd)""	""Nicotinic acid/Niaspan""	""750mg""	""Modified-release tablet""	""Oral""	""Nicotinic Acid Group""	""Nicotinic acid/Niaspan""",
"""1214""",UNKNOWN,true,"204424	""Bezalip 400mg Tablet (Roche Products Ltd)""	""Bezafibrate""	""400mg""	""Modified-release tablet""	""Oral""	""Fibrates""	""Bezafibrate""",
"""46956""",UNKNOWN,true,"12	""Simvastatin 80mg tablets (Arrow Generics Ltd)""	""Simvastatin""	""80mg""	""Oral tablet""	""Oral""	""Statins""	""Simvastatin""",
"""51359""",UNKNOWN,true,"0	""Atorvastatin 20mg tablets (Arrow Generics Ltd)""	""Atorvastatin""	""20mg""	""Oral tablet""	""Oral""	""Statins""	""Atorvastatin""",
"""43259""",UNKNOWN,true,"1	""Vitamin a, c & d with 11 other vitamins & 1 mineral (combination no1) tabs""	""Nicotinic acid""	NA	""Tablets""	""Oral""	""-""	""Nicotinic acid""",
"""72164""",UNKNOWN,true,"0	""Atorvastatin 20mg tablets (Bristol Laboratories Ltd)""	""Atorvastatin""	""20mg""	""Oral tablet""	""Oral""	""Statins""	""Atorvastatin""",
"""84669""",UNKNOWN,true,"2	""Nicotinic acid 50mg Tablet (Approved Prescription Services Ltd)""	""Nicotinic acid""	""50mg""	""Oral tablet""	""Oral""	""Nicotinic Acid Group""	""Nicotinic acid""",
"""17614""",UNKNOWN,true,"505	""Zimbacol XL 400mg tablets (Archimedes Pharma UK Ltd)""	""Bezafibrate""	""400mg""	""Modified-release tablet""	""Oral""	""Fibrates""	""Bezafibrate""",
"""18442""",UNKNOWN,true,"1554	""Lipobay 400microgram Tablet (Bayer Plc)""	""Cerivastatin""	""400microgram""	""Oral tablet""	""Oral""	""Statins""	""Cerivastatin""",
"""64868""",UNKNOWN,true,"0	""Atorvastatin 40mg tablets (Sigma Pharmaceuticals Plc)""	""Atorvastatin""	""40mg""	""Oral tablet""	""Oral""	""Statins""	""Atorvastatin""",
"""11976""",UNKNOWN,true,"7220	""Niaspan 500mg modified-release tablets (Abbott Laboratories Ltd)""	""Nicotinic acid/Niaspan""	""500mg""	""Modified-release tablet""	""Oral""	""Nicotinic Acid Group""	""Nicotinic acid/Niaspan""",
"""59508""",UNKNOWN,true,"0	""Pravastatin 20mg tablets (Accord-UK Ltd)""	""Pravastatin""	""20mg""	""Oral tablet""	""Oral""	""Statins""	""Pravastatin""",
"""89079""",UNKNOWN,true,"0	""Rosuvastatin 5mg tablets (Accord-UK Ltd)""	""Rosuvastatin""	""5mg""	""Oral tablet""	""Oral""	""Statins""	""Rosuvastatin""",
"""34545""",UNKNOWN,true,"5560	""Simvastatin 40mg Tablet (Ratiopharm UK Ltd)""	""Simvastatin""	""40mg""	""Oral tablet""	""Oral""	""Statins""	""Simvastatin""",
"""59357""",UNKNOWN,true,"0	""Atorvastatin 10mg tablets (Sun Pharma UK Ltd)""	""Atorvastatin""	""10mg""	""Oral tablet""	""Oral""	""Statins""	""Atorvastatin""",
"""91045""",UNKNOWN,true,"0	""Atorvastatin 20mg tablets (Sandoz Ltd)""	""Atorvastatin""	""20mg""	""Oral tablet""	""Oral""	""Statins""	""Atorvastatin""",
"""85695""",UNKNOWN,true,"1	""Atorvastatin 20mg tablets (Dowelhurst Ltd)""	""Atorvastatin""	""20mg""	""Oral tablet""	""Oral""	""Statins""	""Atorvastatin""",
"""78284""",UNKNOWN,true,"90	""Praluent 150mg/1ml solution for injection pre-filled pens (Sanofi)""	""Alirocumab""	""150mg/1ml""	""Solution for injection""	""Subcutaneous""	""Other Lipid-Regulating Products""	""Alirocumab""",
"""48867""",UNKNOWN,true,"0	""Simvastatin 40mg tablets (Alliance Healthcare (Distribution) Ltd)""	""Simvastatin""	""40mg""	""Oral tablet""	""Oral""	""Statins""	""Simvastatin""",
"""57137""",UNKNOWN,true,"0	""Pravastatin 10mg tablets (Almus Pharmaceuticals Ltd)""	""Pravastatin""	""10mg""	""Oral tablet""	""Oral""	""Statins""	""Pravastatin""",
"""48097""",UNKNOWN,true,"260	""Pravastatin 40mg tablets (Teva UK Ltd)""	""Pravastatin""	""40mg""	""Oral tablet""	""Oral""	""Statins""	""Pravastatin""",
"""34481""",UNKNOWN,true,"111	""Simvastatin 10mg tablets (IVAX Pharmaceuticals UK Ltd)""	""Simvastatin""	""10mg""	""Oral tablet""	""Oral""	""Statins""	""Simvastatin""",
"""56564""",UNKNOWN,true,"6	""Atorvastatin 20mg tablets (Almus Pharmaceuticals Ltd)""	""Atorvastatin""	""20mg""	""Oral tablet""	""Oral""	""Statins""	""Atorvastatin""",
"""68785""",UNKNOWN,true,"0	""Atorvastatin 10mg tablets (Viatris UK Healthcare Ltd)""	""Atorvastatin""	""10mg""	""Oral tablet""	""Oral""	""Statins""	""Atorvastatin""",
"""83487""",UNKNOWN,true,"0	""Fluvastatin 40mg capsules (Viatris UK Healthcare Ltd)""	""Fluvastatin""	""40mg""	""Oral capsule""	""Oral""	""Statins""	""Fluvastatin""",
"""5564""",UNKNOWN,true,"5939	""Colestid Orange sachets (Pharmacia Ltd)""	""Colestipol""	NA	""Orange Sachets""	""Oral""	""Bile Acid Sequestrants - Lipid-Regulating Products""	""Colestipol""",
"""68467""",UNKNOWN,true,"0	""Atorvastatin 20mg tablets (Kent Pharma (UK) Ltd)""	""Atorvastatin""	""20mg""	""Oral tablet""	""Oral""	""Statins""	""Atorvastatin""",
"""71014""",UNKNOWN,true,"0	""Rosuvastatin 20mg tablets (Waymade Healthcare Plc)""	""Rosuvastatin""	""20mg""	""Oral tablet""	""Oral""	""Statins""	""Rosuvastatin""",
"""90610""",UNKNOWN,true,"2	""Pravastatin 20mg/5ml oral solution""	""Pravastatin""	""4mg/1ml""	""Oral solution""	""Oral""	""Statins""	""Pravastatin""",
"""34879""",UNKNOWN,true,"23	""Simvastatin 40mg Tablet (Niche Generics Ltd)""	""Simvastatin""	""40mg""	""Oral tablet""	""Oral""	""Statins""	""Simvastatin""",
"""56182""",UNKNOWN,true,"0	""Atorvastatin 80mg tablets (Zentiva Pharma UK Ltd)""	""Atorvastatin""	""80mg""	""Oral tablet""	""Oral""	""Statins""	""Atorvastatin""",
"""90285""",UNKNOWN,true,"171	""Simvastatin 40mg tablets (Sterwin Medicines)""	""Simvastatin""	""40mg""	""Oral tablet""	""Oral""	""Statins""	""Simvastatin""",
"""89460""",UNKNOWN,true,"151	""Ezetimibe 10mg tablets (Zentiva Pharma UK Ltd)""	""Ezetimibe""	""10mg""	""Oral tablet""	""Oral""	""Ezetimibe""	""Ezetimibe""",
"""73385""",UNKNOWN,true,"119	""Fenofibrate micronised 200mg capsules (Kent Pharma (UK) Ltd)""	""Fenofibrate""	""200mg""	""Oral capsule""	""Oral""	""Fibrates""	""Fenofibrate""",
"""82529""",UNKNOWN,true,"144	""Lipantil Micro 200 capsules (Sigma Pharmaceuticals Plc)""	""Fenofibrate""	""200mg""	""Oral capsule""	""Oral""	""Fibrates""	""Fenofibrate""",
"""9930""",UNKNOWN,true,"2660	""Crestor 40mg tablets (AstraZeneca UK Ltd)""	""Rosuvastatin""	""40mg""	""Oral tablet""	""Oral""	""Statins""	""Rosuvastatin""",
"""5278""",UNKNOWN,true,"27690	""Cerivastatin 400microgram tablets""	""Cerivastatin""	""400microgram""	""Oral tablet""	""Oral""	""Unknown""	""Cerivastatin""",
"""52168""",UNKNOWN,true,"59	""Atorvastatin 20mg tablets (Aspire Pharma Ltd)""	""Atorvastatin""	""20mg""	""Oral tablet""	""Oral""	""Statins""	""Atorvastatin""",
"""62219""",UNKNOWN,true,"1	""Atorvastatin 20mg tablets (DE Pharmaceuticals)""	""Atorvastatin""	""20mg""	""Oral tablet""	""Oral""	""Statins""	""Atorvastatin""",
"""68563""",UNKNOWN,true,"0	""Simvastatin 40mg tablets (Brown & Burk UK Ltd)""	""Simvastatin""	""40mg""	""Oral tablet""	""Oral""	""Statins""	""Simvastatin""",
"""29438""",UNKNOWN,true,"52	""SIMVASTATIN""	""Simvastatin""	NA	NA	NA	""Unknown""	""Simvastatin""",
"""88636""",UNKNOWN,true,"12	""Rosuvastatin 20mg tablets (Macleods Pharma UK Ltd)""	""Rosuvastatin""	""20mg""	""Oral tablet""	""Oral""	""Statins""	""Rosuvastatin""",
"""87294""",UNKNOWN,true,"0	""Atorvastatin 40mg tablets (Medihealth (Northern) Ltd)""	""Atorvastatin""	""40mg""	""Oral tablet""	""Oral""	""Statins""	""Atorvastatin""",
"""39420""",UNKNOWN,true,"125016	""Bezalip Mono 400mg modified-release tablets (Teva UK Ltd)""	""Bezafibrate""	""400mg""	""Modified-release tablet""	""Oral""	""Fibrates""	""Bezafibrate""",
"""9153""",UNKNOWN,true,"19251	""Lescol 40mg capsules (Novartis Pharmaceuticals UK Ltd)""	""Fluvastatin""	""40mg""	""Oral capsule""	""Oral""	""Statins""	""Fluvastatin""",
"""71793""",UNKNOWN,true,"666	""Alirocumab 150mg/1ml solution for injection pre-filled disposable devices""	""Alirocumab""	""150mg/1ml""	""Solution for injection""	""Subcutaneous""	""Other Lipid-Regulating Products""	""Alirocumab""",
"""77425""",UNKNOWN,true,"328	""Lescol 20mg capsules (Sigma Pharmaceuticals Plc)""	""Fluvastatin""	""20mg""	""Oral capsule""	""Oral""	""Statins""	""Fluvastatin""",
"""34955""",UNKNOWN,true,"87	""Simvastatin 10mg tablets (A A H Pharmaceuticals Ltd)""	""Simvastatin""	""10mg""	""Oral tablet""	""Oral""	""Statins""	""Simvastatin""",
"""59331""",UNKNOWN,true,"0	""Lipitor 10mg tablets (DE Pharmaceuticals)""	""Atorvastatin""	""10mg""	""Oral tablet""	""Oral""	""Statins""	""Atorvastatin""",
"""745""",UNKNOWN,true,"13338049	""Atorvastatin 40mg tablets""	""Atorvastatin""	""40mg""	""Oral tablet""	""Oral""	""Statins""	""Atorvastatin""",
"""40885""",UNKNOWN,true,"1730	""Nicotinic acid 1g / Laropiprant 20mg modified-release tablets""	""Nicotinic acid""	""1gram + 20mg""	""Modified-release tablet""	""Oral""	""Nicotinic Acid Group""	""Nicotinic acid""",
"""86038""",UNKNOWN,true,"0	""Ezetrol 10mg tablets (DE Pharmaceuticals)""	""Ezetimibe""	""10mg""	""Oral tablet""	""Oral""	""Ezetimibe""	""Ezetimibe""",
"""48018""",UNKNOWN,true,"0	""Simvastatin 20mg tablets (Arrow Generics Ltd)""	""Simvastatin""	""20mg""	""Oral tablet""	""Oral""	""Statins""	""Simvastatin""",
"""80127""",UNKNOWN,true,"0	""Pravastatin 20mg tablets (Mawdsley-Brooks & Company Ltd)""	""Pravastatin""	""20mg""	""Oral tablet""	""Oral""	""Statins""	""Pravastatin""",
"""67846""",UNKNOWN,true,"1	""Atorvastatin 10mg tablets (Almus Pharmaceuticals Ltd)""	""Atorvastatin""	""10mg""	""Oral tablet""	""Oral""	""Statins""	""Atorvastatin""",
"""70308""",UNKNOWN,true,"0	""Crestor 20mg tablets (Sigma Pharmaceuticals Plc)""	""Rosuvastatin""	""20mg""	""Oral tablet""	""Oral""	""Statins""	""Rosuvastatin""",
"""37953""",UNKNOWN,true,"9746	""Cholestagel 625mg tablets (Neon Healthcare Ltd)""	""Colesevelam""	""625mg""	""Oral tablet""	""Oral""	""Bile Acid Sequestrants""	""Colesevelam""",
"""83132""",UNKNOWN,true,"0	""Rosuvastatin 5mg tablets (Aristo Pharma Ltd)""	""Rosuvastatin""	""5mg""	""Oral tablet""	""Oral""	""Statins""	""Rosuvastatin""",
"""24009""",UNKNOWN,true,"138	""NICOTINIC ACID 500 MG TAB""	""Nicotinic acid""	NA	""Tablet""	""Oral""	""Unknown""	""Nicotinic acid""",
"""62148""",UNKNOWN,true,"0	""Fluvastatin 20mg capsules (Actavis UK Ltd)""	""Fluvastatin""	""20mg""	""Oral capsule""	""Oral""	""Statins""	""Fluvastatin""",
"""6155""",UNKNOWN,true,"188	""Colestyramine with aspartame 4g sugar free powder""	""Colestyramine""	""4g""	""Powder Sugar-Free""	""Oral""	""Bile Acid Sequestrants/Bile Acid Sequestrants - Lipid-Regulating Products""	""Colestyramine""",
"""51134""",UNKNOWN,true,"7	""Atorvastatin 10mg tablets (A A H Pharmaceuticals Ltd)""	""Atorvastatin""	""10mg""	""Oral tablet""	""Oral""	""Statins""	""Atorvastatin""",
"""713""",UNKNOWN,true,"2653130	""Rosuvastatin 10mg tablets""	""Rosuvastatin""	""10mg""	""Oral tablet""	""Oral""	""Statins""	""Rosuvastatin""",
"""67883""",UNKNOWN,true,"1	""Lomitapide 5mg capsules""	""Lomitapide""	""5mg""	""Oral capsule""	""Oral""	""Other Lipid-Regulating Products""	""Lomitapide""",
"""61134""",UNKNOWN,true,"0	""Pravastatin 20mg tablets (Sigma Pharmaceuticals Plc)""	""Pravastatin""	""20mg""	""Oral tablet""	""Oral""	""Statins""	""Pravastatin""",
"""52098""",UNKNOWN,true,"0	""Simvastatin 40mg tablets (Sun Pharma UK Ltd)""	""Simvastatin""	""40mg""	""Oral tablet""	""Oral""	""Statins""	""Simvastatin""",
"""82514""",UNKNOWN,true,"57	""Niaspan 1g modified-release tablets (Mawdsley-Brooks & Company Ltd)""	""Nicotinic acid/Niaspan""	""1gram""	""Modified-release tablet""	""Oral""	""Nicotinic Acid Group""	""Nicotinic acid/Niaspan""",
"""4062""",UNKNOWN,true,"11154	""Lopid 600mg tablets (Pfizer Ltd)""	""Gemfibrozil""	""600mg""	""Oral tablet""	""Oral""	""Fibrates""	""Gemfibrozil""",
"""60788""",UNKNOWN,true,"0	""Fenofibrate micronised 267mg capsules (Zentiva Pharma UK Ltd)""	""Fenofibrate""	""267mg""	""Oral capsule""	""Oral""	""Fibrates""	""Fenofibrate""",
"""34969""",UNKNOWN,true,"1451	""Simvastatin 40mg tablets (Actavis UK Ltd)""	""Simvastatin""	""40mg""	""Oral tablet""	""Oral""	""Statins""	""Simvastatin""",
"""89515""",UNKNOWN,true,"186	""Gemfibrozil 600mg tablets (Tillomed Laboratories Ltd)""	""Gemfibrozil""	""600mg""	""Oral tablet""	""Oral""	""Fibrates""	""Gemfibrozil""",
"""42""",UNKNOWN,true,"7170938	""Simvastatin 10mg tablets""	""Simvastatin""	""10mg""	""Oral tablet""	""Oral""	""Statins""	""Simvastatin""",
"""89184""",UNKNOWN,true,"1	""Pravastatin 20mg/5ml oral suspension""	""Pravastatin""	""4mg/1ml""	""Oral suspension""	""Oral""	""Statins""	""Pravastatin""",
"""89332""",UNKNOWN,true,"0	""Lipitor 10mg tablets (Mawdsley-Brooks & Company Ltd)""	""Atorvastatin""	""10mg""	""Oral tablet""	""Oral""	""Statins""	""Atorvastatin""",
"""87561""",UNKNOWN,true,"0	""Atorvastatin 80mg tablets (Kent Pharma (UK) Ltd)""	""Atorvastatin""	""80mg""	""Oral tablet""	""Oral""	""Statins""	""Atorvastatin""",
"""14219""",UNKNOWN,true,"8795	""Simvastatin 80mg / Ezetimibe 10mg tablets""	""Ezetimibe/Simvastatin""	""80mg + 10mg""	""Oral tablet""	""Oral""	""Ezetimibe/Statins""	""Ezetimibe/Simvastatin""",
"""82329""",UNKNOWN,true,"0	""Fluvastatin 20mg capsules (Sandoz Ltd)""	""Fluvastatin""	""20mg""	""Oral capsule""	""Oral""	""Statins""	""Fluvastatin""",
"""6168""",UNKNOWN,true,"26850	""Zocor 40mg tablets (Organon Pharma (UK) Ltd)""	""Simvastatin""	""40mg""	""Oral tablet""	""Oral""	""Statins""	""Simvastatin""",
"""8834""",UNKNOWN,true,"1586	""Lurselle 250mg Tablet (Hoechst Marion Roussel)""	""Probucol""	""250mg""	""Tablet""	""Oral""	""Other Lipid-Regulating Products""	""Probucol""",
"""41657""",UNKNOWN,true,"237	""Simvastatin 80mg tablets (Teva UK Ltd)""	""Simvastatin""	""80mg""	""Oral tablet""	""Oral""	""Statins""	""Simvastatin""",
"""79242""",UNKNOWN,true,"0	""Fenofibrate micronised 67mg capsules (A A H Pharmaceuticals Ltd)""	""Fenofibrate""	""67mg""	""Oral capsule""	""Oral""	""Fibrates""	""Fenofibrate""",
"""73491""",UNKNOWN,true,"148	""Fenofibrate micronised 267mg capsules (A A H Pharmaceuticals Ltd)""	""Fenofibrate""	""267mg""	""Oral capsule""	""Oral""	""Fibrates""	""Fenofibrate""",
"""34746""",UNKNOWN,true,"59	""Simvastatin 20mg Tablet (Niche Generics Ltd)""	""Simvastatin""	""20mg""	""Oral tablet""	""Oral""	""Statins""	""Simvastatin""",
"""60251""",UNKNOWN,true,"6	""Pravastatin 10mg tablets (Sandoz Ltd)""	""Pravastatin""	""10mg""	""Oral tablet""	""Oral""	""Statins""	""Pravastatin""",
"""40729""",UNKNOWN,true,"3621	""Tredaptive 1000mg/20mg modified-release tablets (Organon Pharma (UK) Ltd)""	""Nicotinic acid""	""1gram + 20mg""	""Modified-release tablet""	""Oral""	""Nicotinic Acid Group""	""Nicotinic acid""",
"""34277""",UNKNOWN,true,"107	""Gemfibrozil 600mg tablets (Teva UK Ltd)""	""Gemfibrozil""	""600mg""	""Oral tablet""	""Oral""	""Fibrates""	""Gemfibrozil""",
"""13041""",UNKNOWN,true,"77181	""Simvador 10mg tablets (Dexcel-Pharma Ltd)""	""Simvastatin""	""10mg""	""Oral tablet""	""Oral""	""Statins""	""Simvastatin""",
"""55034""",UNKNOWN,true,"177	""Atorvastatin 40mg/5ml oral suspension""	""Atorvastatin""	""8mg/1ml""	""Oral suspension""	""Oral""	""Statins""	""Atorvastatin""",
"""51200""",UNKNOWN,true,"0	""Atorvastatin 40mg tablets (Arrow Generics Ltd)""	""Atorvastatin""	""40mg""	""Oral tablet""	""Oral""	""Statins""	""Atorvastatin""",
"""88477""",UNKNOWN,true,"0	""Fenofibrate micronised 267mg capsules (Medihealth (Northern) Ltd)""	""Fenofibrate""	""267mg""	""Oral capsule""	""Oral""	""Fibrates""	""Fenofibrate""",
"""3318""",UNKNOWN,true,"32385	""Gemfibrozil 300mg capsules""	""Gemfibrozil""	""300mg""	""Oral capsule""	""Oral""	""Fibrates""	""Gemfibrozil""",
"""75""",UNKNOWN,true,"17532559	""Atorvastatin 20mg tablets""	""Atorvastatin""	""20mg""	""Oral tablet""	""Oral""	""Statins""	""Atorvastatin""",
"""67329""",UNKNOWN,true,"36	""Lipantil Micro 267 capsules (DE Pharmaceuticals)""	""Fenofibrate""	""267mg""	""Oral capsule""	""Oral""	""Fibrates""	""Fenofibrate""",
"""54947""",UNKNOWN,true,"9	""Simvastatin 20mg tablets (Almus Pharmaceuticals Ltd)""	""Simvastatin""	""20mg""	""Oral tablet""	""Oral""	""Statins""	""Simvastatin""",
"""40601""",UNKNOWN,true,"60	""Simvastatin 20mg tablets (Sun Pharma UK Ltd)""	""Simvastatin""	""20mg""	""Oral tablet""	""Oral""	""Statins""	""Simvastatin""",
"""76120""",UNKNOWN,true,"45	""Rosuvastatin 10mg tablets (Teva UK Ltd)""	""Rosuvastatin""	""10mg""	""Oral tablet""	""Oral""	""Statins""	""Rosuvastatin""",
"""47774""",UNKNOWN,true,"1	""Simvastatin 10mg tablets (Arrow Generics Ltd)""	""Simvastatin""	""10mg""	""Oral tablet""	""Oral""	""Statins""	""Simvastatin""",
"""86312""",UNKNOWN,true,"0	""Fenofibrate micronised 67mg capsules (Teva UK Ltd)""	""Fenofibrate""	""67mg""	""Oral capsule""	""Oral""	""Fibrates""	""Fenofibrate""",
"""64307""",UNKNOWN,true,"86	""Simvastatin 40mg tablets (Crescent Pharma Ltd)""	""Simvastatin""	""40mg""	""Oral tablet""	""Oral""	""Statins""	""Simvastatin""",
"""74552""",UNKNOWN,true,"0	""Rosuvastatin 10mg tablets (Milpharm Ltd)""	""Rosuvastatin""	""10mg""	""Oral tablet""	""Oral""	""Statins""	""Rosuvastatin""",
"""56494""",UNKNOWN,true,"570	""Zocor 20mg tablets (Sigma Pharmaceuticals Plc)""	""Simvastatin""	""20mg""	""Oral tablet""	""Oral""	""Statins""	""Simvastatin""",
"""57834""",UNKNOWN,true,"0	""Atorvastatin 40mg tablets (DE Pharmaceuticals)""	""Atorvastatin""	""40mg""	""Oral tablet""	""Oral""	""Statins""	""Atorvastatin""",
"""70397""",UNKNOWN,true,"20	""Repatha 140mg/1ml solution for injection pre-filled syringes (Amgen Ltd)""	""Evolocumab""	""140mg/1ml""	""Solution for injection""	""Subcutaneous""	""Other Lipid-Regulating Products""	""Evolocumab""",
"""53772""",UNKNOWN,true,"0	""Atorvastatin 80mg tablets (Alliance Healthcare (Distribution) Ltd)""	""Atorvastatin""	""80mg""	""Oral tablet""	""Oral""	""Statins""	""Atorvastatin""",
"""61360""",UNKNOWN,true,"4	""Simvastatin 10mg tablets (Almus Pharmaceuticals Ltd)""	""Simvastatin""	""10mg""	""Oral tablet""	""Oral""	""Statins""	""Simvastatin""",
"""3159""",UNKNOWN,true,"32835	""Fenofibrate 200mg capsules""	""Fenofibrate""	""200mg""	""Oral capsule""	""Oral""	""Fibrates""	""Fenofibrate""",
"""74825""",UNKNOWN,true,"331	""Lipantil Micro 200 capsules (Waymade Healthcare Plc)""	""Fenofibrate""	""200mg""	""Oral capsule""	""Oral""	""Fibrates""	""Fenofibrate""",
"""90990""",UNKNOWN,true,"0	""Atorvastatin 80mg tablets (Medreich Plc)""	""Atorvastatin""	""80mg""	""Oral tablet""	""Oral""	""Statins""	""Atorvastatin""",
"""76167""",UNKNOWN,true,"22	""Lipantil Micro 200 capsules (DE Pharmaceuticals)""	""Fenofibrate""	""200mg""	""Oral capsule""	""Oral""	""Fibrates""	""Fenofibrate""",
"""10206""",UNKNOWN,true,"3927	""Simvastatin 80mg with ezetimibe 10mg tablet""	""Ezetimibe/Simvastatin""	""80mg + 10mg""	""Tablets""	""Oral""	""Ezetimibe/Statins""	""Ezetimibe/Simvastatin""",
"""48518""",UNKNOWN,true,"10	""Atorvastatin 10mg/5ml oral solution""	""Atorvastatin""	""2mg/1ml""	""Oral solution""	""Oral""	""Statins""	""Atorvastatin""",
"""83810""",UNKNOWN,true,"30	""Colestyramine 4g/sachet Sachets (Genus Pharmaceuticals Ltd)""	""Colestyramine""	""4gram""	""Powder for oral suspension""	""Oral""	""Bile Acid Sequestrants/Bile Acid Sequestrants - Lipid-Regulating Products""	""Colestyramine""",
"""91236""",UNKNOWN,true,"3	""Pravastatin 10mg tablets (DE Pharmaceuticals)""	""Pravastatin""	""10mg""	""Oral tablet""	""Oral""	""Statins""	""Pravastatin""",
"""2435""",UNKNOWN,true,"9709	""Lipantil 100mg Capsule (Fournier Pharmaceuticals Ltd)""	""Fenofibrate""	""100mg""	""Capsule""	""Oral""	""Fibrates""	""Fenofibrate""",
"""80263""",UNKNOWN,true,"0	""Rosuvastatin 5mg tablets (Viatris UK Healthcare Ltd)""	""Rosuvastatin""	""5mg""	""Oral tablet""	""Oral""	""Statins""	""Rosuvastatin""",
"""61321""",UNKNOWN,true,"98	""Simvastatin 10mg tablets (Sandoz Ltd)""	""Simvastatin""	""10mg""	""Oral tablet""	""Oral""	""Statins""	""Simvastatin""",
"""90388""",UNKNOWN,true,"0	""Atorvastatin 20mg tablets (Amarox Ltd)""	""Atorvastatin""	""20mg""	""Oral tablet""	""Oral""	""Statins""	""Atorvastatin""",
"""84662""",UNKNOWN,true,"9	""Simvastatin 80mg tablets (IVAX Pharmaceuticals UK Ltd)""	""Simvastatin""	""80mg""	""Oral tablet""	""Oral""	""Statins""	""Simvastatin""",
"""53966""",UNKNOWN,true,"28	""Simvastatin 40mg tablets (Phoenix Healthcare Distribution Ltd)""	""Simvastatin""	""40mg""	""Oral tablet""	""Oral""	""Statins""	""Simvastatin""",
"""55912""",UNKNOWN,true,"0	""Pravastatin 40mg tablets (Alliance Healthcare (Distribution) Ltd)""	""Pravastatin""	""40mg""	""Oral tablet""	""Oral""	""Statins""	""Pravastatin""",
"""5216""",UNKNOWN,true,"130413	""Bezalip mono 400mg Modified-release tablet (Roche Products Ltd)""	""Bezafibrate""	""400mg""	""Modified-release tablet""	""Oral""	""Fibrates""	""Bezafibrate""",
"""48221""",UNKNOWN,true,"5723	""Simvastatin 20mg/5ml oral suspension sugar free""	""Simvastatin""	""4mg/1ml""	""Oral suspension""	""Oral""	""Statins""	""Simvastatin""",
"""17688""",UNKNOWN,true,"17845	""Crestor 5mg tablets (AstraZeneca UK Ltd)""	""Rosuvastatin""	""5mg""	""Oral tablet""	""Oral""	""Statins""	""Rosuvastatin""",
"""53887""",UNKNOWN,true,"9	""Atorvastatin 40mg tablets (Accord-UK Ltd)""	""Atorvastatin""	""40mg""	""Oral tablet""	""Oral""	""Statins""	""Atorvastatin""",
"""65572""",UNKNOWN,true,"0	""Fenofibrate micronised 160mg tablets (Genus Pharmaceuticals Ltd)""	""Fenofibrate""	""160mg""	""Oral tablet""	""Oral""	""Fibrates""	""Fenofibrate""",
"""730""",UNKNOWN,true,"1869908	""Pravastatin 20mg tablets""	""Pravastatin""	""20mg""	""Oral tablet""	""Oral""	""Statins""	""Pravastatin""",
"""67660""",UNKNOWN,true,"0	""Atorvastatin 80mg tablets (Sun Pharma UK Ltd)""	""Atorvastatin""	""80mg""	""Oral tablet""	""Oral""	""Statins""	""Atorvastatin""",
"""2718""",UNKNOWN,true,"205252	""Zocor 10mg tablets (Organon Pharma (UK) Ltd)""	""Simvastatin""	""10mg""	""Oral tablet""	""Oral""	""Statins""	""Simvastatin""",
"""40382""",UNKNOWN,true,"41	""Pravastatin 20mg tablets (A A H Pharmaceuticals Ltd)""	""Pravastatin""	""20mg""	""Oral tablet""	""Oral""	""Statins""	""Pravastatin""",
"""72213""",UNKNOWN,true,"0	""Atorvastatin 20mg tablets (Wockhardt UK Ltd)""	""Atorvastatin""	""20mg""	""Oral tablet""	""Oral""	""Statins""	""Atorvastatin""",
"""63737""",UNKNOWN,true,"0	""Fenofibrate micronised 267mg capsules (Sigma Pharmaceuticals Plc)""	""Fenofibrate""	""267mg""	""Oral capsule""	""Oral""	""Fibrates""	""Fenofibrate""",
"""69413""",UNKNOWN,true,"0	""Simvastatin 20mg tablets (Brown & Burk UK Ltd)""	""Simvastatin""	""20mg""	""Oral tablet""	""Oral""	""Statins""	""Simvastatin""",
"""66425""",UNKNOWN,true,"34	""Bezafibrate 400mg modified-release tablets (A A H Pharmaceuticals Ltd)""	""Bezafibrate""	""400mg""	""Modified-release tablet""	""Oral""	""Fibrates""	""Bezafibrate""",
"""39870""",UNKNOWN,true,"1016	""Simvador 80mg tablets (Dexcel-Pharma Ltd)""	""Simvastatin""	""80mg""	""Oral tablet""	""Oral""	""Statins""	""Simvastatin""",
"""51622""",UNKNOWN,true,"29	""Atorvastatin 20mg tablets (Krka UK Ltd)""	""Atorvastatin""	""20mg""	""Oral tablet""	""Oral""	""Statins""	""Atorvastatin""",
"""59452""",UNKNOWN,true,"0	""Rosuvastatin 5mg tablets (Waymade Healthcare Plc)""	""Rosuvastatin""	""5mg""	""Oral tablet""	""Oral""	""Statins""	""Rosuvastatin""",
"""58041""",UNKNOWN,true,"234	""Atorvastatin 20mg tablets (Teva UK Ltd)""	""Atorvastatin""	""20mg""	""Oral tablet""	""Oral""	""Statins""	""Atorvastatin""",
"""70486""",UNKNOWN,true,"1	""Cholib 145mg/40mg tablets (Viatris UK Healthcare Ltd)""	""Fenofibrate/Simvastatin""	""40mg + 145mg""	""Oral tablet""	""Oral""	""Fibrates/Statins""	""Fenofibrate/Simvastatin""",
"""53823""",UNKNOWN,true,"13	""Solgar Niacin 500mg capsules (Solgar Vitamin and Herb)""	""Nicotinic acid""	""500mg""	""Oral capsule""	""Oral""	""Vitamin B Group""	""Nicotinic acid""",
"""59446""",UNKNOWN,true,"0	""Atorvastatin 40mg tablets (Almus Pharmaceuticals Ltd)""	""Atorvastatin""	""40mg""	""Oral tablet""	""Oral""	""Statins""	""Atorvastatin""",
"""53908""",UNKNOWN,true,"9	""Simvastatin 10mg tablets (Dexcel-Pharma Ltd)""	""Simvastatin""	""10mg""	""Oral tablet""	""Oral""	""Statins""	""Simvastatin""",
"""18081""",UNKNOWN,true,"2395	""Colestid Orange 5g granules sachets (Pfizer Ltd)""	""Colestipol""	""5gram""	""Granules for oral suspension""	""Oral""	""Bile Acid Sequestrants - Lipid-Regulating Products""	""Colestipol""",
"""12211""",UNKNOWN,true,"7655	""Nicotinic acid 50mg tablets""	""Nicotinic acid""	""50mg""	""Oral tablet""	""Oral""	""Nicotinic Acid Group""	""Nicotinic acid""",
"""91299""",UNKNOWN,true,"0	""Rosuvastatin 5mg capsules (Sun Pharma UK Ltd)""	""Rosuvastatin""	""5mg""	""Oral capsule""	""Oral""	""Statins""	""Rosuvastatin""",
"""45219""",UNKNOWN,true,"18	""Simvastatin 40mg tablets (Kent Pharma (UK) Ltd)""	""Simvastatin""	""40mg""	""Oral tablet""	""Oral""	""Statins""	""Simvastatin""",
"""84533""",UNKNOWN,true,"54	""Atorvastatin 40mg tablets (Sigma Pharmaceuticals Plc)""	""Atorvastatin""	""40mg""	""Oral tablet""	""Oral""	""Statins""	""Atorvastatin""",
"""51483""",UNKNOWN,true,"0	""Simvastatin 20mg tablets (Milpharm Ltd)""	""Simvastatin""	""20mg""	""Oral tablet""	""Oral""	""Statins""	""Simvastatin""",
"""50754""",UNKNOWN,true,"54	""Simvastatin 20mg tablets (Medreich Plc)""	""Simvastatin""	""20mg""	""Oral tablet""	""Oral""	""Statins""	""Simvastatin""",
"""54655""",UNKNOWN,true,"0	""Simvastatin 10mg tablets (Accord-UK Ltd)""	""Simvastatin""	""10mg""	""Oral tablet""	""Oral""	""Statins""	""Simvastatin""",
"""47988""",UNKNOWN,true,"0	""Pravastatin 40mg tablets (Viatris UK Healthcare Ltd)""	""Pravastatin""	""40mg""	""Oral tablet""	""Oral""	""Statins""	""Pravastatin""",
"""62476""",UNKNOWN,true,"10	""Atorvastatin 80mg tablets (Almus Pharmaceuticals Ltd)""	""Atorvastatin""	""80mg""	""Oral tablet""	""Oral""	""Statins""	""Atorvastatin""",
"""50483""",UNKNOWN,true,"0	""Simvastatin 40mg tablets (Relonchem Ltd)""	""Simvastatin""	""40mg""	""Oral tablet""	""Oral""	""Statins""	""Simvastatin""",
"""58315""",UNKNOWN,true,"0	""Simvastatin 20mg tablets (Waymade Healthcare Plc)""	""Simvastatin""	""20mg""	""Oral tablet""	""Oral""	""Statins""	""Simvastatin""",
"""83625""",UNKNOWN,true,"721	""Nilemdo 180mg tablets (Daiichi Sankyo UK Ltd)""	""Bempedoic acid""	""180mg""	""Oral tablet""	""Oral""	""Other Lipid-Regulating Products""	""Bempedoic acid""",
"""88172""",UNKNOWN,true,"2	""Colesevelam 625mg tablets (A A H Pharmaceuticals Ltd)""	""Colesevelam""	""625mg""	""Oral tablet""	""Oral""	""Bile Acid Sequestrants""	""Colesevelam""",
"""65679""",UNKNOWN,true,"141	""Simvastatin 20mg tablets (DE Pharmaceuticals)""	""Simvastatin""	""20mg""	""Oral tablet""	""Oral""	""Statins""	""Simvastatin""",
"""58834""",UNKNOWN,true,"32	""Atorvastatin 10mg tablets (DE Pharmaceuticals)""	""Atorvastatin""	""10mg""	""Oral tablet""	""Oral""	""Statins""	""Atorvastatin""",
"""88777""",UNKNOWN,true,"1	""Rosuvastatin 20mg capsules (A A H Pharmaceuticals Ltd)""	""Rosuvastatin""	""20mg""	""Oral capsule""	""Oral""	""Statins""	""Rosuvastatin""",
"""21020""",UNKNOWN,true,"9922	""Inegy 10mg/20mg tablets (Organon Pharma (UK) Ltd)""	""Ezetimibe/Simvastatin""	""10mg + 20mg""	""Oral tablet""	""Oral""	""Ezetimibe/Statins""	""Ezetimibe/Simvastatin""",
"""61087""",UNKNOWN,true,"0	""Questran Light 4g oral powder sachets (Mawdsley-Brooks & Company Ltd)""	""Colestyramine""	""4gram""	""Powder for oral suspension""	""Oral""	""Bile Acid Sequestrants/Bile Acid Sequestrants - Lipid-Regulating Products""	""Colestyramine""",
"""77344""",UNKNOWN,true,"23	""Atorvastatin 80mg tablets (Viatris UK Healthcare Ltd)""	""Atorvastatin""	""80mg""	""Oral tablet""	""Oral""	""Statins""	""Atorvastatin""",
"""4920""",UNKNOWN,true,"331873	""Fenofibrate micronised 200mg capsules""	""Fenofibrate""	""200mg""	""Oral capsule""	""Oral""	""Fibrates""	""Fenofibrate""",
"""50236""",UNKNOWN,true,"0	""Atorvastatin 10mg tablets (Zentiva Pharma UK Ltd)""	""Atorvastatin""	""10mg""	""Oral tablet""	""Oral""	""Statins""	""Atorvastatin""",
"""52397""",UNKNOWN,true,"0	""Atorvastatin 40mg tablets (Dr Reddy's Laboratories (UK) Ltd)""	""Atorvastatin""	""40mg""	""Oral tablet""	""Oral""	""Statins""	""Atorvastatin""",
"""65901""",UNKNOWN,true,"0	""Simvastatin 40mg tablets (Zentiva Pharma UK Ltd)""	""Simvastatin""	""40mg""	""Oral tablet""	""Oral""	""Statins""	""Simvastatin""",
"""86375""",UNKNOWN,true,"0	""Simvastatin 10mg tablets (Medihealth (Northern) Ltd)""	""Simvastatin""	""10mg""	""Oral tablet""	""Oral""	""Statins""	""Simvastatin""",
"""56146""",UNKNOWN,true,"0	""Pravastatin 10mg tablets (Waymade Healthcare Plc)""	""Pravastatin""	""10mg""	""Oral tablet""	""Oral""	""Statins""	""Pravastatin""",
"""22579""",UNKNOWN,true,"1230	""Zocor 80mg tablets (Organon Pharma (UK) Ltd)""	""Simvastatin""	""80mg""	""Oral tablet""	""Oral""	""Statins""	""Simvastatin""",
"""87821""",UNKNOWN,true,"545	""Vazkepa 998mg capsules (Amarin Pharmaceuticals Ireland Ltd)""	""Icosapent""	""998mg""	""Oral capsule""	""Oral""	""Other Lipid-Regulating Products""	""Icosapent""",
"""57219""",UNKNOWN,true,"29	""Fenofibrate micronised 200mg capsules (Sandoz Ltd)""	""Fenofibrate""	""200mg""	""Oral capsule""	""Oral""	""Fibrates""	""Fenofibrate""",
"""58742""",UNKNOWN,true,"0	""Atorvastatin 80mg tablets (Arrow Generics Ltd)""	""Atorvastatin""	""80mg""	""Oral tablet""	""Oral""	""Statins""	""Atorvastatin""",
"""83497""",UNKNOWN,true,"48	""Generic Berocca effervescent tablets sugar free""	""Nicotinic acid""	""476mg + 8.6microgram + 130microgram + 10.4mg + 13.6mg + 45.3mg + 7.1mg + 22.7mg + 366microgram + 95mg + 95mg + 9mg""	""Effervescent tablet""	""Oral""	""Nutritional Supplements""	""Nicotinic acid""",
"""53813""",UNKNOWN,true,"150	""Lipobay 100microgram tablets (Bayer Plc)""	""Cerivastatin""	""100microgram""	""Oral tablet""	""Oral""	""Unknown""	""Cerivastatin""",
"""48078""",UNKNOWN,true,"583	""Simvastatin 10mg tablets (Actavis UK Ltd)""	""Simvastatin""	""10mg""	""Oral tablet""	""Oral""	""Statins""	""Simvastatin""",
"""17824""",UNKNOWN,true,"267	""Nicotinic acid 25mg Tablet""	""Nicotinic acid""	""25mg""	""Tablet""	""Oral""	""Nicotinic Acid Group""	""Nicotinic acid""",
"""184""",UNKNOWN,true,"226542	""Bezafibrate 200mg tablets""	""Bezafibrate""	""200mg""	""Oral tablet""	""Oral""	""Fibrates""	""Bezafibrate""",
"""9639""",UNKNOWN,true,"351992	""Fenofibrate micronised 160mg tablets""	""Fenofibrate""	""160mg""	""Oral tablet""	""Oral""	""Fibrates""	""Fenofibrate""",
"""73520""",UNKNOWN,true,"1	""Lipitor 20mg tablets (DE Pharmaceuticals)""	""Atorvastatin""	""20mg""	""Oral tablet""	""Oral""	""Statins""	""Atorvastatin""",
"""84489""",UNKNOWN,true,"3993	""Nustendi 180mg/10mg tablets (Daiichi Sankyo UK Ltd)""	""Bempedoic acid/Ezetimibe""	""10mg + 180mg""	""Oral tablet""	""Oral""	""Other Lipid-Regulating Products""	""Bempedoic acid/Ezetimibe""",
"""44878""",UNKNOWN,true,"1	""Ranzolont 10mg tablets (Sun Pharma UK Ltd)""	""Simvastatin""	""10mg""	""Oral tablet""	""Oral""	""Statins""	""Simvastatin""",
"""34381""",UNKNOWN,true,"65	""Simvastatin 40mg tablets (IVAX Pharmaceuticals UK Ltd)""	""Simvastatin""	""40mg""	""Oral tablet""	""Oral""	""Statins""	""Simvastatin""",
"""74009""",UNKNOWN,true,"106	""Bezalip Mono 400mg modified-release tablets (Dowelhurst Ltd)""	""Bezafibrate""	""400mg""	""Modified-release tablet""	""Oral""	""Fibrates""	""Bezafibrate""",
"""82524""",UNKNOWN,true,"74	""Lescol 20mg capsules (Waymade Healthcare Plc)""	""Fluvastatin""	""20mg""	""Oral capsule""	""Oral""	""Statins""	""Fluvastatin""",
"""54535""",UNKNOWN,true,"17	""Atorvastatin 10mg tablets (Upjohn UK Ltd)""	""Atorvastatin""	""10mg""	""Oral tablet""	""Oral""	""Statins""	""Atorvastatin""",
"""51676""",UNKNOWN,true,"1	""Pravastatin 40mg tablets (Medreich Plc)""	""Pravastatin""	""40mg""	""Oral tablet""	""Oral""	""Statins""	""Pravastatin""",
"""73025""",UNKNOWN,true,"0	""Rosuvastatin 20mg tablets (Viatris UK Healthcare Ltd)""	""Rosuvastatin""	""20mg""	""Oral tablet""	""Oral""	""Statins""	""Rosuvastatin""",
"""72048""",UNKNOWN,true,"0	""Pravastatin 40mg tablets (Actavis UK Ltd)""	""Pravastatin""	""40mg""	""Oral tablet""	""Oral""	""Statins""	""Pravastatin""",
"""21296""",UNKNOWN,true,"185	""Ascorbic acid with Calcium with Vitamin B complex effervescent tablets""	""Nicotinic acid""	NA	""Effervescent Tablet""	""Oral""	""Calcium Supplements/Vitamin B Group""	""Nicotinic acid""",
"""61149""",UNKNOWN,true,"0	""Atorvastatin 10mg tablets (Waymade Healthcare Plc)""	""Atorvastatin""	""10mg""	""Oral tablet""	""Oral""	""Statins""	""Atorvastatin""",
"""6213""",UNKNOWN,true,"1157421	""Rosuvastatin 20mg tablets""	""Rosuvastatin""	""20mg""	""Oral tablet""	""Oral""	""Statins""	""Rosuvastatin""",
"""77427""",UNKNOWN,true,"390	""Lipitor 10mg tablets (Waymade Healthcare Plc)""	""Atorvastatin""	""10mg""	""Oral tablet""	""Oral""	""Statins""	""Atorvastatin""",
"""9716""",UNKNOWN,true,"52137	""Supralip 160mg tablets (Viatris UK Healthcare Ltd)""	""Fenofibrate""	""160mg""	""Oral tablet""	""Oral""	""Fibrates""	""Fenofibrate""",
"""63469""",UNKNOWN,true,"0	""Atorvastatin 30mg tablets (Krka UK Ltd)""	""Atorvastatin""	""30mg""	""Oral tablet""	""Oral""	""Statins""	""Atorvastatin""",
"""28""",UNKNOWN,true,"12353890	""Atorvastatin 10mg tablets""	""Atorvastatin""	""10mg""	""Oral tablet""	""Oral""	""Statins""	""Atorvastatin""",
"""31930""",UNKNOWN,true,"299	""Zocor heart-pro 10mg Tablet (McNeil Products Ltd)""	""Simvastatin""	""10mg""	""Oral tablet""	""Oral""	""Statins""	""Simvastatin""",
"""87831""",UNKNOWN,true,"0	""Atorvastatin 10mg tablets (Medical Valley Invest AB)""	""Atorvastatin""	""10mg""	""Oral tablet""	""Oral""	""Statins""	""Atorvastatin""",
"""45346""",UNKNOWN,true,"62	""Simvastatin 40mg tablets (Arrow Generics Ltd)""	""Simvastatin""	""40mg""	""Oral tablet""	""Oral""	""Statins""	""Simvastatin""",
"""78259""",UNKNOWN,true,"0	""Simvastatin 20mg/5ml oral suspension sugar free (Sigma Pharmaceuticals Plc)""	""Simvastatin""	""4mg/1ml""	""Oral suspension""	""Oral""	""Statins""	""Simvastatin""",
"""60342""",UNKNOWN,true,"1	""Berocca effervescent tablets tropical (Bayer Plc)""	""Nicotinic acid""	""476mg + 8.6microgram + 130microgram + 10.4mg + 13.6mg + 45.3mg + 7.1mg + 22.7mg + 366microgram + 95mg + 95mg + 9mg""	""Effervescent tablet""	""Oral""	""Nutritional Supplements""	""Nicotinic acid""",
"""84931""",UNKNOWN,true,"1695	""Rosuvastatin 40mg capsules""	""Rosuvastatin""	""40mg""	""Oral capsule""	""Oral""	""Statins""	""Rosuvastatin""",
"""72149""",UNKNOWN,true,"1	""Pravastatin 5mg/5ml oral suspension""	""Pravastatin""	""1mg/1ml""	""Oral suspension""	""Oral""	""Statins""	""Pravastatin""",
"""69427""",UNKNOWN,true,"0	""Atorvastatin 40mg tablets (Viatris UK Healthcare Ltd)""	""Atorvastatin""	""40mg""	""Oral tablet""	""Oral""	""Statins""	""Atorvastatin""",
"""82854""",UNKNOWN,true,"31	""Atorvastatin 40mg tablets (Milpharm Ltd)""	""Atorvastatin""	""40mg""	""Oral tablet""	""Oral""	""Statins""	""Atorvastatin""",
"""50925""",UNKNOWN,true,"0	""Pravastatin 10mg tablets (Sigma Pharmaceuticals Plc)""	""Pravastatin""	""10mg""	""Oral tablet""	""Oral""	""Statins""	""Pravastatin""",
"""77434""",UNKNOWN,true,"181	""Lipitor 20mg tablets (Waymade Healthcare Plc)""	""Atorvastatin""	""20mg""	""Oral tablet""	""Oral""	""Statins""	""Atorvastatin""",
"""39576""",UNKNOWN,true,"6534	""Bezalip 200mg tablets (Teva UK Ltd)""	""Bezafibrate""	""200mg""	""Oral tablet""	""Oral""	""Fibrates""	""Bezafibrate""",
"""53250""",UNKNOWN,true,"333	""Modalim 100mg tablets (Lexon (UK) Ltd)""	""Ciprofibrate""	""100mg""	""Oral tablet""	""Oral""	""Fibrates""	""Ciprofibrate""",
"""80168""",UNKNOWN,true,"1	""Colestid 1g tablets (Imported (Canada))""	""Colestipol""	""1gram""	""Oral tablet""	""Oral""	""Bile Acid Sequestrants - Lipid-Regulating Products""	""Colestipol""",
"""56893""",UNKNOWN,true,"0	""Pravastatin 40mg tablets (Accord-UK Ltd)""	""Pravastatin""	""40mg""	""Oral tablet""	""Oral""	""Statins""	""Pravastatin""",
"""5009""",UNKNOWN,true,"61739	""Cerivastatin 200microgram tablets""	""Cerivastatin""	""200microgram""	""Oral tablet""	""Oral""	""Unknown""	""Cerivastatin""",
"""82511""",UNKNOWN,true,"118	""Niaspan 500mg modified-release tablets (Mawdsley-Brooks & Company Ltd)""	""Nicotinic acid/Niaspan""	""500mg""	""Modified-release tablet""	""Oral""	""Nicotinic Acid Group""	""Nicotinic acid/Niaspan""",
"""56916""",UNKNOWN,true,"0	""Pravastatin 40mg tablets (PLIVA Pharma Ltd)""	""Pravastatin""	""40mg""	""Oral tablet""	""Oral""	""Statins""	""Pravastatin""",
"""46958""",UNKNOWN,true,"7	""Ascorbic acid with other vitamins tablets""	""Nicotinic acid""	NA	""Tablets""	""Oral""	""Multivitamin And Multimineral Preparations""	""Nicotinic acid""",
"""74518""",UNKNOWN,true,"0	""Atorvastatin 10mg tablets (Wockhardt UK Ltd)""	""Atorvastatin""	""10mg""	""Oral tablet""	""Oral""	""Statins""	""Atorvastatin""",
"""76481""",UNKNOWN,true,"0	""Simvastatin 80mg Tablet (Dexcel-Pharma Ltd)""	""Simvastatin""	""80mg""	""Oral tablet""	""Oral""	""Statins""	""Simvastatin""",
"""90131""",UNKNOWN,true,"15	""Rosuvastatin 5mg tablets (Krka UK Ltd)""	""Rosuvastatin""	""5mg""	""Oral tablet""	""Oral""	""Statins""	""Rosuvastatin""",
"""56097""",UNKNOWN,true,"6947	""Atorvastatin 10mg chewable tablets sugar free""	""Atorvastatin""	""10mg""	""Chewable tablet""	""Oral""	""Statins""	""Atorvastatin""",
"""90218""",UNKNOWN,true,"0	""Atorvastatin 20mg tablets (AAH Hillcross)""	""Atorvastatin""	""20mg""	""Oral tablet""	""Oral""	""Statins""	""Atorvastatin""",
"""75806""",UNKNOWN,true,"9	""Colestyramine 4g oral powder sachets sugar free (A A H Pharmaceuticals Ltd)""	""Colestyramine""	""4gram""	""Powder for oral suspension""	""Oral""	""Bile Acid Sequestrants/Bile Acid Sequestrants - Lipid-Regulating Products""	""Colestyramine""",
"""78285""",UNKNOWN,true,"48	""Praluent 75mg/1ml solution for injection pre-filled pens (Sanofi)""	""Alirocumab""	""75mg/1ml""	""Solution for injection""	""Subcutaneous""	""Other Lipid-Regulating Products""	""Alirocumab""",
"""57999""",UNKNOWN,true,"0	""Crestor 40mg tablets (Lexon (UK) Ltd)""	""Rosuvastatin""	""40mg""	""Oral tablet""	""Oral""	""Statins""	""Rosuvastatin""",
"""57397""",UNKNOWN,true,"13	""Pravastatin 10mg tablets (Accord-UK Ltd)""	""Pravastatin""	""10mg""	""Oral tablet""	""Oral""	""Statins""	""Pravastatin""",
"""86724""",UNKNOWN,true,"0	""Atorvastatin 10mg tablets (Milpharm Ltd)""	""Atorvastatin""	""10mg""	""Oral tablet""	""Oral""	""Statins""	""Atorvastatin""",
"""71015""",UNKNOWN,true,"0	""Pravastatin 10mg tablets (Medreich Plc)""	""Pravastatin""	""10mg""	""Oral tablet""	""Oral""	""Statins""	""Pravastatin""",
"""75971""",UNKNOWN,true,"24	""Rosuvastatin 10mg tablets (Sandoz Ltd)""	""Rosuvastatin""	""10mg""	""Oral tablet""	""Oral""	""Statins""	""Rosuvastatin""",
"""48051""",UNKNOWN,true,"0	""Simvastatin 10mg tablets (Kent Pharma (UK) Ltd)""	""Simvastatin""	""10mg""	""Oral tablet""	""Oral""	""Statins""	""Simvastatin""",
"""67773""",UNKNOWN,true,"0	""Simvastatin 20mg tablets (Zentiva Pharma UK Ltd)""	""Simvastatin""	""20mg""	""Oral tablet""	""Oral""	""Statins""	""Simvastatin""",
"""20085""",UNKNOWN,true,"1363	""Sanatogen classic Tablet (Roche Consumer Health)""	""Nicotinic acid""	NA	""Tablet""	""Oral""	""Oral Iron/Multivitamin And Multimineral Preparations""	""Nicotinic acid""",
"""90794""",UNKNOWN,true,"1	""Lipozate 400mg modified-release tablets (Noumed Life Sciences Ltd)""	""Bezafibrate""	""400mg""	""Modified-release tablet""	""Oral""	""Fibrates""	""Bezafibrate""",
"""51876""",UNKNOWN,true,"113	""Atorvastatin 40mg tablets (Krka UK Ltd)""	""Atorvastatin""	""40mg""	""Oral tablet""	""Oral""	""Statins""	""Atorvastatin""",
"""24509""",UNKNOWN,true,"11	""SIMVASTATIN""	""Simvastatin""	NA	NA	NA	""Unknown""	""Simvastatin""",
"""68686""",UNKNOWN,true,"0	""Simvastatin 20mg tablets (Genesis Pharmaceuticals Ltd)""	""Simvastatin""	""20mg""	""Oral tablet""	""Oral""	""Statins""	""Simvastatin""",
"""51""",UNKNOWN,true,"37091410	""Simvastatin 40mg tablets""	""Simvastatin""	""40mg""	""Oral tablet""	""Oral""	""Statins""	""Simvastatin""",
"""54976""",UNKNOWN,true,"1	""Simvastatin 10mg tablets (Somex Pharma)""	""Simvastatin""	""10mg""	""Oral tablet""	""Oral""	""Statins""	""Simvastatin""",
"""53594""",UNKNOWN,true,"1	""Lipitor 80mg tablets (Mawdsley-Brooks & Company Ltd)""	""Atorvastatin""	""80mg""	""Oral tablet""	""Oral""	""Statins""	""Atorvastatin""",
"""52460""",UNKNOWN,true,"0	""Atorvastatin 40mg tablets (Aspire Pharma Ltd)""	""Atorvastatin""	""40mg""	""Oral tablet""	""Oral""	""Statins""	""Atorvastatin""",
"""87651""",UNKNOWN,true,"0	""Simvastatin 40mg/5ml oral suspension sugar free (Alliance Healthcare (Distribution) Ltd)""	""Simvastatin""	""8mg/1ml""	""Oral suspension""	""Oral""	""Statins""	""Simvastatin""",
"""87532""",UNKNOWN,true,"0	""Atorvastatin 30mg tablets (Zentiva Pharma UK Ltd)""	""Atorvastatin""	""30mg""	""Oral tablet""	""Oral""	""Statins""	""Atorvastatin""",
"""7544""",UNKNOWN,true,"2410	""Niaspan 750mg modified-release tablets (Abbott Laboratories Ltd)""	""Nicotinic acid/Niaspan""	""750mg""	""Modified-release tablet""	""Oral""	""Nicotinic Acid Group""	""Nicotinic acid/Niaspan""",
"""3690""",UNKNOWN,true,"77398	""Lipostat 20mg tablets (Bristol-Myers Squibb Pharmaceuticals Ltd)""	""Pravastatin""	""20mg""	""Oral tablet""	""Oral""	""Statins""	""Pravastatin""",
"""34476""",UNKNOWN,true,"569	""Simvastatin 20mg Tablet (Ratiopharm UK Ltd)""	""Simvastatin""	""20mg""	""Oral tablet""	""Oral""	""Statins""	""Simvastatin""",
"""71029""",UNKNOWN,true,"0	""Fluvastatin 40mg capsules (Sandoz Ltd)""	""Fluvastatin""	""40mg""	""Oral capsule""	""Oral""	""Statins""	""Fluvastatin""",
"""54435""",UNKNOWN,true,"168	""Pravastatin 40mg tablets (Almus Pharmaceuticals Ltd)""	""Pravastatin""	""40mg""	""Oral tablet""	""Oral""	""Statins""	""Pravastatin""",
"""53087""",UNKNOWN,true,"0	""Simvastatin 20mg tablets (Somex Pharma)""	""Simvastatin""	""20mg""	""Oral tablet""	""Oral""	""Statins""	""Simvastatin""",
"""60989""",UNKNOWN,true,"0	""Atorvastatin 80mg tablets (Phoenix Healthcare Distribution Ltd)""	""Atorvastatin""	""80mg""	""Oral tablet""	""Oral""	""Statins""	""Atorvastatin""",
"""34376""",UNKNOWN,true,"567	""Simvastatin 40mg tablets (Teva UK Ltd)""	""Simvastatin""	""40mg""	""Oral tablet""	""Oral""	""Statins""	""Simvastatin""",
"""14961""",UNKNOWN,true,"508	""Berocca effervescent tablets orange (Bayer Plc)""	""Nicotinic acid""	""476mg + 8.6microgram + 130microgram + 10.4mg + 13.6mg + 45.3mg + 7.1mg + 22.7mg + 366microgram + 95mg + 95mg + 9mg""	""Effervescent tablet""	""Oral""	""Nutritional Supplements""	""Nicotinic acid""",
"""49558""",UNKNOWN,true,"60	""Atorvastatin 20mg tablets (A A H Pharmaceuticals Ltd)""	""Atorvastatin""	""20mg""	""Oral tablet""	""Oral""	""Statins""	""Atorvastatin""",
"""67402""",UNKNOWN,true,"0	""Atorvastatin 40mg tablets (Kent Pharma (UK) Ltd)""	""Atorvastatin""	""40mg""	""Oral tablet""	""Oral""	""Statins""	""Atorvastatin""",
"""11627""",UNKNOWN,true,"99991	""Fluvastatin 80mg modified-release tablets""	""Fluvastatin""	""80mg""	""Modified-release tablet""	""Oral""	""Statins""	""Fluvastatin""",
"""57348""",UNKNOWN,true,"0	""Atorvastatin 10mg tablets (Krka UK Ltd)""	""Atorvastatin""	""10mg""	""Oral tablet""	""Oral""	""Statins""	""Atorvastatin""",
"""54607""",UNKNOWN,true,"0	""Pravastatin 20mg tablets (Almus Pharmaceuticals Ltd)""	""Pravastatin""	""20mg""	""Oral tablet""	""Oral""	""Statins""	""Pravastatin""",
"""15594""",UNKNOWN,true,"48	""COLESTIPOL HCl GRA""	""Colestipol""	NA	NA	NA	""Unknown""	""Colestipol""",
"""54493""",UNKNOWN,true,"1	""Simvastatin 10mg tablets (Relonchem Ltd)""	""Simvastatin""	""10mg""	""Oral tablet""	""Oral""	""Statins""	""Simvastatin""",
"""34312""",UNKNOWN,true,"439	""Simvastatin 20mg tablets (Viatris UK Healthcare Ltd)""	""Simvastatin""	""20mg""	""Oral tablet""	""Oral""	""Statins""	""Simvastatin""",
"""5148""",UNKNOWN,true,"814608	""Simvastatin 80mg tablets""	""Simvastatin""	""80mg""	""Oral tablet""	""Oral""	""Statins""	""Simvastatin""",
"""14379""",UNKNOWN,true,"6694	""Lipantil Micro 67 capsules (Viatris UK Healthcare Ltd)""	""Fenofibrate""	""67mg""	""Oral capsule""	""Oral""	""Fibrates""	""Fenofibrate""",
"""42190""",UNKNOWN,true,"2	""Nicotinic acid with colecalciferol and calcium gluconate Tablet""	""Nicotinic acid""	NA	""Tablet""	""Oral""	""Peripheral Vasodilators And Related Products""	""Nicotinic acid""",
"""1477""",UNKNOWN,true,"11557	""Atromid -s 500mg Capsule (AstraZeneca UK Ltd)""	""Clofibrate""	""500mg""	""Capsule""	""Oral""	""Fibrates""	""Clofibrate""",
"""58480""",UNKNOWN,true,"16	""Lipobay 300microgram tablets (Bayer Plc)""	""Cerivastatin""	""300microgram""	""Oral tablet""	""Oral""	""Unknown""	""Cerivastatin""",
"""1322""",UNKNOWN,true,"8300	""Clofibrate 500mg capsules""	""Clofibrate""	""500mg""	""Capsules""	""Oral""	""Fibrates""	""Clofibrate""",
"""70751""",UNKNOWN,true,"13	""Bezalip Mono 400mg modified-release tablets (Sigma Pharmaceuticals Plc)""	""Bezafibrate""	""400mg""	""Modified-release tablet""	""Oral""	""Fibrates""	""Bezafibrate""",
"""66963""",UNKNOWN,true,"0	""Atorvastatin 80mg tablets (Sigma Pharmaceuticals Plc)""	""Atorvastatin""	""80mg""	""Oral tablet""	""Oral""	""Statins""	""Atorvastatin""",
"""64933""",UNKNOWN,true,"0	""Fenofibrate micronised 267mg capsules (Sun Pharma UK Ltd)""	""Fenofibrate""	""267mg""	""Oral capsule""	""Oral""	""Fibrates""	""Fenofibrate""",
"""73910""",UNKNOWN,true,"8	""Colestipol 1g tablets""	""Colestipol""	""1gram""	""Oral tablet""	""Oral""	""Bile Acid Sequestrants - Lipid-Regulating Products""	""Colestipol""",
"""91520""",UNKNOWN,true,"2	""Cholesterol 2% / Simvastatin 2% cream""	""Simvastatin""	""20mg/1gram + 20mg/1gram""	""Cream""	""Route of administration not applicable""	""Miscellaneous Skin Preparations""	""Simvastatin""",
"""91818""",UNKNOWN,true,"0	""Atorvastatin 10mg tablets (Rudipharm Ltd)""	""Atorvastatin""	""10mg""	""Oral tablet""	""Oral""	""Statins""	""Atorvastatin""",
"""59447""",UNKNOWN,true,"0	""Crestor 20mg tablets (Waymade Healthcare Plc)""	""Rosuvastatin""	""20mg""	""Oral tablet""	""Oral""	""Statins""	""Rosuvastatin""",
"""63140""",UNKNOWN,true,"6	""Atorvastatin 10mg tablets (Alliance Healthcare (Distribution) Ltd)""	""Atorvastatin""	""10mg""	""Oral tablet""	""Oral""	""Statins""	""Atorvastatin""",
"""39675""",UNKNOWN,true,"20	""Simvastatin 20mg/5ml Oral suspension (Martindale Pharmaceuticals Ltd)""	""Simvastatin""	""20mg/5ml""	""Oral Suspension""	""Oral""	""Statins""	""Simvastatin""",
"""83464""",UNKNOWN,true,"0	""Fluvastatin 20mg capsules (Viatris UK Healthcare Ltd)""	""Fluvastatin""	""20mg""	""Oral capsule""	""Oral""	""Statins""	""Fluvastatin""",
"""90224""",UNKNOWN,true,"0	""Atorvastatin 10mg tablets (AAH Hillcross)""	""Atorvastatin""	""10mg""	""Oral tablet""	""Oral""	""Statins""	""Atorvastatin""",
"""87335""",UNKNOWN,true,"468	""Rosuvastatin 15mg tablets""	""Rosuvastatin""	""15mg""	""Oral tablet""	""Oral""	""Statins""	""Rosuvastatin""",
"""56481""",UNKNOWN,true,"520	""Zocor 10mg tablets (Sigma Pharmaceuticals Plc)""	""Simvastatin""	""10mg""	""Oral tablet""	""Oral""	""Statins""	""Simvastatin""",
"""32387""",UNKNOWN,true,"96	""Adeks Drops (Scandipharm)""	""Nicotinic acid""	NA	""Drops""	""Oral""	""-""	""Nicotinic acid""",
"""2137""",UNKNOWN,true,"374276	""Fluvastatin 40mg capsules""	""Fluvastatin""	""40mg""	""Oral capsule""	""Oral""	""Statins""	""Fluvastatin""",
"""82527""",UNKNOWN,true,"112	""Lipitor 40mg tablets (Dowelhurst Ltd)""	""Atorvastatin""	""40mg""	""Oral tablet""	""Oral""	""Statins""	""Atorvastatin""",
"""86254""",UNKNOWN,true,"6	""Dorisin XL 80mg tablets (Aspire Pharma Ltd)""	""Fluvastatin""	""80mg""	""Modified-release tablet""	""Oral""	""Statins""	""Fluvastatin""",
"""64702""",UNKNOWN,true,"0	""Atorvastatin 30mg tablets (A A H Pharmaceuticals Ltd)""	""Atorvastatin""	""30mg""	""Oral tablet""	""Oral""	""Statins""	""Atorvastatin""",
"""52097""",UNKNOWN,true,"4	""Atorvastatin 40mg tablets (Wockhardt UK Ltd)""	""Atorvastatin""	""40mg""	""Oral tablet""	""Oral""	""Statins""	""Atorvastatin""",
"""60464""",UNKNOWN,true,"225	""Atorvastatin 20mg/5ml oral suspension""	""Atorvastatin""	""4mg/1ml""	""Oral suspension""	""Oral""	""Statins""	""Atorvastatin""",
"""54606""",UNKNOWN,true,"0	""Simvastatin 20mg/5ml oral suspension sugar free (A A H Pharmaceuticals Ltd)""	""Simvastatin""	""4mg/1ml""	""Oral suspension""	""Oral""	""Statins""	""Simvastatin""",
"""56065""",UNKNOWN,true,"0	""Simvastatin 20mg/5ml oral suspension sugar free (Waymade Healthcare Plc)""	""Simvastatin""	""4mg/1ml""	""Oral suspension""	""Oral""	""Statins""	""Simvastatin""",
"""91511""",UNKNOWN,true,"0	""Ezetimibe 10mg tablets (Sandoz Ltd)""	""Ezetimibe""	""10mg""	""Oral tablet""	""Oral""	""Ezetimibe""	""Ezetimibe""",
"""71773""",UNKNOWN,true,"0	""Simvastatin 80mg tablets (Brown & Burk UK Ltd)""	""Simvastatin""	""80mg""	""Oral tablet""	""Oral""	""Statins""	""Simvastatin""",
"""653""",UNKNOWN,true,"3321922	""Ezetimibe 10mg tablets""	""Ezetimibe""	""10mg""	""Oral tablet""	""Oral""	""Ezetimibe""	""Ezetimibe""",
"""8380""",UNKNOWN,true,"25992	""Lescol 20mg capsules (Novartis Pharmaceuticals UK Ltd)""	""Fluvastatin""	""20mg""	""Oral capsule""	""Oral""	""Statins""	""Fluvastatin""",
"""53890""",UNKNOWN,true,"0	""Atorvastatin 80mg tablets (Upjohn UK Ltd)""	""Atorvastatin""	""80mg""	""Oral tablet""	""Oral""	""Statins""	""Atorvastatin""",
"""14127""",UNKNOWN,true,"1367	""Adeks Tablet (Scandipharm)""	""Nicotinic acid""	NA	""Tablet""	""Oral""	""-""	""Nicotinic acid""",
"""58868""",UNKNOWN,true,"0	""Atorvastatin 10mg tablets (Sigma Pharmaceuticals Plc)""	""Atorvastatin""	""10mg""	""Oral tablet""	""Oral""	""Statins""	""Atorvastatin""",
"""9897""",UNKNOWN,true,"283831	""Rosuvastatin 40mg tablets""	""Rosuvastatin""	""40mg""	""Oral tablet""	""Oral""	""Statins""	""Rosuvastatin""",
"""47721""",UNKNOWN,true,"1480	""Lipitor 10mg chewable tablets (Viatris UK Healthcare Ltd)""	""Atorvastatin""	""10mg""	""Chewable tablet""	""Oral""	""Statins""	""Atorvastatin""",
"""74161""",UNKNOWN,true,"0	""Ezetimibe 10mg tablets (Viatris UK Healthcare Ltd)""	""Ezetimibe""	""10mg""	""Oral tablet""	""Oral""	""Ezetimibe""	""Ezetimibe""",
"""52211""",UNKNOWN,true,"14	""Atorvastatin 20mg tablets (Accord-UK Ltd)""	""Atorvastatin""	""20mg""	""Oral tablet""	""Oral""	""Statins""	""Atorvastatin""",
"""45245""",UNKNOWN,true,"831	""Simvastatin 20mg tablets (Actavis UK Ltd)""	""Simvastatin""	""20mg""	""Oral tablet""	""Oral""	""Statins""	""Simvastatin""",
"""69528""",UNKNOWN,true,"4	""Cholib 145mg/20mg tablets (Viatris UK Healthcare Ltd)""	""Fenofibrate/Simvastatin""	""145mg + 20mg""	""Oral tablet""	""Oral""	""Fibrates/Statins""	""Fenofibrate/Simvastatin""",
"""60385""",UNKNOWN,true,"0	""Bezalip Mono 400mg modified-release tablets (Lexon (UK) Ltd)""	""Bezafibrate""	""400mg""	""Modified-release tablet""	""Oral""	""Fibrates""	""Bezafibrate""",
"""77471""",UNKNOWN,true,"106	""Zocor 20mg tablets (Necessity Supplies Ltd)""	""Simvastatin""	""20mg""	""Oral tablet""	""Oral""	""Statins""	""Simvastatin""",
"""24583""",UNKNOWN,true,"1390	""Nicotinic acid 750mg modified-release tablets""	""Nicotinic acid""	""750mg""	""Modified-release tablet""	""Oral""	""Unknown""	""Nicotinic acid""",
"""89255""",UNKNOWN,true,"4	""Atorvastatin 80mg tablets (Amarox Ltd)""	""Atorvastatin""	""80mg""	""Oral tablet""	""Oral""	""Statins""	""Atorvastatin""",
"""61155""",UNKNOWN,true,"0	""Simvastatin 40mg/5ml oral suspension sugar free (A A H Pharmaceuticals Ltd)""	""Simvastatin""	""8mg/1ml""	""Oral suspension""	""Oral""	""Statins""	""Simvastatin""",
"""87397""",UNKNOWN,true,"209	""Rosuvastatin 30mg tablets""	""Rosuvastatin""	""30mg""	""Oral tablet""	""Oral""	""Statins""	""Rosuvastatin""",
"""7196""",UNKNOWN,true,"107266	""Zocor 20mg tablets (Organon Pharma (UK) Ltd)""	""Simvastatin""	""20mg""	""Oral tablet""	""Oral""	""Statins""	""Simvastatin""",
"""72641""",UNKNOWN,true,"14	""Atorvastatin 40mg/5ml oral solution""	""Atorvastatin""	""8mg/1ml""	""Oral solution""	""Oral""	""Statins""	""Atorvastatin""",
"""37434""",UNKNOWN,true,"315	""Simvastatin 40mg tablets (Sandoz Ltd)""	""Simvastatin""	""40mg""	""Oral tablet""	""Oral""	""Statins""	""Simvastatin""",
"""83443""",UNKNOWN,true,"29	""Pravastatin 40mg/5ml oral suspension""	""Pravastatin""	""8mg/1ml""	""Oral suspension""	""Oral""	""Statins""	""Pravastatin""",
"""59272""",UNKNOWN,true,"0	""Atorvastatin 20mg tablets (Waymade Healthcare Plc)""	""Atorvastatin""	""20mg""	""Oral tablet""	""Oral""	""Statins""	""Atorvastatin""",
"""65925""",UNKNOWN,true,"0	""Simvastatin 20mg/5ml oral suspension sugar free (Alliance Healthcare (Distribution) Ltd)""	""Simvastatin""	""4mg/1ml""	""Oral suspension""	""Oral""	""Statins""	""Simvastatin""",
"""72988""",UNKNOWN,true,"16	""Cholemin 4g/sachet Sachets (Berk Pharmaceuticals Ltd)""	""Colestyramine""	""4gram""	""Powder for oral suspension""	""Oral""	""Bile Acid Sequestrants/Bile Acid Sequestrants - Lipid-Regulating Products""	""Colestyramine""",
"""57296""",UNKNOWN,true,"0	""Pravastatin 20mg tablets (Phoenix Healthcare Distribution Ltd)""	""Pravastatin""	""20mg""	""Oral tablet""	""Oral""	""Statins""	""Pravastatin""",
"""67328""",UNKNOWN,true,"44	""Lescol XL 80mg tablets (Mawdsley-Brooks & Company Ltd)""	""Fluvastatin""	""80mg""	""Modified-release tablet""	""Oral""	""Statins""	""Fluvastatin""",
"""10094""",UNKNOWN,true,"1290	""Niaspan titration pack (Abbott Laboratories Ltd)""	""Niaspan""	NA	""Not applicable""	""Route of administration not applicable""	""Unknown""	""Niaspan""",
"""56841""",UNKNOWN,true,"8	""Atorvastatin 40mg tablets (Dexcel-Pharma Ltd)""	""Atorvastatin""	""40mg""	""Oral tablet""	""Oral""	""Statins""	""Atorvastatin""",
"""15251""",UNKNOWN,true,"369	""Pregnacare Capsule (Vitabiotics Ltd)""	""Nicotinic acid""	NA	""Capsule""	""Oral""	""-""	""Nicotinic acid""",
"""1219""",UNKNOWN,true,"2890593	""Pravastatin 40mg tablets""	""Pravastatin""	""40mg""	""Oral tablet""	""Oral""	""Statins""	""Pravastatin""",
"""75826""",UNKNOWN,true,"0	""Pravastatin 20mg tablets (Actavis UK Ltd)""	""Pravastatin""	""20mg""	""Oral tablet""	""Oral""	""Statins""	""Pravastatin""",
"""67098""",UNKNOWN,true,"0	""Simvastatin 10mg tablets (Brown & Burk UK Ltd)""	""Simvastatin""	""10mg""	""Oral tablet""	""Oral""	""Statins""	""Simvastatin""",
"""88427""",UNKNOWN,true,"0	""Atorvastatin 40mg tablets (Amarox Ltd)""	""Atorvastatin""	""40mg""	""Oral tablet""	""Oral""	""Statins""	""Atorvastatin""",
"""17059""",UNKNOWN,true,"14349	""Inegy 10mg/40mg tablets (Organon Pharma (UK) Ltd)""	""Ezetimibe/Simvastatin""	""40mg + 10mg""	""Oral tablet""	""Oral""	""Ezetimibe/Statins""	""Ezetimibe/Simvastatin""",
"""77394""",UNKNOWN,true,"512	""Lipostat 20mg tablets (Dowelhurst Ltd)""	""Pravastatin""	""20mg""	""Oral tablet""	""Oral""	""Statins""	""Pravastatin""",
"""50564""",UNKNOWN,true,"0	""Simvastatin 20mg tablets (Relonchem Ltd)""	""Simvastatin""	""20mg""	""Oral tablet""	""Oral""	""Statins""	""Simvastatin""",
"""34891""",UNKNOWN,true,"47	""Simvastatin 20mg tablets (Kent Pharma (UK) Ltd)""	""Simvastatin""	""20mg""	""Oral tablet""	""Oral""	""Statins""	""Simvastatin""",
"""74346""",UNKNOWN,true,"2	""Evolocumab 140mg/1ml solution for injection pre-filled syringes""	""Evolocumab""	""140mg/1ml""	""Solution for injection""	""Subcutaneous""	""Other Lipid-Regulating Products""	""Evolocumab""",
"""32921""",UNKNOWN,true,"1	""Pravastatin 10mg Tablet (Dr Reddy's Laboratories (UK) Ltd)""	""Pravastatin""	""10mg""	""Oral tablet""	""Oral""	""Statins""	""Pravastatin""",
"""85478""",UNKNOWN,true,"0	""Pravastatin 40mg tablets (DE Pharmaceuticals)""	""Pravastatin""	""40mg""	""Oral tablet""	""Oral""	""Statins""	""Pravastatin""",
"""58617""",UNKNOWN,true,"8	""Rosuvastatin 20mg/5ml oral suspension""	""Rosuvastatin""	""4mg/1ml""	""Oral suspension""	""Oral""	""Statins""	""Rosuvastatin""",
"""90340""",UNKNOWN,true,"0	""Rosuvastatin 5mg tablets (Amarox Ltd)""	""Rosuvastatin""	""5mg""	""Oral tablet""	""Oral""	""Statins""	""Rosuvastatin""",
"""57568""",UNKNOWN,true,"3	""Zocor 10mg tablets (Lexon (UK) Ltd)""	""Simvastatin""	""10mg""	""Oral tablet""	""Oral""	""Statins""	""Simvastatin""",
"""72050""",UNKNOWN,true,"0	""Simvastatin 10mg tablets (Genesis Pharmaceuticals Ltd)""	""Simvastatin""	""10mg""	""Oral tablet""	""Oral""	""Statins""	""Simvastatin""",
"""87110""",UNKNOWN,true,"0	""Rosuvastatin 5mg capsules (A A H Pharmaceuticals Ltd)""	""Rosuvastatin""	""5mg""	""Oral capsule""	""Oral""	""Statins""	""Rosuvastatin""",
"""50882""",UNKNOWN,true,"0	""Simvastatin 40mg tablets (Somex Pharma)""	""Simvastatin""	""40mg""	""Oral tablet""	""Oral""	""Statins""	""Simvastatin""",
"""64104""",UNKNOWN,true,"4	""Simvastatin 20mg tablets (Crescent Pharma Ltd)""	""Simvastatin""	""20mg""	""Oral tablet""	""Oral""	""Statins""	""Simvastatin""",
"""51890""",UNKNOWN,true,"0	""Pravastatin 20mg tablets (Medreich Plc)""	""Pravastatin""	""20mg""	""Oral tablet""	""Oral""	""Statins""	""Pravastatin""",
"""63249""",UNKNOWN,true,"17	""Atorvastatin 80mg tablets (Krka UK Ltd)""	""Atorvastatin""	""80mg""	""Oral tablet""	""Oral""	""Statins""	""Atorvastatin""",
"""9315""",UNKNOWN,true,"21146	""Lipobay 100microgram Tablet (Bayer Plc)""	""Cerivastatin""	""100microgram""	""Oral tablet""	""Oral""	""Statins""	""Cerivastatin""",
"""48346""",UNKNOWN,true,"16085	""Atorvastatin 60mg tablets""	""Atorvastatin""	""60mg""	""Oral tablet""	""Oral""	""Statins""	""Atorvastatin""",
"""50071""",UNKNOWN,true,"0	""Fenofibrate 160mg Tablet (Teva UK Ltd)""	""Fenofibrate""	""160mg""	""Oral tablet""	""Oral""	""Fibrates""	""Fenofibrate""",
"""82306""",UNKNOWN,true,"0	""Crestor 10mg tablets (Necessity Supplies Ltd)""	""Rosuvastatin""	""10mg""	""Oral tablet""	""Oral""	""Statins""	""Rosuvastatin""",
"""76594""",UNKNOWN,true,"6	""Simvastatin 40mg tablets (Tillomed Laboratories Ltd)""	""Simvastatin""	""40mg""	""Oral tablet""	""Oral""	""Statins""	""Simvastatin""",
"""31783""",UNKNOWN,true,"1	""Fenogal 200mg capsules (Genus Pharmaceuticals Ltd)""	""Fenofibrate""	""200mg""	""Oral capsule""	""Oral""	""Fibrates""	""Fenofibrate""",
"""5390""",UNKNOWN,true,"245178	""Fenofibrate micronised 267mg capsules""	""Fenofibrate""	""267mg""	""Oral capsule""	""Oral""	""Fibrates""	""Fenofibrate""",
"""71017""",UNKNOWN,true,"0	""Atorvastatin 20mg tablets (Dr Reddy's Laboratories (UK) Ltd)""	""Atorvastatin""	""20mg""	""Oral tablet""	""Oral""	""Statins""	""Atorvastatin""",
"""80365""",UNKNOWN,true,"0	""Pravastatin 10mg tablets (Alliance Healthcare (Distribution) Ltd)""	""Pravastatin""	""10mg""	""Oral tablet""	""Oral""	""Statins""	""Pravastatin""",
"""52625""",UNKNOWN,true,"0	""Simvastatin 10mg tablets (Wockhardt UK Ltd)""	""Simvastatin""	""10mg""	""Oral tablet""	""Oral""	""Statins""	""Simvastatin""",
"""83929""",UNKNOWN,true,"0	""Fenofibrate micronised 267mg capsules (Teva UK Ltd)""	""Fenofibrate""	""267mg""	""Oral capsule""	""Oral""	""Fibrates""	""Fenofibrate""",
"""86750""",UNKNOWN,true,"648	""Icosapent 998mg capsules""	""Icosapent""	""998mg""	""Oral capsule""	""Oral""	""Other Lipid-Regulating Products""	""Icosapent""",
"""59002""",UNKNOWN,true,"0	""Bezafibrate 400mg modified-release tablets (DE Pharmaceuticals)""	""Bezafibrate""	""400mg""	""Modified-release tablet""	""Oral""	""Fibrates""	""Bezafibrate""",
"""82859""",UNKNOWN,true,"17	""Rosuvastatin 5mg tablets (Teva UK Ltd)""	""Rosuvastatin""	""5mg""	""Oral tablet""	""Oral""	""Statins""	""Rosuvastatin""",
"""70950""",UNKNOWN,true,"2	""Fenofibrate micronised 200mg capsules (Waymade Healthcare Plc)""	""Fenofibrate""	""200mg""	""Oral capsule""	""Oral""	""Fibrates""	""Fenofibrate""",
"""39652""",UNKNOWN,true,"4438	""Simvastatin 40mg/5ml oral solution sugar free""	""Simvastatin""	""40mg/5ml""	""Oral Suspension Sugar-Free""	""Oral""	""Statins""	""Simvastatin""",
"""1221""",UNKNOWN,true,"91090	""Lipostat 10mg tablets (Bristol-Myers Squibb Pharmaceuticals Ltd)""	""Pravastatin""	""10mg""	""Oral tablet""	""Oral""	""Statins""	""Pravastatin""",
"""64067""",UNKNOWN,true,"76	""Atorvastatin 20mg/5ml oral solution""	""Atorvastatin""	""4mg/1ml""	""Oral solution""	""Oral""	""Statins""	""Atorvastatin""",
"""88542""",UNKNOWN,true,"0	""Atorvastatin 20mg tablets (Brown & Burk UK Ltd)""	""Atorvastatin""	""20mg""	""Oral tablet""	""Oral""	""Statins""	""Atorvastatin""",
"""33944""",UNKNOWN,true,"1	""Bezafibrate 200mg tablets (Teva UK Ltd)""	""Bezafibrate""	""200mg""	""Oral tablet""	""Oral""	""Fibrates""	""Bezafibrate""",
"""58755""",UNKNOWN,true,"0	""Simvastatin 10mg tablets (Phoenix Healthcare Distribution Ltd)""	""Simvastatin""	""10mg""	""Oral tablet""	""Oral""	""Statins""	""Simvastatin""",
"""52962""",UNKNOWN,true,"0	""Simvastatin 80mg tablets (Medreich Plc)""	""Simvastatin""	""80mg""	""Oral tablet""	""Oral""	""Statins""	""Simvastatin""",
"""48973""",UNKNOWN,true,"8558	""Atorvastatin 30mg tablets""	""Atorvastatin""	""30mg""	""Oral tablet""	""Oral""	""Statins""	""Atorvastatin""",
"""490""",UNKNOWN,true,"1276471	""Pravastatin 10mg tablets""	""Pravastatin""	""10mg""	""Oral tablet""	""Oral""	""Statins""	""Pravastatin""",
"""84807""",UNKNOWN,true,"5402	""Rosuvastatin 20mg capsules""	""Rosuvastatin""	""20mg""	""Oral capsule""	""Oral""	""Statins""	""Rosuvastatin""",
"""55032""",UNKNOWN,true,"0	""Atorvastatin 10mg tablets (Dexcel-Pharma Ltd)""	""Atorvastatin""	""10mg""	""Oral tablet""	""Oral""	""Statins""	""Atorvastatin""",
"""74067""",UNKNOWN,true,"2473	""Repatha SureClick 140mg/1ml solution for injection pre-filled pens (Amgen Ltd)""	""Evolocumab""	""140mg/1ml""	""Solution for injection""	""Subcutaneous""	""Other Lipid-Regulating Products""	""Evolocumab""",
"""83684""",UNKNOWN,true,"5510	""Bempedoic acid 180mg / Ezetimibe 10mg tablets""	""Bempedoic acid/Ezetimibe""	""10mg + 180mg""	""Oral tablet""	""Oral""	""Other Lipid-Regulating Products""	""Bempedoic acid/Ezetimibe""",
"""52459""",UNKNOWN,true,"6	""Atorvastatin 80mg tablets (Accord-UK Ltd)""	""Atorvastatin""	""80mg""	""Oral tablet""	""Oral""	""Statins""	""Atorvastatin""",
"""14963""",UNKNOWN,true,"3422	""Nicotinic acid 500mg modified-release tablets""	""Nicotinic acid""	""500mg""	""Modified-release tablet""	""Oral""	""Nicotinic Acid Group""	""Nicotinic acid""",
"""80119""",UNKNOWN,true,"0	""Atorvastatin 80mg tablets (Milpharm Ltd)""	""Atorvastatin""	""80mg""	""Oral tablet""	""Oral""	""Statins""	""Atorvastatin""",
"""36377""",UNKNOWN,true,"560	""Pravastatin 20mg tablets (Teva UK Ltd)""	""Pravastatin""	""20mg""	""Oral tablet""	""Oral""	""Statins""	""Pravastatin""",
"""66505""",UNKNOWN,true,"104	""Fenofibrate 145mg / Simvastatin 40mg tablets""	""Fenofibrate/Simvastatin""	""40mg + 145mg""	""Oral tablet""	""Oral""	""Fibrates/Statins""	""Fenofibrate/Simvastatin""",
"""60511""",UNKNOWN,true,"0	""Atorvastatin 40mg tablets (Sun Pharma UK Ltd)""	""Atorvastatin""	""40mg""	""Oral tablet""	""Oral""	""Statins""	""Atorvastatin""",
"""56735""",UNKNOWN,true,"0	""Pravastatin 20mg tablets (Viatris UK Healthcare Ltd)""	""Pravastatin""	""20mg""	""Oral tablet""	""Oral""	""Statins""	""Pravastatin""",
"""48431""",UNKNOWN,true,"9338	""Simvastatin 40mg/5ml oral suspension sugar free""	""Simvastatin""	""8mg/1ml""	""Oral suspension""	""Oral""	""Statins""	""Simvastatin""",
"""57108""",UNKNOWN,true,"0	""Pravastatin 40mg tablets (Waymade Healthcare Plc)""	""Pravastatin""	""40mg""	""Oral tablet""	""Oral""	""Statins""	""Pravastatin""",
"""33082""",UNKNOWN,true,"428	""Simvastatin 20mg tablets (A A H Pharmaceuticals Ltd)""	""Simvastatin""	""20mg""	""Oral tablet""	""Oral""	""Statins""	""Simvastatin""",
"""56165""",UNKNOWN,true,"12362	""Atorvastatin 20mg chewable tablets sugar free""	""Atorvastatin""	""20mg""	""Chewable tablet""	""Oral""	""Statins""	""Atorvastatin""",
"""57836""",UNKNOWN,true,"63	""Atorvastatin 80mg tablets (Teva UK Ltd)""	""Atorvastatin""	""80mg""	""Oral tablet""	""Oral""	""Statins""	""Atorvastatin""",
"""34907""",UNKNOWN,true,"36	""Simvastatin 40mg tablets (Wockhardt UK Ltd)""	""Simvastatin""	""40mg""	""Oral tablet""	""Oral""	""Statins""	""Simvastatin""",
"""89132""",UNKNOWN,true,"0	""Atorvastatin 10mg tablets (Medihealth (Northern) Ltd)""	""Atorvastatin""	""10mg""	""Oral tablet""	""Oral""	""Statins""	""Atorvastatin""",
"""86714""",UNKNOWN,true,"1	""Praluent 300mg/2ml solution for injection pre-filled pens (Sanofi)""	""Alirocumab""	""150mg/1ml""	""Solution for injection""	""Subcutaneous""	""Other Lipid-Regulating Products""	""Alirocumab""",
"""43218""",UNKNOWN,true,"570	""Pravastatin 10mg tablets (Teva UK Ltd)""	""Pravastatin""	""10mg""	""Oral tablet""	""Oral""	""Statins""	""Pravastatin""",
"""34181""",UNKNOWN,true,"135	""Bezafibrate 400mg Modified-release tablet (Hillcross Pharmaceuticals Ltd)""	""Bezafibrate""	""400mg""	""Modified-release tablet""	""Oral""	""Fibrates""	""Bezafibrate""",
"""48585""",UNKNOWN,true,"497	""Nicotinic acid 500mg capsules""	""Nicotinic acid""	""500mg""	""Oral capsule""	""Oral""	""Vitamin B Group""	""Nicotinic acid""",
"""21924""",UNKNOWN,true,"19	""Acetomenapthone 7mg / Nicotinic acid 25mg tablets""	""Nicotinic acid""	""7mg + 25mg""	""Tablets""	""Oral""	""Peripheral Vasodilators And Related Products""	""Nicotinic acid""",
"""87966""",UNKNOWN,true,"0	""Fenofibrate micronised 160mg tablets (A A H Pharmaceuticals Ltd)""	""Fenofibrate""	""160mg""	""Oral tablet""	""Oral""	""Fibrates""	""Fenofibrate""",
"""33603""",UNKNOWN,true,"1252	""Fibrazate XL 400mg tablets (Sandoz Ltd)""	""Bezafibrate""	""400mg""	""Modified-release tablet""	""Oral""	""Fibrates""	""Bezafibrate""",
"""68156""",UNKNOWN,true,"43	""Pravastatin 10mg tablets (A A H Pharmaceuticals Ltd)""	""Pravastatin""	""10mg""	""Oral tablet""	""Oral""	""Statins""	""Pravastatin""",
