code,code_system,include,term,notes
"""medcode""",UNKNOWN,true,"""readcode""	""clinicalevents""	""immunisationevents""	""referralevents""	""testevents""	""term""	""databaserelease""	""period""",
"""29618""",UNKNOWN,true,"""L11z.00""	962	0	23	0	""antepartum haemorrhage nos""	""February 2009""	""late pregnancy""",
"""3030""",UNKNOWN,true,"""4654.00""	48414	0	23322	94222	""urine pregnancy test positive""	""February 2009""	""early pregnancy""",
"""42324""",UNKNOWN,true,"""L34z.00""	76	0	1	0	""vulval/perineal trauma during delivery nos""	""February 2009""	""postnatal""",
"""55124""",UNKNOWN,true,"""L39yz00""	8	0	0	0	""other complications of labour and delivery nos""	""February 2009""	""postnatal""",
"""17614""",UNKNOWN,true,"""Eu53111""	1121	0	9	0	""[x]puerperal psychosis nos""	""February 2009""	""postnatal""",
"""112121""",UNKNOWN,true,"""L09y300""	1	0	0	0	""cerebral anoxia following abortive pregnancy""	""September 2017""	""unspecified""",
"""73535""",UNKNOWN,true,"""L13z100""	1	0	0	0	""unspecified pregnancy vomiting - delivered""	""February 2009""	""unspecified""",
"""100568""",UNKNOWN,true,"""7F10y00""	64	0	0	0	""other specified surgical induction of labour""	""August 2010""	""postnatal""",
"""27351""",UNKNOWN,true,"""Q036.00""	219	0	9	0	""fetus or neonate affected by precipitate delivery""	""February 2009""	""postnatal""",
"""106425""",UNKNOWN,true,"""62NL.00""	163	0	0	0	""antenatal 31 week examination""	""June 2013""	""31""",
"""60434""",UNKNOWN,true,"""Z261200""	25	0	0	0	""gestational sac absent""	""February 2009""	""unspecified""",
"""62734""",UNKNOWN,true,"""L11y000""	21	0	0	0	""other antepartum haemorrhage unspecified""	""February 2009""	""late pregnancy""",
"""64997""",UNKNOWN,true,"""7L1d.00""	317	0	1	0	""delivery of chemotherapy for neoplasm""	""February 2009""	""postnatal""",
"""95635""",UNKNOWN,true,"""L130100""	11	0	0	0	""mild hyperemesis-delivered""	""February 2009""	""early pregnancy""",
"""55543""",UNKNOWN,true,"""7F1B.00""	313	0	1	0	""other operations to facilitate delivery""	""February 2009""	""postnatal""",
"""53514""",UNKNOWN,true,"""Z22D300""	382	0	3	0	""uncertain viability of pregnancy""	""February 2009""	""unspecified""",
"""31656""",UNKNOWN,true,"""L402.00""	13	0	1	0	""puerperal peritonitis""	""February 2009""	""postnatal""",
"""11422""",UNKNOWN,true,"""Z226.00""	2259	0	86	0	""pregnancy problem""	""February 2009""	""unspecified""",
"""9937""",UNKNOWN,true,"""L400.00""	1678	0	29	0	""puerperal endometritis""	""February 2009""	""postnatal""",
"""46744""",UNKNOWN,true,"""L41..00""	264	0	0	0	""venous complications of pregnancy and the puerperium""	""February 2009""	""postnatal""",
"""114293""",UNKNOWN,true,"""L29z100""	2	0	0	0	""problems affecting labour nos - delivered""	""November 2019""	""postnatal""",
"""109543""",UNKNOWN,true,"""L332200""	6	0	0	0	""cord tangled with compression with antenatal problem""	""April 2015""	""early pregnancy""",
"""73640""",UNKNOWN,true,"""L402000""	1	0	0	0	""puerperal peritonitis unspecified""	""February 2009""	""postnatal""",
"""25130""",UNKNOWN,true,"""Z262R00""	71	0	3	0	""placenta problem""	""February 2009""	""late pregnancy""",
"""63196""",UNKNOWN,true,"""Z222.00""	46	0	0	0	""multigravida""	""February 2009""	""unspecified""",
"""102300""",UNKNOWN,true,"""Lyu2A00""	2	0	0	0	""[x]abnormal finding on antenatal screening of mother""	""June 2011""	""early pregnancy""",
"""20623""",UNKNOWN,true,"""ZV4J000""	78	0	5	0	""[v]problems related to unwanted pregnancy""	""February 2009""	""unspecified""",
"""99247""",UNKNOWN,true,"""L13y200""	6	0	0	0	""other pregnancy vomiting - not delivered""	""April 2010""	""unspecified""",
"""37675""",UNKNOWN,true,"""62T..00""	6317	0	1	0	""misc. postnatal data""	""February 2009""	""postnatal""",
"""56451""",UNKNOWN,true,"""L13zz00""	383	0	2	0	""unspecified pregnancy vomiting nos""	""February 2009""	""unspecified""",
"""66074""",UNKNOWN,true,"""L39y400""	43	0	1	0	""other complications of labour and delivery with p/n problem""	""February 2009""	""postnatal""",
"""96821""",UNKNOWN,true,"""Q212000""	1	0	0	0	""liveborn with prelabour abnormal heart beat""	""May 2009""	""postnatal""",
"""43918""",UNKNOWN,true,"""L340400""	83	0	13	0	""fourchette tear during delivery""	""February 2009""	""postnatal""",
"""33915""",UNKNOWN,true,"""L213.00""	268	0	1	0	""multiple delivery""	""February 2009""	""postnatal""",
"""5213""",UNKNOWN,true,"""7F16400""	4164	0	36	0	""low forceps cephalic delivery""	""February 2009""	""postnatal""",
"""14644""",UNKNOWN,true,"""L166z11""	1274	0	8	0	""uti - urinary tract infection in pregnancy""	""February 2009""	""unspecified""",
"""109355""",UNKNOWN,true,"""R14B.00""	3	0	0	0	""[d]abnormal placental function test""	""March 2015""	""late pregnancy""",
"""25223""",UNKNOWN,true,"""L396.00""	9746	0	6	0	""vacuum extractor delivery""	""February 2009""	""postnatal""",
"""48311""",UNKNOWN,true,"""Z261.00""	44	0	0	0	""observation of gestational sac""	""February 2009""	""unspecified""",
"""21759""",UNKNOWN,true,"""ZL9B200""	38508	0	13	0	""seen by obstetrician""	""February 2009""	""unspecified""",
"""43004""",UNKNOWN,true,"""Q13..00""	379	0	1	0	""light for gestational age""	""February 2009""	""unspecified""",
"""111772""",UNKNOWN,true,"""Lyu3300""	1	0	0	0	""[x]maternal care for other abnormalities of cervix""	""April 2017""	""unspecified""",
"""93190""",UNKNOWN,true,"""7F22712""	3	0	0	0	""pack to control postnatal haemorrhage""	""February 2009""	""postnatal""",
"""54099""",UNKNOWN,true,"""7F22711""	21	0	1	0	""pack to control postnatal vaginal bleeding""	""February 2009""	""postnatal""",
"""35652""",UNKNOWN,true,"""L412000""	21	0	0	0	""superficial thrombophlebitis in pregnancy/puerperium unsp""	""February 2009""	""postnatal""",
"""109712""",UNKNOWN,true,"""L267100""	2	0	0	0	""other placental conditions - delivered""	""June 2015""	""late pregnancy""",
"""99188""",UNKNOWN,true,"""L173.00""	9	0	0	0	""maternal tuberculosis in pregnancy/childbirth/puerperium""	""April 2010""	""postnatal""",
"""100157""",UNKNOWN,true,"""L169400""	2	0	0	0	""herpes gestationis with postnatal complication""	""July 2010""	""postnatal""",
"""50488""",UNKNOWN,true,"""L354.12""	92	0	6	0	""high vaginal tear - obstetric""	""February 2009""	""unspecified""",
"""33258""",UNKNOWN,true,"""L512.00""	98	0	6	0	""maternal care for diminished fetal movements""	""February 2009""	""unspecified""",
"""87844""",UNKNOWN,true,"""7F2A000""	6	0	0	0	""obstetric umbilical artery doppler""	""February 2009""	""unspecified""",
"""67883""",UNKNOWN,true,"""L514.00""	3	0	0	0	""maternal care for poor fetal growth""	""February 2009""	""unspecified""",
"""5045""",UNKNOWN,true,"""L452400""	636	0	5	0	""obstetric nonpurulent mastitis with postnatal complication""	""February 2009""	""postnatal""",
"""63656""",UNKNOWN,true,"""L113.13""	17	0	0	0	""antepartum haemorrhage with hypofibrinogenaemia""	""February 2009""	""late pregnancy""",
"""32975""",UNKNOWN,true,"""6166.00""	160	0	12	0	""pregnant, diaphragm failure""	""February 2009""	""early pregnancy""",
"""63781""",UNKNOWN,true,"""L410z00""	18	0	0	0	""varicose veins of legs in pregnancy and puerperium nos""	""February 2009""	""postnatal""",
"""96843""",UNKNOWN,true,"""L267600""	13	0	0	0	""placental infarction""	""May 2009""	""late pregnancy""",
"""45870""",UNKNOWN,true,"""Ly...00""	375	0	25	0	""complications of pregnancy,childbirth or the puerperium os""	""February 2009""	""postnatal""",
"""52106""",UNKNOWN,true,"""L412z00""	17	0	0	0	""superficial thrombophlebitis in pregnancy and puerperium nos""	""February 2009""	""postnatal""",
"""23495""",UNKNOWN,true,"""L265.00""	1451	0	286	0	""small-for-dates fetus in pregnancy""	""February 2009""	""unspecified""",
"""3766""",UNKNOWN,true,"""L10..00""	8003	0	2013	7	""haemorrhage in early pregnancy""	""February 2009""	""unspecified""",
"""111263""",UNKNOWN,true,"""L230200""	1	0	0	0	""disproportion - major pelvic abnormality with antenatal prob""	""August 2016""	""early pregnancy""",
"""57957""",UNKNOWN,true,"""7F1Ay00""	14	0	0	0	""other specified other method of delivery""	""February 2009""	""postnatal""",
"""56953""",UNKNOWN,true,"""Z235400""	8	0	1	0	""pendulous pregnant abdomen""	""February 2009""	""early pregnancy""",
"""55111""",UNKNOWN,true,"""6B22.00""	1551	0	2	0	""sure start antenatal visit""	""February 2009""	""early pregnancy""",
"""40279""",UNKNOWN,true,"""7E19012""	8	0	1	0	""fimbrial extraction of tubal pregnancy""	""February 2009""	""unspecified""",
"""29122""",UNKNOWN,true,"""7E19011""	1098	0	14	0	""removal of ectopic pregnancy from fallopian tube""	""February 2009""	""unspecified""",
"""1748""",UNKNOWN,true,"""7E08400""	99361	0	1637	0	""suction termination of pregnancy""	""February 2009""	""unspecified""",
"""113354""",UNKNOWN,true,"""L212000""	2	0	0	0	""quadruplet pregnancy unspecified""	""February 2019""	""unspecified""",
"""86991""",UNKNOWN,true,"""L172000""	15	0	0	0	""other maternal venereal disease, unspec pregnancy/puerperium""	""February 2009""	""postnatal""",
"""103140""",UNKNOWN,true,"""L370100""	3	0	0	0	""retained placenta with no haemorrhage - deliv with p/n prob""	""October 2011""	""late pregnancy""",
"""62776""",UNKNOWN,true,"""Q037.11""	5	0	1	0	""fetus or neonate affected by hypertonic labour""	""February 2009""	""postnatal""",
"""15670""",UNKNOWN,true,"""L130.00""	4199	0	76	0	""mild hyperemesis gravidarum""	""February 2009""	""early pregnancy""",
"""7670""",UNKNOWN,true,"""L398z00""	6435	0	12	0	""caesarean delivery nos""	""February 2009""	""postnatal""",
"""91659""",UNKNOWN,true,"""Q022.00""	7	0	0	0	""fetus/neonate affected by placental abnormality nec""	""February 2009""	""late pregnancy""",
"""54269""",UNKNOWN,true,"""L45z100""	40	0	0	0	""obstetric breast infection nos - delivered""	""February 2009""	""unspecified""",
"""41253""",UNKNOWN,true,"""7F...11""	156	0	3	0	""childbirth operations""	""February 2009""	""postnatal""",
"""65491""",UNKNOWN,true,"""7F05.00""	5	0	0	0	""other operations on amniotic cavity""	""February 2009""	""late pregnancy""",
"""106170""",UNKNOWN,true,"""L21zz00""	3	0	0	0	""multiple pregnancy nos""	""May 2013""	""unspecified""",
"""47925""",UNKNOWN,true,"""4443100""	8	0	2	1	""hpl - human placental lactogen abnormal""	""February 2009""	""late pregnancy""",
"""24243""",UNKNOWN,true,"""L263400""	20	0	1	0	""labour and delivery complic by meconium in amniotic fluid""	""February 2009""	""late pregnancy""",
"""97459""",UNKNOWN,true,"""L300700""	2	0	0	0	""obstructed labour due to compound presentation""	""August 2009""	""postnatal""",
"""64976""",UNKNOWN,true,"""Z243200""	3	0	0	0	""first stage of labour not established""	""February 2009""	""postnatal""",
"""53660""",UNKNOWN,true,"""L451100""	26	0	2	0	""obstetric breast abscess - delivered""	""February 2009""	""unspecified""",
"""5357""",UNKNOWN,true,"""7E08500""	1116	0	54	0	""dilation of cervix and extraction termination of pregnancy""	""February 2009""	""unspecified""",
"""73308""",UNKNOWN,true,"""L29z.00""	16	0	0	0	""problems affecting labour nos""	""February 2009""	""postnatal""",
"""23009""",UNKNOWN,true,"""Q213.11""	358	0	0	0	""fetal distress in labour - liveborn""	""February 2009""	""postnatal""",
"""15828""",UNKNOWN,true,"""14Y4.00""	3348	0	18	0	""born by breech delivery""	""February 2009""	""postnatal""",
"""66578""",UNKNOWN,true,"""L31..00""	7	0	1	0	""abnormal forces of labour""	""February 2009""	""postnatal""",
"""4243""",UNKNOWN,true,"""L466.00""	8473	0	1463	35	""galactorrhoea in pregnancy and the puerperium""	""February 2009""	""postnatal""",
"""70092""",UNKNOWN,true,"""L460.00""	112	0	1	0	""retracted nipple in pregnancy, the puerperium or lactation""	""February 2009""	""postnatal""",
"""16995""",UNKNOWN,true,"""L462.00""	1633	0	3	0	""breast engorgement in pregnancy, the puerperium or lactation""	""February 2009""	""postnatal""",
"""112102""",UNKNOWN,true,"""L092200""	1	0	0	0	""broad ligament damage following abortive pregnancy""	""September 2017""	""unspecified""",
"""14899""",UNKNOWN,true,"""621Z.00""	42925	0	1537	2	""patient pregnant nos""	""February 2009""	""early pregnancy""",
"""61563""",UNKNOWN,true,"""L161300""	42	0	0	0	""oedema or excessive weight gain in pregnancy - not delivered""	""February 2009""	""unspecified""",
"""13432""",UNKNOWN,true,"""63D..00""	96980	0	1	1	""placental details""	""February 2009""	""late pregnancy""",
"""64523""",UNKNOWN,true,"""L091z00""	12	0	0	0	""delayed/excess haemorrhage nos following abortive pregnancy""	""February 2009""	""unspecified""",
"""20621""",UNKNOWN,true,"""ZV25313""	90	0	17	0	""[v]admission for termination of pregnancy""	""February 2009""	""unspecified""",
"""20910""",UNKNOWN,true,"""ZV25311""	101	0	1	0	""[v]admission for termination of pregnancy (top)""	""February 2009""	""unspecified""",
"""70149""",UNKNOWN,true,"""L16A100""	2	0	0	0	""glycosuria during pregnancy - delivered""	""February 2009""	""unspecified""",
"""59573""",UNKNOWN,true,"""L176500""	28	0	0	0	""viral hepatitis comp pregnancy, childbirth & the puerperium""	""February 2009""	""postnatal""",
"""14540""",UNKNOWN,true,"""4JL3.11""	1	0	0	4	""amniotic fluid for c/s""	""February 2009""	""late pregnancy""",
"""69780""",UNKNOWN,true,"""Lyu5100""	9	0	0	0	""[x]other and unspecified forceps delivery""	""February 2009""	""postnatal""",
"""13418""",UNKNOWN,true,"""62W..00""	10599	0	4333	55244	""antenatal blood tests""	""February 2009""	""early pregnancy""",
"""88361""",UNKNOWN,true,"""L248.11""	4	0	1	0	""persistent hymen in pregnancy, childbirth and the puerperium""	""February 2009""	""postnatal""",
"""31610""",UNKNOWN,true,"""L248.13""	87	0	13	0	""vulval abnormality in pregnancy/childbirth/puerperium""	""February 2009""	""postnatal""",
"""54677""",UNKNOWN,true,"""L167200""	5	0	1	0	""liver disorder in pregnancy - not delivered""	""February 2009""	""unspecified""",
"""62862""",UNKNOWN,true,"""L342200""	25	0	2	0	""third degree perineal tear during delivery with p/n problem""	""February 2009""	""postnatal""",
"""69698""",UNKNOWN,true,"""Z262P11""	10	0	0	0	""placenta normal""	""February 2009""	""late pregnancy""",
"""66836""",UNKNOWN,true,"""L361z00""	12	0	0	0	""other immediate postpartum haemorrhage nos""	""February 2009""	""postnatal""",
"""41899""",UNKNOWN,true,"""L240000""	21	0	1	0	""congenital abnormality of uterus affecting obstetric care""	""February 2009""	""unspecified""",
"""28726""",UNKNOWN,true,"""7F19100""	1383	0	21	0	""water birth delivery""	""February 2009""	""postnatal""",
"""101401""",UNKNOWN,true,"""8ID..00""	33	0	2	0	""postnatal depression not discussed""	""January 2011""	""postnatal""",
"""102576""",UNKNOWN,true,"""L051711""	91	0	0	0	""incomplete termination of pregnancy""	""July 2011""	""unspecified""",
"""100628""",UNKNOWN,true,"""L184400""	2	0	0	0	""mental disorder in puerperium - baby previously delivered""	""September 2010""	""postnatal""",
"""25731""",UNKNOWN,true,"""Z27..00""	40	0	1	0	""obstetric investigative observation""	""February 2009""	""unspecified""",
"""92998""",UNKNOWN,true,"""Lyu1.00""	2	0	1	0	""[x]oedema,proteinuria+hypertens in pregnancy,childbrth,puerp""	""February 2009""	""unspecified""",
"""112533""",UNKNOWN,true,"""Lyu5600""	1	0	0	0	""[x]other multiple delivery""	""February 2018""	""postnatal""",
"""36903""",UNKNOWN,true,"""67AZ.00""	2990	0	8	1	""pregnancy advice nos""	""February 2009""	""unspecified""",
"""46448""",UNKNOWN,true,"""Q486.00""	54	0	0	0	""fetal death due to termination of pregnancy""	""February 2009""	""unspecified""",
"""61533""",UNKNOWN,true,"""L270200""	11	0	0	0	""polyhydramnios with antenatal problem""	""February 2009""	""early pregnancy""",
"""103877""",UNKNOWN,true,"""L361200""	2	0	0	0	""other immediate postpartum haemorrhage with postnatal prob""	""March 2012""	""postnatal""",
"""33773""",UNKNOWN,true,"""7F19y00""	789	0	6	0	""other specified normal delivery""	""February 2009""	""postnatal""",
"""53167""",UNKNOWN,true,"""L188300""	38	0	0	0	""abnormal gtt during pregnancy - baby not yet delivered""	""February 2009""	""unspecified""",
"""109697""",UNKNOWN,true,"""6556.00""	17225	73577	1	1	""pertussis vaccination in pregnancy""	""June 2015""	""unspecified""",
"""85961""",UNKNOWN,true,"""44Cy.00""	8	0	0	9506	""serum pregnancy associated plasma protein-a mom measurement""	""February 2009""	""unspecified""",
"""17893""",UNKNOWN,true,"""62Q..00""	5830	0	18	0	""postnatal care provider""	""February 2009""	""postnatal""",
"""22385""",UNKNOWN,true,"""Z22C300""	1235	0	1	2	""length of gestation""	""February 2009""	""unspecified""",
"""12012""",UNKNOWN,true,"""L36..11""	1044	0	40	0	""bleeding postpartum""	""February 2009""	""postnatal""",
"""100833""",UNKNOWN,true,"""L244200""	4	0	0	0	""other uterine/pelvic floor abn - delivered+postpartum compl""	""November 2010""	""postnatal""",
"""72183""",UNKNOWN,true,"""L246200""	1	0	1	0	""other cervical abnormality - baby delivered+postpartum compl""	""February 2009""	""postnatal""",
"""64247""",UNKNOWN,true,"""Z235.00""	27	0	1	0	""observation of shape of pregnant abdomen""	""February 2009""	""early pregnancy""",
"""16320""",UNKNOWN,true,"""L11z100""	110	0	4	0	""antepartum haemorrhage nos - delivered""	""February 2009""	""late pregnancy""",
"""20307""",UNKNOWN,true,"""L091.00""	374	0	104	0	""delayed/excessive haemorrhage following abortive pregnancy""	""February 2009""	""unspecified""",
"""37163""",UNKNOWN,true,"""L150z00""	3	0	1	0	""post-term pregnancy nos""	""February 2009""	""late pregnancy""",
"""94473""",UNKNOWN,true,"""L211z00""	5	0	0	0	""triplet pregnancy nos""	""February 2009""	""unspecified""",
"""47508""",UNKNOWN,true,"""7F1A.00""	222	0	0	0	""other methods of delivery""	""February 2009""	""postnatal""",
"""30775""",UNKNOWN,true,"""62B8.00""	4086	0	78	0	""midwife unit delivery booking""	""February 2009""	""postnatal""",
"""114794""",UNKNOWN,true,"""L352100""	1	0	0	0	""obstetric inversion of uterus - delivered with p/n problem""	""April 2020""	""unspecified""",
"""61552""",UNKNOWN,true,"""L360000""	27	0	0	0	""third-stage postpartum haemorrhage unspecified""	""February 2009""	""postnatal""",
"""101334""",UNKNOWN,true,"""8HQ2000""	127	0	429	0	""referral for obstetric ultrasound scan""	""January 2011""	""unspecified""",
"""47373""",UNKNOWN,true,"""L411612""	16	0	1	0	""vaginal varices in the puerperium""	""February 2009""	""postnatal""",
"""16250""",UNKNOWN,true,"""L414.12""	22	0	4	2	""phlegmasia alba dolens - obstetric""	""February 2009""	""unspecified""",
"""18830""",UNKNOWN,true,"""L414.11""	441	0	8	0	""dvt - deep venous thrombosis, postnatal""	""February 2009""	""postnatal""",
"""74888""",UNKNOWN,true,"""Lyu3B00""	3	0	0	0	""[x]other disorders of amniotic fluid and membranes""	""February 2009""	""late pregnancy""",
"""47489""",UNKNOWN,true,"""Z22A800""	57	0	2	0	""undiagnosed pregnancy""	""February 2009""	""unspecified""",
"""104705""",UNKNOWN,true,"""8CL4.00""	350	0	5	3	""discussion about ectopic pregnancy risk""	""August 2012""	""unspecified""",
"""106481""",UNKNOWN,true,"""L113100""	6	0	0	0	""antepartum haemorrhage with coagulation defect - delivered""	""August 2013""	""late pregnancy""",
"""65395""",UNKNOWN,true,"""K181.11""	1	0	0	0	""postobstetric urethral stricture""	""February 2009""	""unspecified""",
"""6452""",UNKNOWN,true,"""L395.00""	142116	0	163	0	""forceps delivery""	""February 2009""	""postnatal""",
"""14085""",UNKNOWN,true,"""62GB.00""	16	0	3	1204	""antenatal ultrasounds scan at 4-8 weeks""	""February 2009""	""8""",
"""1668""",UNKNOWN,true,"""L182500""	16971	0	72	18	""iron deficiency anaemia of pregnancy""	""February 2009""	""unspecified""",
"""49269""",UNKNOWN,true,"""L432.00""	3	0	0	0	""obstetric blood-clot pulmonary embolism""	""February 2009""	""unspecified""",
"""61576""",UNKNOWN,true,"""L211000""	3	0	0	0	""triplet pregnancy unspecified""	""February 2009""	""unspecified""",
"""28446""",UNKNOWN,true,"""Lz...00""	2069	0	8	0	""complications of pregnancy,childbirth and the puerperium nos""	""February 2009""	""postnatal""",
"""239""",UNKNOWN,true,"""L20..11""	828008	0	3959	0	""spontaneous vaginal delivery""	""February 2009""	""postnatal""",
"""25501""",UNKNOWN,true,"""Z22A100""	85	0	3	0	""low risk pregnancy""	""February 2009""	""unspecified""",
"""54127""",UNKNOWN,true,"""Z255.00""	1	0	0	0	""observation of second stage of labour""	""February 2009""	""postnatal""",
"""95858""",UNKNOWN,true,"""L34y100""	2	0	0	0	""other vulval/perineal trauma during delivery- delivered""	""February 2009""	""postnatal""",
"""113992""",UNKNOWN,true,"""Z255G00""	1	0	0	0	""urge to push in labour""	""July 2019""	""postnatal""",
"""96415""",UNKNOWN,true,"""L111000""	20	0	0	0	""placenta praevia with haemorrhage unspecified""	""April 2009""	""late pregnancy""",
"""111572""",UNKNOWN,true,"""L29y100""	1	0	0	0	""other problems affecting labour - delivered""	""December 2016""	""postnatal""",
"""47155""",UNKNOWN,true,"""Q12..00""	32	0	0	0	""disorders relating to long gestation and high birthweight""	""February 2009""	""unspecified""",
"""42326""",UNKNOWN,true,"""62KZ.00""	127	0	0	460	""antenatal syphilis screen nos""	""February 2009""	""early pregnancy""",
"""90294""",UNKNOWN,true,"""Z262B00""	4	0	1	0	""lesion of placenta""	""February 2009""	""late pregnancy""",
"""18930""",UNKNOWN,true,"""ZV7y400""	23	0	1	1	""[v]postnatal screening for chromosomal anomalies""	""February 2009""	""postnatal""",
"""112710""",UNKNOWN,true,"""L432z00""	3	0	0	0	""obstetric blood-clot pulmonary embolism nos""	""May 2018""	""unspecified""",
"""47153""",UNKNOWN,true,"""Z264500""	20	0	0	0	""reduced amniotic fluid""	""February 2009""	""late pregnancy""",
"""105592""",UNKNOWN,true,"""4445100""	1	0	0	0	""placental function test abnormal""	""January 2013""	""late pregnancy""",
"""100068""",UNKNOWN,true,"""7F08000""	3	0	0	0	""percutan laser ablation placental arterio-venous anastomosis""	""July 2010""	""late pregnancy""",
"""114257""",UNKNOWN,true,"""L350100""	2	0	0	0	""rupture of uterus before labour - delivered""	""November 2019""	""postnatal""",
"""18536""",UNKNOWN,true,"""62b..00""	3730	0	1	6007	""antenatal hiv screening""	""February 2009""	""early pregnancy""",
"""18702""",UNKNOWN,true,"""6G00.00""	3428	0	166	0	""postnatal depression counselling""	""February 2009""	""postnatal""",
"""40633""",UNKNOWN,true,"""Z22A600""	64	0	4	0	""teenage pregnancy""	""February 2009""	""unspecified""",
"""116367""",UNKNOWN,true,"""Z255100""	1	0	0	0	""second stage of labour established""	""August 2023""	""postnatal""",
"""19602""",UNKNOWN,true,"""L341000""	641	0	0	0	""second degree perineal tear during delivery, unspecified""	""February 2009""	""postnatal""",
"""52669""",UNKNOWN,true,"""Q031200""	9	0	0	0	""fetus/neonate affect persistent occip-posterior - labour/del""	""February 2009""	""postnatal""",
"""29070""",UNKNOWN,true,"""7F15000""	422	0	2	0	""spontaneous breech delivery""	""February 2009""	""postnatal""",
"""104440""",UNKNOWN,true,"""4Q3N.00""	15	0	0	1553	""pregnancy associated plasma protein a level""	""June 2012""	""unspecified""",
"""45413""",UNKNOWN,true,"""L263A11""	56	0	5	0	""maternal care for reduced fetal heart rate during pregnancy""	""February 2009""	""unspecified""",
"""14994""",UNKNOWN,true,"""6174.00""	2986	0	180	0	""pregnant, sheath failure""	""February 2009""	""early pregnancy""",
"""67640""",UNKNOWN,true,"""L440000""	12	0	0	0	""puerperal cerebrovascular disorder unspecified""	""February 2009""	""postnatal""",
"""5479""",UNKNOWN,true,"""Q212.00""	236	0	9	2	""liveborn with prelabour fetal distress""	""February 2009""	""postnatal""",
"""89656""",UNKNOWN,true,"""L28y100""	1	0	0	0	""other problem of amniotic cavity and membranes - delivered""	""February 2009""	""late pregnancy""",
"""94991""",UNKNOWN,true,"""Z262800""	2	0	0	0	""observation of form of placenta""	""February 2009""	""late pregnancy""",
"""24170""",UNKNOWN,true,"""L15..00""	42	0	8	0	""prolonged or post-term pregnancy""	""February 2009""	""late pregnancy""",
"""113916""",UNKNOWN,true,"""ZV23500""	1	0	0	0	""[v]pregnancy with other poor reproductive history""	""July 2019""	""unspecified""",
"""27671""",UNKNOWN,true,"""L400z00""	92	0	0	0	""puerperal endometritis nos""	""February 2009""	""postnatal""",
"""47036""",UNKNOWN,true,"""Z288.00""	3	0	1	0	""problem of pelvis for delivery""	""February 2009""	""postnatal""",
"""27833""",UNKNOWN,true,"""L13y.00""	124	0	0	0	""other pregnancy vomiting""	""February 2009""	""unspecified""",
"""63835""",UNKNOWN,true,"""L247z11""	4	0	0	0	""septate vagina in pregnancy/childbirth/puerperium nos""	""February 2009""	""postnatal""",
"""109523""",UNKNOWN,true,"""L307000""	38	0	0	0	""other failed trial of labour unspecified""	""April 2015""	""postnatal""",
"""19605""",UNKNOWN,true,"""L341z00""	642	0	0	0	""second degree perineal tear during delivery nos""	""February 2009""	""postnatal""",
"""99475""",UNKNOWN,true,"""68b5.00""	20	0	0	0	""antenatal screening result pending""	""May 2010""	""early pregnancy""",
"""73569""",UNKNOWN,true,"""L43z.00""	8	0	0	0	""obstetric pulmonary embolism nos""	""February 2009""	""unspecified""",
"""99136""",UNKNOWN,true,"""Q021200""	3	0	0	0	""fetus/neonate affected by placental damage-amniocentesis""	""April 2010""	""late pregnancy""",
"""41626""",UNKNOWN,true,"""L4y..00""	34	0	0	0	""other specified complications of the puerperium""	""February 2009""	""postnatal""",
"""7174""",UNKNOWN,true,"""L43..00""	320	0	6	0	""obstetric pulmonary embolism""	""February 2009""	""unspecified""",
"""112128""",UNKNOWN,true,"""L171z00""	1	0	0	0	""maternal gonorrhoea in pregnancy/childbirth/puerperium nos""	""September 2017""	""postnatal""",
"""38782""",UNKNOWN,true,"""L265.11""	134	0	1	0	""placental insufficiency""	""February 2009""	""late pregnancy""",
"""112700""",UNKNOWN,true,"""L13y100""	1	0	0	0	""other pregnancy vomiting - delivered""	""May 2018""	""unspecified""",
"""102969""",UNKNOWN,true,"""Q213200""	12	0	0	0	""liveborn with labour meconium in liquor""	""September 2011""	""postnatal""",
"""55338""",UNKNOWN,true,"""L123000""	76	0	3	0	""transient hypertension of pregnancy unspecified""	""February 2009""	""unspecified""",
"""73394""",UNKNOWN,true,"""4H23.00""	0	0	0	19	""amniotic fluid -meconium stain""	""February 2009""	""late pregnancy""",
"""13168""",UNKNOWN,true,"""62NZ.00""	87629	0	13	1	""antenatal examination nos""	""February 2009""	""early pregnancy""",
"""57945""",UNKNOWN,true,"""7F17200""	4	0	0	0	""vacuum delivery before full dilation of cervix""	""February 2009""	""postnatal""",
"""72022""",UNKNOWN,true,"""L343000""	33	0	0	0	""fourth degree perineal tear during delivery, unspecified""	""February 2009""	""postnatal""",
"""116559""",UNKNOWN,true,"""8HKN.00""	0	0	1	0	""obstetric d.v. requested""	""May 2024""	""unspecified""",
"""1744""",UNKNOWN,true,"""L03..00""	65399	0	2373	3	""ectopic pregnancy""	""February 2009""	""unspecified""",
"""109550""",UNKNOWN,true,"""L416400""	1	0	0	0	""haemorrhoids in pregnancy and puerperium with p/n comp""	""April 2015""	""postnatal""",
"""52640""",UNKNOWN,true,"""4445.00""	5	0	3	2	""placental function test""	""February 2009""	""late pregnancy""",
"""29076""",UNKNOWN,true,"""63D5.00""	98	0	1	0	""placental abnormality""	""February 2009""	""late pregnancy""",
"""99956""",UNKNOWN,true,"""L168400""	1	0	0	0	""fatigue during pregnancy with postnatal complication""	""June 2010""	""postnatal""",
"""71314""",UNKNOWN,true,"""L093.00""	23	0	0	0	""renal failure following abortive pregnancy""	""February 2009""	""unspecified""",
"""63448""",UNKNOWN,true,"""Z675.00""	76	0	1	0	""antenatal class""	""February 2009""	""early pregnancy""",
"""91915""",UNKNOWN,true,"""7M0f400""	21	0	0	0	""from 9 weeks to <14 weeks gestational age""	""February 2009""	""9""",
"""33786""",UNKNOWN,true,"""L443z00""	34	0	4	0	""other complication of obstetric surgical wound nos""	""February 2009""	""unspecified""",
"""62916""",UNKNOWN,true,"""L125400""	9	0	0	0	""severe pre-eclampsia with postnatal complication""	""February 2009""	""postnatal""",
"""112461""",UNKNOWN,true,"""Q03y500""	4	0	0	0	""fetus or neonate affected by instrumental delivery""	""January 2018""	""postnatal""",
"""29434""",UNKNOWN,true,"""63E3.00""	315	0	11	0	""normal labour""	""February 2009""	""postnatal""",
"""96179""",UNKNOWN,true,"""L393100""	2	0	0	0	""post-delivery acute renal failure - delivered with p/n prob""	""April 2009""	""postnatal""",
"""106735""",UNKNOWN,true,"""9mK0.00""	2900	0	0	0	""pertussis vaccination in pregnancy invitation first letter""	""August 2013""	""unspecified""",
"""50704""",UNKNOWN,true,"""Q113.00""	170	0	0	0	""light for gestational age""	""February 2009""	""unspecified""",
"""32913""",UNKNOWN,true,"""Z28..00""	14	0	2	0	""obstetric pelvic observation""	""February 2009""	""unspecified""",
"""46250""",UNKNOWN,true,"""7F05400""	75	0	2	1	""biopsy of placenta nec""	""February 2009""	""late pregnancy""",
"""3365""",UNKNOWN,true,"""L142.11""	3565	0	116	0	""premature delivery""	""February 2009""	""postnatal""",
"""23316""",UNKNOWN,true,"""L140.11""	442	0	56	1	""false labour""	""February 2009""	""postnatal""",
"""86760""",UNKNOWN,true,"""7F05z00""	1	0	0	0	""other operation on amniotic cavity nos""	""February 2009""	""late pregnancy""",
"""70891""",UNKNOWN,true,"""L126400""	25	0	0	0	""eclampsia with postnatal complication""	""February 2009""	""postnatal""",
"""49478""",UNKNOWN,true,"""L39X.00""	39	0	0	0	""obstetric death of unspecified cause""	""February 2009""	""unspecified""",
"""55917""",UNKNOWN,true,"""L443000""	20	0	1	0	""other complication of obstetric surgical wound unspecified""	""February 2009""	""unspecified""",
"""43567""",UNKNOWN,true,"""L313100""	15	0	0	0	""precipitate labour - delivered""	""February 2009""	""postnatal""",
"""115880""",UNKNOWN,true,"""L401000""	1	0	0	0	""puerperal salpingitis unspecified""	""November 2021""	""postnatal""",
"""72779""",UNKNOWN,true,"""L30z.00""	12	0	0	0	""obstructed labour nos""	""February 2009""	""postnatal""",
"""27914""",UNKNOWN,true,"""62V..00""	960	0	15	0	""delivery place planned""	""February 2009""	""postnatal""",
"""59276""",UNKNOWN,true,"""L032.00""	48	0	1	0	""ovarian pregnancy""	""February 2009""	""unspecified""",
"""46724""",UNKNOWN,true,"""Q022200""	15	0	3	0	""fetus or neonate affected by placental insufficiency""	""February 2009""	""late pregnancy""",
"""65579""",UNKNOWN,true,"""L415.00""	13	0	0	0	""other phlebitis and thrombosis in pregnancy and puerperium""	""February 2009""	""postnatal""",
"""93143""",UNKNOWN,true,"""L121.00""	11	0	0	0	""renal hypertension in pregnancy/childbirth/puerperium""	""February 2009""	""postnatal""",
"""54866""",UNKNOWN,true,"""L030.00""	113	0	1	0	""abdominal pregnancy""	""February 2009""	""unspecified""",
"""38882""",UNKNOWN,true,"""L123600""	864	0	0	0	""transient hypertension of pregnancy""	""February 2009""	""unspecified""",
"""66219""",UNKNOWN,true,"""Lyu6000""	11	0	0	0	""[x]other infection of genital tract following delivery""	""February 2009""	""postnatal""",
"""61204""",UNKNOWN,true,"""L414z00""	58	0	0	0	""postnatal deep vein thrombosis nos""	""February 2009""	""postnatal""",
"""60154""",UNKNOWN,true,"""L24..00""	15	0	0	0	""pelvic soft tissue abnormality in pregnancy/childbirth/puerp""	""February 2009""	""postnatal""",
"""61995""",UNKNOWN,true,"""L03yz00""	30	0	1	0	""other ectopic pregnancy nos""	""February 2009""	""unspecified""",
"""67423""",UNKNOWN,true,"""Z23AG00""	1	0	0	0	""hypertonic lower uterine segment during labour""	""February 2009""	""postnatal""",
"""115581""",UNKNOWN,true,"""L383000""	1	0	0	0	""toxic reaction to local anaesthesia during pregnancy""	""May 2021""	""unspecified""",
"""105097""",UNKNOWN,true,"""L250300""	2	0	0	0	""maternal care for suspected cns malformation in fetus""	""October 2012""	""unspecified""",
"""18458""",UNKNOWN,true,"""Z29..00""	2056	0	7	0	""postnatal examination observations""	""February 2009""	""postnatal""",
"""100596""",UNKNOWN,true,"""68b3.00""	6	0	0	0	""antenatal screening shows significant disorder""	""August 2010""	""early pregnancy""",
"""112115""",UNKNOWN,true,"""L096500""	1	0	0	0	""pyaemic embolism following abortive pregnancy""	""September 2017""	""unspecified""",
"""72736""",UNKNOWN,true,"""Z246200""	8	0	0	0	""onset of labour first stage""	""February 2009""	""postnatal""",
"""5044""",UNKNOWN,true,"""13H7.00""	81523	0	15183	2	""unwanted pregnancy""	""February 2009""	""unspecified""",
"""71717""",UNKNOWN,true,"""L121100""	2	0	0	0	""renal hypertension in pregnancy/childbirth/puerp - delivered""	""February 2009""	""postnatal""",
"""57304""",UNKNOWN,true,"""Lyu6700""	3	0	1	0	""[x]other specified puerperal complications""	""February 2009""	""postnatal""",
"""34677""",UNKNOWN,true,"""7F23000""	55	0	1	0	""immed repair obstetric laceration of uterus or cervix uteri""	""February 2009""	""unspecified""",
"""25131""",UNKNOWN,true,"""Z22AD11""	638	0	15	0	""reported conception - pregnancy""	""February 2009""	""unspecified""",
"""21467""",UNKNOWN,true,"""L03y200""	3	0	0	0	""membranous pregnancy""	""February 2009""	""unspecified""",
"""72931""",UNKNOWN,true,"""L450100""	2	0	0	0	""obstetric nipple infection - delivered""	""February 2009""	""unspecified""",
"""52633""",UNKNOWN,true,"""Q021111""	26	0	0	0	""fetus affected by placental abruption""	""February 2009""	""late pregnancy""",
"""111897""",UNKNOWN,true,"""Z255B11""	1	0	0	0	""wants to push in labour""	""June 2017""	""postnatal""",
"""112101""",UNKNOWN,true,"""L092.00""	1	0	0	0	""pelvic organ or tissue damage following abortive pregnancy""	""September 2017""	""unspecified""",
"""114604""",UNKNOWN,true,"""L300600""	1	0	0	0	""obstructed labour due to shoulder presentation""	""December 2019""	""postnatal""",
"""113320""",UNKNOWN,true,"""L267.11""	2	0	0	0	""placental infarct""	""February 2019""	""late pregnancy""",
"""48304""",UNKNOWN,true,"""L10z200""	9	0	0	0	""early pregnancy haemorrhage nos - not delivered""	""February 2009""	""unspecified""",
"""112110""",UNKNOWN,true,"""L094.00""	1	0	0	0	""metabolic disorder following abortive pregnancy""	""September 2017""	""unspecified""",
"""58517""",UNKNOWN,true,"""L244012""	34	0	4	0	""rectocele affecting obstetric care""	""February 2009""	""unspecified""",
"""13303""",UNKNOWN,true,"""Q408500""	377	0	1	0	""group b haemolytic streptococcal intra-amniotic infect. nec""	""February 2009""	""late pregnancy""",
"""66178""",UNKNOWN,true,"""Z264.11""	4	0	1	0	""condition of amniotic liquor""	""February 2009""	""late pregnancy""",
"""29087""",UNKNOWN,true,"""7F25z00""	42	0	3	0	""obstetric monitoring nos""	""February 2009""	""unspecified""",
"""37693""",UNKNOWN,true,"""13Hd.00""	513	0	5	0	""teenage pregnancy""	""February 2009""	""unspecified""",
"""35601""",UNKNOWN,true,"""7F23z00""	72	0	4	0	""immediate repair of obstetric laceration nos""	""February 2009""	""unspecified""",
"""27980""",UNKNOWN,true,"""L166700""	70	0	1	0	""infections of the genital tract in pregnancy""	""February 2009""	""unspecified""",
"""24006""",UNKNOWN,true,"""L466100""	23	0	1	0	""galactorrhoea in pregnancy and the puerperium - delivered""	""February 2009""	""postnatal""",
"""64289""",UNKNOWN,true,"""L450.00""	70	0	0	0	""obstetric nipple infection""	""February 2009""	""unspecified""",
"""2638""",UNKNOWN,true,"""L1...00""	11682	0	1103	5	""pregnancy complications""	""February 2009""	""unspecified""",
"""116177""",UNKNOWN,true,"""Q021y11""	1	0	0	0	""fetus or neonate affected by placental damage os""	""November 2022""	""late pregnancy""",
"""23357""",UNKNOWN,true,"""7E0B100""	43	0	7	0	""intraamniotic injection of abortifacient nec""	""February 2009""	""late pregnancy""",
"""99933""",UNKNOWN,true,"""L092100""	4	0	0	0	""bowel damage following abortive pregnancy""	""June 2010""	""unspecified""",
"""41122""",UNKNOWN,true,"""L10zz00""	990	0	11	0	""early pregnancy haemorrhage nos""	""February 2009""	""unspecified""",
"""112117""",UNKNOWN,true,"""L096z00""	1	0	0	0	""embolism nos following abortive pregnancy""	""September 2017""	""unspecified""",
"""13700""",UNKNOWN,true,"""ZL5D100""	2214	0	3934	0	""referral to obstetrician""	""February 2009""	""unspecified""",
"""96711""",UNKNOWN,true,"""Q408200""	4	0	0	0	""eschericha coli intra-amniotic fetal infection""	""April 2009""	""late pregnancy""",
"""40204""",UNKNOWN,true,"""444Z.00""	0	0	0	121	""feto/placental hormones nos""	""February 2009""	""late pregnancy""",
"""112141""",UNKNOWN,true,"""Lyu0A00""	1	0	0	0	""[x]other complications follow abortn+ectopic+molar pregnancy""	""September 2017""	""unspecified""",
"""94808""",UNKNOWN,true,"""Q017600""	1	0	0	0	""fetus or neonate affected by face presentation before labour""	""February 2009""	""postnatal""",
"""37348""",UNKNOWN,true,"""Lyu2500""	100	0	1	0	""[x]other specified pregnancy-related conditions""	""February 2009""	""unspecified""",
"""90885""",UNKNOWN,true,"""Lyu4900""	1	0	0	0	""[x]labour+delivery complicated by other cord entanglement""	""February 2009""	""postnatal""",
"""13317""",UNKNOWN,true,"""27...00""	550110	0	1458	0	""obstetric examination""	""February 2009""	""unspecified""",
"""96757""",UNKNOWN,true,"""L411513""	56	0	0	0	""vulval varices in pregnancy""	""April 2009""	""unspecified""",
"""59634""",UNKNOWN,true,"""L411512""	39	0	1	0	""vaginal varices in pregnancy""	""February 2009""	""unspecified""",
"""99237""",UNKNOWN,true,"""L411511""	2	0	0	0	""perineal varices in pregnancy""	""April 2010""	""unspecified""",
"""2564""",UNKNOWN,true,"""7F21000""	3965	0	34	0	""manual removal of placenta from delivered uterus""	""February 2009""	""late pregnancy""",
"""27451""",UNKNOWN,true,"""L166000""	127	0	11	2	""genitourinary tract infection in pregnancy unspecified""	""February 2009""	""unspecified""",
"""110628""",UNKNOWN,true,"""L43y.11""	1	0	0	0	""fat embolism - obstetric""	""March 2016""	""unspecified""",
"""110129""",UNKNOWN,true,"""6556000""	42	18194	0	0	""pertussis vacc in pregnancy given by other healthcre providr""	""September 2015""	""unspecified""",
"""56310""",UNKNOWN,true,"""Z25..00""	232	0	1	0	""delivery observations""	""February 2009""	""postnatal""",
"""63037""",UNKNOWN,true,"""L420000""	11	0	0	0	""puerperal pyrexia of unknown origin unspecified""	""February 2009""	""postnatal""",
"""107485""",UNKNOWN,true,"""Q014000""	3	0	0	0	""fetus or neonate affected by unspecified ectopic pregnancy""	""December 2013""	""unspecified""",
"""115266""",UNKNOWN,true,"""L21yz00""	1	0	0	0	""other multiple pregnancy nos""	""January 2021""	""unspecified""",
"""18258""",UNKNOWN,true,"""L167.00""	82	0	2	0	""liver disorder in pregnancy""	""February 2009""	""unspecified""",
"""42015""",UNKNOWN,true,"""L16y.00""	99	0	0	0	""other pregnancy complications""	""February 2009""	""unspecified""",
"""113862""",UNKNOWN,true,"""Lyu4H00""	1	0	0	0	""[x]other infection during labour""	""June 2019""	""postnatal""",
"""44069""",UNKNOWN,true,"""L18..00""	36	0	0	0	""other medical condition in pregnancy/childbirth/puerperium""	""February 2009""	""postnatal""",
"""20809""",UNKNOWN,true,"""L14..00""	2155	0	72	0	""early or threatened labour""	""February 2009""	""postnatal""",
"""25028""",UNKNOWN,true,"""L09z.00""	40	0	0	0	""complication nos following abortion/ectopic/molar pregnancy""	""February 2009""	""unspecified""",
"""37143""",UNKNOWN,true,"""7F10000""	60	0	2	0	""forewater rupture of amniotic membrane""	""February 2009""	""late pregnancy""",
"""15523""",UNKNOWN,true,"""L40z.00""	632	0	35	0	""major puerperal infection nos""	""February 2009""	""postnatal""",
"""44734""",UNKNOWN,true,"""62O8.00""	22	0	0	0	""pregnancy prolonged - 42 weeks""	""February 2009""	""42""",
"""47918""",UNKNOWN,true,"""L090300""	54	0	0	0	""salpingitis following abortive pregnancy""	""February 2009""	""unspecified""",
"""12052""",UNKNOWN,true,"""Z257.00""	5030	0	1	0	""delivery normal""	""February 2009""	""postnatal""",
"""4382""",UNKNOWN,true,"""L42z.00""	362	0	23	0	""puerperal pyrexia nos""	""February 2009""	""postnatal""",
"""95424""",UNKNOWN,true,"""7L1dz00""	15	0	0	0	""delivery of chemotherapy for neoplasm nos""	""February 2009""	""postnatal""",
"""67926""",UNKNOWN,true,"""ZV28z00""	3239	0	0	0	""[v]unspecified antenatal screening""	""February 2009""	""early pregnancy""",
"""3088""",UNKNOWN,true,"""7F11.00""	3248	0	168	0	""other induction of labour""	""February 2009""	""postnatal""",
"""107037""",UNKNOWN,true,"""Lyu4C00""	2	0	0	0	""[x]other specified obstetric trauma""	""October 2013""	""unspecified""",
"""98261""",UNKNOWN,true,"""7F27y00""	3	0	0	0	""os non routine obstetric scan for fetal observations""	""December 2009""	""unspecified""",
"""115701""",UNKNOWN,true,"""L432400""	1	0	0	0	""obstetric blood-clot pulmonary embolism + p/n complication""	""July 2021""	""unspecified""",
"""41588""",UNKNOWN,true,"""L112200""	6	0	1	0	""placental abruption - not delivered""	""February 2009""	""late pregnancy""",
"""16613""",UNKNOWN,true,"""584C.00""	899	0	189	6468	""antenatal ultrasound result received""	""February 2009""	""early pregnancy""",
"""34046""",UNKNOWN,true,"""7F2..00""	73	0	0	0	""other obstetric operations""	""February 2009""	""unspecified""",
"""23831""",UNKNOWN,true,"""ZV22y00""	177	0	3	0	""[v]other specified pregnant state""	""February 2009""	""early pregnancy""",
"""60507""",UNKNOWN,true,"""L35z000""	1	0	0	0	""obstetric trauma nos, unspecified""	""February 2009""	""unspecified""",
"""108764""",UNKNOWN,true,"""L29y.00""	2	0	0	0	""other problems affecting labour""	""October 2014""	""postnatal""",
"""23525""",UNKNOWN,true,"""L141.00""	578	0	208	0	""other threatened labour""	""February 2009""	""postnatal""",
"""114125""",UNKNOWN,true,"""L353100""	2	0	0	0	""obstetric laceration of cervix - delivered""	""August 2019""	""unspecified""",
"""41587""",UNKNOWN,true,"""L210z00""	429	0	1	0	""twin pregnancy nos""	""February 2009""	""unspecified""",
"""11152""",UNKNOWN,true,"""L....00""	8549	0	716	3	""complications of pregnancy, childbirth and the puerperium""	""February 2009""	""postnatal""",
"""24063""",UNKNOWN,true,"""62O7.00""	119	0	6	0	""pregnancy prolonged - 41 weeks""	""February 2009""	""41""",
"""24407""",UNKNOWN,true,"""L42..00""	164	0	8	0	""puerperal pyrexia of unknown origin""	""February 2009""	""postnatal""",
"""63644""",UNKNOWN,true,"""L181z00""	8	0	0	0	""thyroid dysfunction in pregnancy/childbirth/puerperium nos""	""February 2009""	""postnatal""",
"""113576""",UNKNOWN,true,"""L186100""	1	0	0	0	""other cardiovascular disease in pregnancy - baby delivered""	""April 2019""	""unspecified""",
"""96004""",UNKNOWN,true,"""L183z00""	3	0	0	0	""drug dependence during pregnancy/childbirth/puerperium nos""	""February 2009""	""postnatal""",
"""44650""",UNKNOWN,true,"""L0y..00""	44	0	0	0	""other specified pregnancy with abortive outcome""	""February 2009""	""unspecified""",
"""61284""",UNKNOWN,true,"""L210200""	55	0	0	0	""twin pregnancy with antenatal problem""	""February 2009""	""early pregnancy""",
"""85182""",UNKNOWN,true,"""L113000""	18	0	0	0	""antepartum haemorrhage with coagulation defect unspecified""	""February 2009""	""late pregnancy""",
"""112118""",UNKNOWN,true,"""L09y000""	1	0	0	0	""acute liver necrosis following abortive pregnancy""	""September 2017""	""unspecified""",
"""54288""",UNKNOWN,true,"""Z22D311""	66	0	2	0	""query viability of pregnancy""	""February 2009""	""unspecified""",
"""1771""",UNKNOWN,true,"""L182.00""	48453	0	209	34	""anaemia during pregnancy, childbirth and the puerperium""	""February 2009""	""postnatal""",
"""56727""",UNKNOWN,true,"""5392.00""	1	0	0	32	""obstetric x-ray - placenta""	""February 2009""	""late pregnancy""",
"""105778""",UNKNOWN,true,"""14Og.00""	142	0	2	0	""at risk of unwanted pregnancy""	""February 2013""	""unspecified""",
"""34981""",UNKNOWN,true,"""7F10z00""	543	0	51	0	""surgical induction of labour nos""	""February 2009""	""postnatal""",
"""13164""",UNKNOWN,true,"""62BZ.00""	3638	0	325	0	""delivery booking - place nos""	""February 2009""	""postnatal""",
"""56246""",UNKNOWN,true,"""L394z00""	4	0	0	0	""other complications of obstetric procedures nos""	""February 2009""	""unspecified""",
"""51177""",UNKNOWN,true,"""L5...00""	144	0	2	0	""maternal care for fetus""	""February 2009""	""unspecified""",
"""61212""",UNKNOWN,true,"""L34y.00""	44	0	0	0	""other vulval and perineal trauma during delivery""	""February 2009""	""postnatal""",
"""64395""",UNKNOWN,true,"""Z255D00""	1	0	0	0	""ability to push in labour""	""February 2009""	""postnatal""",
"""20055""",UNKNOWN,true,"""L351100""	63	0	2	0	""rupture of uterus during and after labour - delivered""	""February 2009""	""postnatal""",
"""61077""",UNKNOWN,true,"""7F16200""	48	0	0	0	""mid forceps cephalic delivery with rotation""	""February 2009""	""postnatal""",
"""54623""",UNKNOWN,true,"""L441200""	4	0	0	0	""caesarean wound disruption with postnatal complication""	""February 2009""	""postnatal""",
"""69250""",UNKNOWN,true,"""L169000""	3	0	0	0	""herpes gestationis unspecified""	""February 2009""	""unspecified""",
"""44173""",UNKNOWN,true,"""5391.00""	0	0	1	439	""obstetric x-ray - fetus""	""February 2009""	""unspecified""",
"""57984""",UNKNOWN,true,"""4445000""	1	0	1	2	""placental function test normal""	""February 2009""	""late pregnancy""",
"""89564""",UNKNOWN,true,"""7F22111""	6	0	0	0	""brandt-andrews expression of placenta""	""February 2009""	""late pregnancy""",
"""70850""",UNKNOWN,true,"""Q212100""	3	0	0	0	""liveborn with prelabour hypoxia""	""February 2009""	""postnatal""",
"""36640""",UNKNOWN,true,"""L265300""	58	0	3	0	""maternal care for poor fetal growth""	""February 2009""	""unspecified""",
"""113420""",UNKNOWN,true,"""L114000""	2	0	0	0	""antepartum haemorrhage with trauma unspecified""	""March 2019""	""late pregnancy""",
"""34938""",UNKNOWN,true,"""L212.00""	52	0	1	0	""quadruplet pregnancy""	""February 2009""	""unspecified""",
"""59623""",UNKNOWN,true,"""L35..00""	77	0	0	0	""other obstetric trauma""	""February 2009""	""unspecified""",
"""5866""",UNKNOWN,true,"""7F1..00""	4950	0	12	2	""induction and delivery operations""	""February 2009""	""postnatal""",
"""65940""",UNKNOWN,true,"""7F16500""	11	0	0	0	""trial of forceps delivery""	""February 2009""	""postnatal""",
"""16424""",UNKNOWN,true,"""L451.11""	1574	0	11	0	""purulent mastitis - obstetric""	""February 2009""	""unspecified""",
"""23372""",UNKNOWN,true,"""L295.00""	42	0	15	1	""elderly primigravida""	""February 2009""	""unspecified""",
"""23642""",UNKNOWN,true,"""Eu53z00""	287	0	1	0	""[x]puerperal mental disorder, unspecified""	""February 2009""	""postnatal""",
"""103105""",UNKNOWN,true,"""L293.00""	11	0	0	0	""septicaemia during labour""	""October 2011""	""postnatal""",
"""102494""",UNKNOWN,true,"""8Hh3.00""	177	0	14	0	""self referral to termination of pregnancy service""	""June 2011""	""unspecified""",
"""1686""",UNKNOWN,true,"""7E08600""	541962	0	18887	1	""termination of pregnancy nec""	""February 2009""	""unspecified""",
"""70214""",UNKNOWN,true,"""L21z100""	4	0	0	0	""multiple pregnancy nos - delivered""	""February 2009""	""unspecified""",
"""62654""",UNKNOWN,true,"""4H72.00""	1	0	0	2	""amniotic fetal cell abnormal""	""February 2009""	""late pregnancy""",
"""28156""",UNKNOWN,true,"""L130z00""	321	0	1	0	""mild hyperemesis gravidarum nos""	""February 2009""	""early pregnancy""",
"""114044""",UNKNOWN,true,"""L267000""	3	0	0	0	""other placental conditions unspecified""	""July 2019""	""late pregnancy""",
"""52679""",UNKNOWN,true,"""L417.00""	50	0	0	0	""obstetric cerebral venous thrombosis""	""February 2009""	""unspecified""",
"""23667""",UNKNOWN,true,"""L413.00""	382	0	4	0	""antenatal deep vein thrombosis""	""February 2009""	""early pregnancy""",
"""40683""",UNKNOWN,true,"""Z28..11""	20	0	0	0	""pelvic assessment - childbirth""	""February 2009""	""postnatal""",
"""53683""",UNKNOWN,true,"""L452300""	3	0	0	0	""obstetric nonpurulent mastitis with antenatal complication""	""February 2009""	""early pregnancy""",
"""20358""",UNKNOWN,true,"""L130000""	3006	0	24	0	""mild hyperemesis unspecified""	""February 2009""	""early pregnancy""",
"""108450""",UNKNOWN,true,"""L267900""	11	0	0	0	""morbidly adherent placenta""	""August 2014""	""late pregnancy""",
"""97398""",UNKNOWN,true,"""68b7.00""	9	0	0	0	""antenatal screening not indicated for partner""	""August 2009""	""early pregnancy""",
"""19608""",UNKNOWN,true,"""L340z00""	274	0	1	0	""first degree perineal tear during delivery nos""	""February 2009""	""postnatal""",
"""23751""",UNKNOWN,true,"""L266.00""	101	0	6	0	""large-for-dates fetus in pregnancy""	""February 2009""	""unspecified""",
"""112407""",UNKNOWN,true,"""Q023z00""	1	0	0	0	""fetus/neonate affected by placental transfusion syndrome nos""	""December 2017""	""late pregnancy""",
"""68834""",UNKNOWN,true,"""4JL3.00""	1	0	0	3	""amniotic fluid for organism""	""February 2009""	""late pregnancy""",
"""13039""",UNKNOWN,true,"""L383.00""	19	0	1	0	""obstetric toxic reaction to local anaesthesia""	""February 2009""	""unspecified""",
"""39359""",UNKNOWN,true,"""L385.00""	51	0	0	0	""failed or difficult intubation during pregnancy""	""February 2009""	""unspecified""",
"""112129""",UNKNOWN,true,"""L172100""	2	0	0	0	""other maternal venereal disease during pregnancy- baby deliv""	""September 2017""	""unspecified""",
"""90329""",UNKNOWN,true,"""L416z00""	21	0	0	0	""haemorrhoids in pregnancy and the puerperium nos""	""February 2009""	""postnatal""",
"""41050""",UNKNOWN,true,"""Z2...00""	339	0	3	0	""pregnancy, childbirth and puerperium observations""	""February 2009""	""postnatal""",
"""20907""",UNKNOWN,true,"""L244011""	78	0	3	0	""cystocele affecting obstetric care""	""February 2009""	""unspecified""",
"""112572""",UNKNOWN,true,"""L355200""	2	0	0	0	""other obstetric pelvic organ damage with postnatal problem""	""April 2018""	""postnatal""",
"""64500""",UNKNOWN,true,"""L183.11""	2	0	0	0	""pregnancy and drug dependence""	""February 2009""	""unspecified""",
"""104764""",UNKNOWN,true,"""L236200""	1	0	0	0	""hydrocephalic disproportion with antenatal problem""	""August 2012""	""early pregnancy""",
"""41108""",UNKNOWN,true,"""L45z000""	5	0	0	0	""obstetric breast infection nos, unspecified""	""February 2009""	""unspecified""",
"""34265""",UNKNOWN,true,"""L16C000""	99	0	0	0	""gestational proteinuria""	""February 2009""	""unspecified""",
"""73917""",UNKNOWN,true,"""L10y200""	9	0	0	0	""other haemorrhage in early pregnancy - not delivered""	""February 2009""	""unspecified""",
"""47779""",UNKNOWN,true,"""4443000""	47	0	0	0	""human placental lactogen level normal""	""February 2009""	""late pregnancy""",
"""112341""",UNKNOWN,true,"""4H11.00""	0	0	0	1	""amniotic fluid sent for exam.""	""November 2017""	""late pregnancy""",
"""63287""",UNKNOWN,true,"""Z24..00""	795	0	1	0	""labour observations""	""February 2009""	""postnatal""",
"""109788""",UNKNOWN,true,"""9mL2.00""	22	0	0	0	""postnatal examination first invitation""	""June 2015""	""postnatal""",
"""46514""",UNKNOWN,true,"""L263700""	16	0	3	0	""maternal care for fetal hypoxia""	""February 2009""	""unspecified""",
"""23670""",UNKNOWN,true,"""Q111.00""	1710	0	2	0	""premature - weight 1000g-2499g or gestation of 28-37weeks""	""February 2009""	""unspecified""",
"""83541""",UNKNOWN,true,"""Z243500""	1	0	0	0	""normal length of first stage of labour""	""February 2009""	""postnatal""",
"""39550""",UNKNOWN,true,"""L244z11""	48	0	3	0	""cystocele in pregnancy, childbirth or the puerperium nos""	""February 2009""	""postnatal""",
"""64147""",UNKNOWN,true,"""L244z12""	16	0	0	0	""rectocele in pregnancy, childbirth or the puerperium nos""	""February 2009""	""postnatal""",
"""55229""",UNKNOWN,true,"""K31y300""	10	0	0	0	""breast subinvolution, postpartum""	""February 2009""	""postnatal""",
"""104214""",UNKNOWN,true,"""68b8.00""	15	0	0	0	""antenatal screening for partner required""	""June 2012""	""early pregnancy""",
"""255""",UNKNOWN,true,"""L05..12""	392727	0	21594	60	""termination of pregnancy""	""February 2009""	""unspecified""",
"""60330""",UNKNOWN,true,"""L19..00""	11	0	0	0	""complications specific to multiple gestation""	""February 2009""	""unspecified""",
"""62117""",UNKNOWN,true,"""7G1L000""	1	0	0	0	""allograft of amniotic membrane to head or neck""	""February 2009""	""late pregnancy""",
"""112358""",UNKNOWN,true,"""L414100""	2	0	0	0	""postnatal deep vein thrombosis - delivered with p/n comp""	""December 2017""	""postnatal""",
"""49302""",UNKNOWN,true,"""Z243100""	5	0	0	0	""first stage of labour established""	""February 2009""	""postnatal""",
"""26286""",UNKNOWN,true,"""L18A000""	3030	0	40	0	""cholestasis of pregnancy""	""February 2009""	""unspecified""",
"""52875""",UNKNOWN,true,"""L398000""	801	0	4	0	""caesarean delivery unspecified""	""February 2009""	""postnatal""",
"""15297""",UNKNOWN,true,"""L461400""	99	0	2	0	""cracked nipple in pregnancy/puerperium/lactation + p/n comp""	""February 2009""	""postnatal""",
"""15433""",UNKNOWN,true,"""L21..00""	640	0	22	0	""multiple pregnancy""	""February 2009""	""unspecified""",
"""20439""",UNKNOWN,true,"""L123.00""	2414	0	0	0	""transient hypertension of pregnancy""	""February 2009""	""unspecified""",
"""16775""",UNKNOWN,true,"""L16E.00""	3258	0	64	0	""pregnancy pruritus""	""February 2009""	""unspecified""",
"""112107""",UNKNOWN,true,"""L093200""	1	0	0	0	""renal shutdown following abortive pregnancy""	""September 2017""	""unspecified""",
"""19356""",UNKNOWN,true,"""634..11""	8121	0	15	0	""delivery - sex of baby""	""February 2009""	""postnatal""",
"""4607""",UNKNOWN,true,"""L414.00""	412	0	4	0	""postnatal deep vein thrombosis""	""February 2009""	""postnatal""",
"""53921""",UNKNOWN,true,"""L161000""	25	0	0	0	""oedema or excessive weight gain in pregnancy, unspecified""	""February 2009""	""unspecified""",
"""83535""",UNKNOWN,true,"""Lyu5000""	116	0	0	0	""[x]other single spontaneous delivery""	""February 2009""	""postnatal""",
"""47231""",UNKNOWN,true,"""7F22700""	49	0	8	0	""pack to control postnatal vaginal bleeding""	""February 2009""	""postnatal""",
"""13584""",UNKNOWN,true,"""3885.00""	50117	0	37	1	""edinburgh postnatal depression scale""	""February 2009""	""postnatal""",
"""44770""",UNKNOWN,true,"""L191.00""	9	0	0	0	""continuing pregnancy after abortion of one fetus or more""	""February 2009""	""unspecified""",
"""111754""",UNKNOWN,true,"""4H1Z.00""	0	0	0	2	""amniotic fluid exam. gen. nos""	""April 2017""	""late pregnancy""",
"""37864""",UNKNOWN,true,"""L11zz00""	400	0	5	0	""antepartum haemorrhage nos""	""February 2009""	""late pregnancy""",
"""73717""",UNKNOWN,true,"""L463300""	1	0	0	0	""other breast disorder in pregnancy/puerperium/lact +a/n comp""	""February 2009""	""postnatal""",
"""56967""",UNKNOWN,true,"""9NV1.00""	4311	0	1	0	""antenatal clinic""	""February 2009""	""early pregnancy""",
"""102027""",UNKNOWN,true,"""L35yz00""	3	0	0	0	""other obstetric trauma nos""	""April 2011""	""unspecified""",
"""112109""",UNKNOWN,true,"""L093z00""	1	0	0	0	""renal failure nos following abortive pregnancy""	""September 2017""	""unspecified""",
"""29205""",UNKNOWN,true,"""4453.00""	174	0	25	1308	""serum pregnancy test positive""	""February 2009""	""early pregnancy""",
"""34210""",UNKNOWN,true,"""L240011""	35	0	2	0	""bicornuate uterus affecting obstetric care""	""February 2009""	""unspecified""",
"""101964""",UNKNOWN,true,"""4H2Z.00""	0	0	0	1	""amniotic fluid appearance nos""	""March 2011""	""late pregnancy""",
"""115816""",UNKNOWN,true,"""67AG.00""	1	0	0	0	""education about listeria precautions during pregnancy""	""October 2021""	""unspecified""",
"""106065""",UNKNOWN,true,"""Lyu3500""	1	0	0	0	""[x]maternal care for other abnormalities of pelvic organs""	""May 2013""	""unspecified""",
"""44482""",UNKNOWN,true,"""L451z00""	94	0	1	0	""obstetric breast abscess nos""	""February 2009""	""unspecified""",
"""50516""",UNKNOWN,true,"""7F24000""	45	0	1	0	""secondary repair of obstetric laceration""	""February 2009""	""unspecified""",
"""46577""",UNKNOWN,true,"""66AX.00""	99	0	16	0	""diabetes: shared care in pregnancy - diabetol and obstet""	""February 2009""	""unspecified""",
"""14762""",UNKNOWN,true,"""L11..00""	1613	0	44	0	""antepartum haemorrhage, abruptio placentae, placenta praevia""	""February 2009""	""late pregnancy""",
"""98264""",UNKNOWN,true,"""L165200""	1	0	0	0	""asymptomatic bacteriuria in pregnancy - del with p/n comp""	""December 2009""	""unspecified""",
"""96683""",UNKNOWN,true,"""L363z00""	2	0	0	0	""postpartum coagulation defects nos""	""April 2009""	""postnatal""",
"""96416""",UNKNOWN,true,"""L284z00""	4	0	0	0	""amniotic cavity infection nos""	""April 2009""	""late pregnancy""",
"""73455""",UNKNOWN,true,"""Q015200""	7	0	0	0	""fetus or neonate affected by triplet pregnancy""	""February 2009""	""unspecified""",
"""17947""",UNKNOWN,true,"""62a..00""	2680	0	7	0	""pregnancy review""	""February 2009""	""unspecified""",
"""85951""",UNKNOWN,true,"""7F28z00""	6	0	0	0	""other non routine obstetric scan nos""	""February 2009""	""unspecified""",
"""46807""",UNKNOWN,true,"""R13z000""	10	0	1	0	""[d]placental imaging abnormal""	""February 2009""	""late pregnancy""",
"""12773""",UNKNOWN,true,"""6G...00""	44697	0	177	8	""postnatal care""	""February 2009""	""postnatal""",
"""41625""",UNKNOWN,true,"""L13yz00""	59	0	0	0	""other pregnancy vomiting nos""	""February 2009""	""unspecified""",
"""60345""",UNKNOWN,true,"""M240500""	42	0	0	0	""alopecia of pregnancy""	""February 2009""	""unspecified""",
"""16321""",UNKNOWN,true,"""L360.00""	578	0	16	0	""third-stage postpartum haemorrhage""	""February 2009""	""postnatal""",
"""34086""",UNKNOWN,true,"""7Fz..00""	56	0	3	0	""obstetric operations nos""	""February 2009""	""unspecified""",
"""47625""",UNKNOWN,true,"""Z22C200""	32	0	0	0	""estimated date of delivery from last normal period""	""February 2009""	""postnatal""",
"""33632""",UNKNOWN,true,"""7F11200""	159	0	0	0	""syntocinon induction of labour""	""February 2009""	""postnatal""",
"""93041""",UNKNOWN,true,"""Z246700""	4	0	0	0	""onset of second stage of labour""	""February 2009""	""postnatal""",
"""63905""",UNKNOWN,true,"""Lyu3A00""	0	0	0	0	""[x]maternal care/known or suspected fetal problem,unspecifd""	""February 2009""	""unspecified""",
"""35926""",UNKNOWN,true,"""K54y300""	7	0	0	0	""old uterine laceration due to obstetric cause""	""February 2009""	""unspecified""",
"""17744""",UNKNOWN,true,"""7F13100""	24943	0	60	0	""lower uterine segment caesarean delivery nec""	""February 2009""	""postnatal""",
"""64692""",UNKNOWN,true,"""L141z00""	9	0	0	0	""other threatened labour nos""	""February 2009""	""postnatal""",
"""6580""",UNKNOWN,true,"""ZV23800""	66	0	7	0	""[v]supervision of high-risk pregnancy due to social problems""	""February 2009""	""unspecified""",
"""67257""",UNKNOWN,true,"""L35y.00""	2	0	0	0	""other obstetric trauma os""	""February 2009""	""unspecified""",
"""17634""",UNKNOWN,true,"""L40..00""	1408	0	52	0	""major puerperal infection""	""February 2009""	""postnatal""",
"""73145""",UNKNOWN,true,"""L28zz00""	3	0	0	0	""amniotic cavity and membrane problem nos""	""February 2009""	""late pregnancy""",
"""4435""",UNKNOWN,true,"""4H12.00""	100	0	50	67	""amniotic fluid - nil abnormal""	""February 2009""	""late pregnancy""",
"""61182""",UNKNOWN,true,"""L211100""	31	0	0	0	""triplet pregnancy - delivered""	""February 2009""	""unspecified""",
"""13417""",UNKNOWN,true,"""62K..00""	1261	0	375	17127	""antenatal syphilis screen""	""February 2009""	""early pregnancy""",
"""102737""",UNKNOWN,true,"""L112300""	7	0	0	0	""premature separation of placenta with coagulation defect""	""August 2011""	""late pregnancy""",
"""22775""",UNKNOWN,true,"""L11y.00""	67	0	1	0	""other antepartum haemorrhage""	""February 2009""	""late pregnancy""",
"""108099""",UNKNOWN,true,"""L39z300""	1	0	0	0	""complications of labour and delivery nos with antenatal prob""	""June 2014""	""late pregnancy""",
"""15073""",UNKNOWN,true,"""7F13y00""	121	0	0	0	""other specified other caesarean delivery""	""February 2009""	""postnatal""",
"""33940""",UNKNOWN,true,"""Z262C00""	34	0	1	0	""retroplacental clot""	""February 2009""	""late pregnancy""",
"""62880""",UNKNOWN,true,"""L110200""	9	0	0	0	""placenta praevia without haemorrhage - not delivered""	""February 2009""	""late pregnancy""",
"""65399""",UNKNOWN,true,"""L267700""	1	0	0	0	""ragged placenta""	""February 2009""	""late pregnancy""",
"""54652""",UNKNOWN,true,"""L362z00""	119	0	6	0	""secondary and delayed postpartum haemorrhage nos""	""February 2009""	""postnatal""",
"""30365""",UNKNOWN,true,"""Z22AA00""	1663	0	48	0	""wanted pregnancy""	""February 2009""	""unspecified""",
"""114683""",UNKNOWN,true,"""L28z000""	1	0	0	0	""amniotic cavity and membrane problem nos, unspecified""	""February 2020""	""late pregnancy""",
"""27743""",UNKNOWN,true,"""ZV24200""	247	0	2	0	""[v]routine postpartum follow-up""	""February 2009""	""postnatal""",
"""37054""",UNKNOWN,true,"""L341100""	265	0	1	0	""second degree perineal tear during delivery - delivered""	""February 2009""	""postnatal""",
"""97470""",UNKNOWN,true,"""L440100""	2	0	0	0	""puerperal cerebrovascular disorder - delivered""	""August 2009""	""postnatal""",
"""37040""",UNKNOWN,true,"""Z262P00""	8	0	0	0	""placenta healthy""	""February 2009""	""late pregnancy""",
"""24089""",UNKNOWN,true,"""L356z00""	34	0	1	0	""obstetric damage to pelvic joints and ligaments nos""	""February 2009""	""unspecified""",
"""36756""",UNKNOWN,true,"""L386.00""	4	0	0	0	""toxic reaction to local anaesthesia during labour and deliv""	""February 2009""	""postnatal""",
"""2639""",UNKNOWN,true,"""E204.11""	182545	0	4843	5	""postnatal depression""	""February 2009""	""postnatal""",
"""69002""",UNKNOWN,true,"""L11y200""	7	0	0	0	""other antepartum haemorrhage - not delivered""	""February 2009""	""late pregnancy""",
"""24433""",UNKNOWN,true,"""7N61400""	67	0	2	0	""[so]amniotic membrane""	""February 2009""	""late pregnancy""",
"""9800""",UNKNOWN,true,"""L398300""	37251	0	26	0	""delivery by elective caesarean section""	""February 2009""	""postnatal""",
"""47156""",UNKNOWN,true,"""L357.00""	117	0	2	0	""obstetric trauma causing pelvic haematoma""	""February 2009""	""unspecified""",
"""31923""",UNKNOWN,true,"""Q021300""	8	0	0	0	""fetus/neonate affected by placental damage-caesarean section""	""February 2009""	""late pregnancy""",
"""49858""",UNKNOWN,true,"""Z23G.00""	11	0	0	0	""uterine observation in labour""	""February 2009""	""postnatal""",
"""34505""",UNKNOWN,true,"""62X3.00""	861	0	0	0	""full term gestation - 40 weeks""	""February 2009""	""40""",
"""30817""",UNKNOWN,true,"""6212.00""	1229	0	1	0	""pregnant - blood test confirms""	""February 2009""	""early pregnancy""",
"""53310""",UNKNOWN,true,"""L1z..00""	261	0	2	0	""complications of pregnancy/childbirth/puerperium nos""	""February 2009""	""postnatal""",
"""90884""",UNKNOWN,true,"""7M0f200""	80	0	0	0	""9 - 13 weeks gestational age""	""February 2009""	""13""",
"""61200""",UNKNOWN,true,"""L356000""	23	0	0	0	""obstetric damage to pelvic joints and ligaments unspecified""	""February 2009""	""unspecified""",
"""37699""",UNKNOWN,true,"""L396z00""	1091	0	1	0	""vacuum extractor delivery nos""	""February 2009""	""postnatal""",
"""70096""",UNKNOWN,true,"""L224200""	4	0	0	0	""transverse lie with antenatal problem""	""February 2009""	""early pregnancy""",
"""20793""",UNKNOWN,true,"""7N61300""	312	0	6	0	""[so]placenta""	""February 2009""	""late pregnancy""",
"""13431""",UNKNOWN,true,"""63D2.00""	25552	0	0	0	""placenta normal o/e""	""February 2009""	""late pregnancy""",
"""72014""",UNKNOWN,true,"""L212z00""	1	0	0	0	""quadruplet pregnancy nos""	""February 2009""	""unspecified""",
"""28225""",UNKNOWN,true,"""L240.11""	385	0	29	0	""bicornuate uterus in pregnancy, childbirth and puerperium""	""February 2009""	""postnatal""",
"""72021""",UNKNOWN,true,"""L343100""	21	0	0	0	""fourth degree perineal tear during delivery - delivered""	""February 2009""	""postnatal""",
"""46784""",UNKNOWN,true,"""Q023200""	4	0	0	0	""fetus/neonate affected by materno-fetal transplacental trans""	""February 2009""	""late pregnancy""",
"""11690""",UNKNOWN,true,"""L40..11""	401	0	7	1	""sepsis - puerperal""	""February 2009""	""postnatal""",
"""103144""",UNKNOWN,true,"""L416300""	6	0	0	0	""haemorrhoids in pregnancy and puerperium with a/n comp""	""October 2011""	""postnatal""",
"""70912""",UNKNOWN,true,"""L110z00""	23	0	0	0	""placenta praevia without haemorrhage nos""	""February 2009""	""late pregnancy""",
"""46756""",UNKNOWN,true,"""L184.00""	37	0	1	0	""mental disorders in pregnancy, childbirth and the puerperium""	""February 2009""	""postnatal""",
"""39036""",UNKNOWN,true,"""7F...00""	417	0	11	0	""obstetric operations""	""February 2009""	""unspecified""",
"""12521""",UNKNOWN,true,"""L161.11""	260	0	8	0	""excessive weight gain in pregnancy""	""February 2009""	""unspecified""",
"""29565""",UNKNOWN,true,"""L161.13""	2452	0	0	0	""gestational oedema""	""February 2009""	""unspecified""",
"""114115""",UNKNOWN,true,"""L295100""	1	0	0	0	""elderly primigravida - delivered""	""August 2019""	""unspecified""",
"""32243""",UNKNOWN,true,"""K5D..00""	29	0	5	0	""habitual aborter - non pregnant state""	""February 2009""	""early pregnancy""",
"""107136""",UNKNOWN,true,"""Q031.11""	7	0	0	0	""fetus affected by malpresentation during delivery""	""October 2013""	""postnatal""",
"""41959""",UNKNOWN,true,"""L171300""	4	0	0	0	""maternal gonorrhoea in pregnancy - baby not yet delivered""	""February 2009""	""unspecified""",
"""50281""",UNKNOWN,true,"""Q213z00""	23	0	0	0	""liveborn with labour fetal distress nos""	""February 2009""	""postnatal""",
"""26023""",UNKNOWN,true,"""L411300""	3	0	1	0	""vv's of perineum/vulva in pregnancy/puerperium + a/n comp""	""February 2009""	""postnatal""",
"""64206""",UNKNOWN,true,"""L313z00""	7	0	0	0	""precipitate labour nos""	""February 2009""	""postnatal""",
"""116013""",UNKNOWN,true,"""Q03y.00""	2	0	0	0	""fetus/neonate affected by other labour and delivery problems""	""March 2022""	""postnatal""",
"""72458""",UNKNOWN,true,"""L393000""	5	0	0	0	""post-delivery acute renal failure unspecified""	""February 2009""	""postnatal""",
"""17684""",UNKNOWN,true,"""L395.11""	2462	0	4	0	""keilland's forceps delivery""	""February 2009""	""postnatal""",
"""20425""",UNKNOWN,true,"""L395.12""	4332	0	9	0	""neville - barnes forceps delivery""	""February 2009""	""postnatal""",
"""58140""",UNKNOWN,true,"""L173000""	2	0	0	0	""maternal tuberculosis,unspec whether in pregnancy/puerperium""	""February 2009""	""postnatal""",
"""49519""",UNKNOWN,true,"""Z229.00""	11978	0	3	0	""observation of position of pregnancy""	""February 2009""	""unspecified""",
"""107713""",UNKNOWN,true,"""L21y200""	1	0	0	0	""other multiple pregnancy with antenatal problem""	""February 2014""	""early pregnancy""",
"""4780""",UNKNOWN,true,"""L20..00""	302381	0	295	1	""normal delivery in a completely normal case""	""February 2009""	""postnatal""",
"""64035""",UNKNOWN,true,"""L44y100""	4	0	1	0	""other complications of the puerperium - delivered + p/n comp""	""February 2009""	""postnatal""",
"""93958""",UNKNOWN,true,"""L131200""	14	0	0	0	""hyperemesis gravidarum with metabolic disturbance - not del""	""February 2009""	""early pregnancy""",
"""5868""",UNKNOWN,true,"""Ly0..00""	139171	0	154	0	""spontaneous vertex delivery""	""February 2009""	""postnatal""",
"""109569""",UNKNOWN,true,"""L313000""	1	0	0	0	""precipitate labour unspecified""	""April 2015""	""postnatal""",
"""110431""",UNKNOWN,true,"""L26y.00""	1	0	0	0	""other feto-placental problems""	""January 2016""	""late pregnancy""",
"""23483""",UNKNOWN,true,"""Q023.00""	183	0	3	0	""fetus or neonate affected by placental transfusion syndrome""	""February 2009""	""late pregnancy""",
"""59059""",UNKNOWN,true,"""L433.12""	9	0	1	0	""septic obstetric embolism""	""February 2009""	""unspecified""",
"""112114""",UNKNOWN,true,"""L096300""	1	0	0	0	""fat embolism following abortive pregnancy""	""September 2017""	""unspecified""",
"""112978""",UNKNOWN,true,"""Z264511""	1	0	0	0	""deficient amniotic fluid""	""October 2018""	""late pregnancy""",
"""36235""",UNKNOWN,true,"""67A4.00""	1044	0	4	0	""pregnancy exercise advice""	""February 2009""	""unspecified""",
"""105511""",UNKNOWN,true,"""L21z.00""	4	0	0	0	""multiple pregnancy nos""	""January 2013""	""unspecified""",
"""106113""",UNKNOWN,true,"""Lyu5800""	1	0	0	0	""[x]multiple delivery, unspecified""	""May 2013""	""postnatal""",
"""104359""",UNKNOWN,true,"""ZVu2600""	2	0	0	0	""[x]other antenatal screening based on amniocentesis""	""June 2012""	""early pregnancy""",
"""67410""",UNKNOWN,true,"""Lyu6100""	2	0	0	0	""[x]other genitourinary tract infections following delivery""	""February 2009""	""postnatal""",
"""25428""",UNKNOWN,true,"""Z246211""	67	0	2	0	""start of labour""	""February 2009""	""postnatal""",
"""97703""",UNKNOWN,true,"""Lyu7400""	2	0	0	0	""[x]oth spcf dis+conditns complicat preg,childbirth+puerperum""	""October 2009""	""postnatal""",
"""23674""",UNKNOWN,true,"""L291.11""	83	0	0	0	""failed medical induction of labour""	""February 2009""	""postnatal""",
"""100418""",UNKNOWN,true,"""62R..11""	618	0	0	0	""postnatal visit""	""August 2010""	""postnatal""",
"""73089""",UNKNOWN,true,"""L460000""	27	0	0	0	""retracted nipple in pregnancy/puerperium/lactation unspec""	""February 2009""	""postnatal""",
"""112131""",UNKNOWN,true,"""L172300""	1	0	0	0	""other maternal venereal dis. in pregnancy-baby not delivered""	""September 2017""	""unspecified""",
"""113856""",UNKNOWN,true,"""L45y400""	1	0	0	0	""other obstetric breast infection with postnatal complication""	""May 2019""	""postnatal""",
"""67006""",UNKNOWN,true,"""L096400""	9	0	0	0	""pulmonary embolism following abortive pregnancy""	""February 2009""	""unspecified""",
"""105387""",UNKNOWN,true,"""L26z.00""	3	0	0	0	""feto-placental problems nos""	""December 2012""	""late pregnancy""",
"""63006""",UNKNOWN,true,"""L370000""	17	0	0	0	""retained placenta with no haemorrhage unspecified""	""February 2009""	""late pregnancy""",
"""94735""",UNKNOWN,true,"""L415600""	3	0	0	0	""other phlebitis in the puerperium""	""February 2009""	""postnatal""",
"""65783""",UNKNOWN,true,"""L030000""	55	0	0	0	""delivery of viable fetus in abdominal pregnancy""	""February 2009""	""postnatal""",
"""14970""",UNKNOWN,true,"""7F23100""	248	0	25	0	""immed repair obstetric laceration perineum & anal sphincter""	""February 2009""	""unspecified""",
"""95051""",UNKNOWN,true,"""L41z600""	8	0	0	0	""venous complication in the puerperium, unspecified""	""February 2009""	""postnatal""",
"""87342""",UNKNOWN,true,"""Z244100""	234	0	0	0	""observation of duration of labour""	""February 2009""	""postnatal""",
"""106267""",UNKNOWN,true,"""L03y300""	10	0	0	0	""combined or heterotopic pregnancy""	""June 2013""	""unspecified""",
"""71610""",UNKNOWN,true,"""L450000""	19	0	0	0	""obstetric nipple infection unspecified""	""February 2009""	""unspecified""",
"""2278""",UNKNOWN,true,"""8M6..00""	65854	0	23049	1	""requests pregnancy termination""	""February 2009""	""unspecified""",
"""72164""",UNKNOWN,true,"""4H43.00""	0	0	0	4	""amniotic fluid l/s ratio""	""February 2009""	""late pregnancy""",
"""66834""",UNKNOWN,true,"""L300100""	5	0	0	0	""obstructed labour due to fetal malposition - delivered""	""February 2009""	""postnatal""",
"""68438""",UNKNOWN,true,"""L43..11""	32	0	0	0	""obstetric pulmonary embolus""	""February 2009""	""unspecified""",
"""50876""",UNKNOWN,true,"""H472.00""	7	0	0	0	""asp pneumonitis due to anaesthesia during labour and deliv""	""February 2009""	""postnatal""",
"""294""",UNKNOWN,true,"""62...11""	1191736	0	84918	700	""antenatal care""	""February 2009""	""early pregnancy""",
"""102056""",UNKNOWN,true,"""L26yz00""	2	0	0	0	""other feto-placental problems nos""	""April 2011""	""late pregnancy""",
"""92434""",UNKNOWN,true,"""4H3..00""	0	0	0	2	""amniotic fluid microscopy""	""February 2009""	""late pregnancy""",
"""65085""",UNKNOWN,true,"""L092000""	7	0	0	0	""bladder damage following abortive pregnancy""	""February 2009""	""unspecified""",
"""24521""",UNKNOWN,true,"""L1A..00""	3562	0	479	0	""sublux of symphysis pubis in preg childbirth and puerp""	""February 2009""	""postnatal""",
"""47607""",UNKNOWN,true,"""L440.11""	119	0	0	0	""cva - cerebrovascular accident in the puerperium""	""February 2009""	""postnatal""",
"""110448""",UNKNOWN,true,"""Lyu0.00""	6	0	0	0	""[x]pregnancy with abortive outcome""	""January 2016""	""unspecified""",
"""61540""",UNKNOWN,true,"""Z212100""	153	0	0	0	""delivery place planned""	""February 2009""	""postnatal""",
"""55359""",UNKNOWN,true,"""Q017100""	19	0	1	0	""fetus/neonate affected by breech presentation before labour""	""February 2009""	""postnatal""",
"""47148""",UNKNOWN,true,"""L28..00""	55	0	1	0	""other problems of amniotic cavity and membranes""	""February 2009""	""late pregnancy""",
"""104178""",UNKNOWN,true,"""Lyu2600""	1	0	0	0	""[x]other abnormal findings on antenatal screening of mother""	""June 2012""	""early pregnancy""",
"""93982""",UNKNOWN,true,"""L356.11""	5	0	0	0	""obstetric pelvic joint damage""	""February 2009""	""unspecified""",
"""48442""",UNKNOWN,true,"""L356.12""	15	0	2	0	""obstetric pelvic ligament damage""	""February 2009""	""unspecified""",
"""106618""",UNKNOWN,true,"""9kv..00""	2706	0	0	0	""pertussis vaccinatn progrme pregnant women enhan srvce admin""	""August 2013""	""early pregnancy""",
"""69599""",UNKNOWN,true,"""L21y.00""	3	0	0	0	""other multiple pregnancy""	""February 2009""	""unspecified""",
"""99006""",UNKNOWN,true,"""Q014100""	4	0	0	0	""fetus or neonate affected by abdominal ectopic pregnancy""	""April 2010""	""unspecified""",
"""102435""",UNKNOWN,true,"""8CE0000""	222	0	1	0	""gestational diabetes information leaflet given""	""June 2011""	""unspecified""",
"""23840""",UNKNOWN,true,"""L090z00""	120	0	0	0	""septicaemia nos following abortive pregnancy""	""February 2009""	""unspecified""",
"""112105""",UNKNOWN,true,"""L092z00""	1	0	0	0	""pelvic organ or tissue damage nos follow abortive pregnancy""	""September 2017""	""unspecified""",
"""61455""",UNKNOWN,true,"""ZV28100""	11	0	1	0	""[v]amniotic fluid to screen for alphafetoprotein levels""	""February 2009""	""late pregnancy""",
"""40357""",UNKNOWN,true,"""L2D..00""	41	0	1	0	""retained intrauterine contraceptive device in pregnancy""	""February 2009""	""unspecified""",
"""115691""",UNKNOWN,true,"""L248212""	1	0	0	0	""rigid perineum - baby delivered with postpartum complication""	""July 2021""	""postnatal""",
"""114129""",UNKNOWN,true,"""L211200""	1	0	0	0	""triplet pregnancy with antenatal problem""	""August 2019""	""early pregnancy""",
"""54293""",UNKNOWN,true,"""Q015.00""	2	0	0	0	""fetus or neonate affected by multiple pregnancy""	""February 2009""	""unspecified""",
"""52950""",UNKNOWN,true,"""Q013.00""	50	0	0	0	""fetus or neonate affected by maternal polyhydramnios""	""February 2009""	""late pregnancy""",
"""31313""",UNKNOWN,true,"""L430.00""	9	0	1	0	""obstetric air pulmonary embolism""	""February 2009""	""unspecified""",
"""22557""",UNKNOWN,true,"""Z22B100""	473	0	1	0	""single pregnancy""	""February 2009""	""unspecified""",
"""15338""",UNKNOWN,true,"""621A.00""	1306	0	294	0	""pregnancy unplanned ? wanted""	""February 2009""	""unspecified""",
"""47157""",UNKNOWN,true,"""L34zz00""	74	0	0	0	""vulval/perineal trauma during delivery nos""	""February 2009""	""postnatal""",
"""58176""",UNKNOWN,true,"""62C2.00""	27	0	0	0	""full stay delivery booking""	""February 2009""	""postnatal""",
"""93735""",UNKNOWN,true,"""Z246A00""	29	0	0	0	""total duration of labour""	""February 2009""	""postnatal""",
"""6649""",UNKNOWN,true,"""L166800""	3982	0	44	5	""urinary tract infection complicating pregnancy""	""February 2009""	""unspecified""",
"""115692""",UNKNOWN,true,"""L143200""	1	0	0	0	""premature labour with term delivery""	""July 2021""	""postnatal""",
"""27056""",UNKNOWN,true,"""62GD.00""	4	0	6	1484	""antenatal ultrasound scan at 17-22 weeks""	""February 2009""	""22""",
"""71189""",UNKNOWN,true,"""Z244400""	3	0	0	0	""late onset of labour""	""February 2009""	""postnatal""",
"""98481""",UNKNOWN,true,"""68b4.00""	27	0	0	0	""repeat antenatal screening required""	""February 2010""	""early pregnancy""",
"""51359""",UNKNOWN,true,"""L090200""	11	0	1	0	""pelvic peritonitis following abortive pregnancy""	""February 2009""	""unspecified""",
"""23341""",UNKNOWN,true,"""Q122.00""	107	0	33	0	""postmature infant - greater than 42 weeks gestation, unspec""	""February 2009""	""42""",
"""24951""",UNKNOWN,true,"""L18C.00""	6	0	0	0	""endocrine nutrition+metab dis complic pregn,childbirth+puerp""	""February 2009""	""postnatal""",
"""62949""",UNKNOWN,true,"""L401z00""	3	0	0	0	""puerperal salpingitis nos""	""February 2009""	""postnatal""",
"""69453""",UNKNOWN,true,"""7E0B200""	26	0	0	0	""extraamniotic injection of prostaglandin""	""February 2009""	""late pregnancy""",
"""49855""",UNKNOWN,true,"""Q015100""	73	0	0	0	""fetus or neonate affected by twin pregnancy""	""February 2009""	""unspecified""",
"""32283""",UNKNOWN,true,"""Z212200""	93	0	0	0	""home delivery planned""	""February 2009""	""postnatal""",
"""40825""",UNKNOWN,true,"""Z22B800""	3	0	0	0	""undiagnosed multiple pregnancy""	""February 2009""	""unspecified""",
"""106808""",UNKNOWN,true,"""L34z200""	3	0	0	0	""vulval/perineal trauma during delivery nos with p/n problem""	""August 2013""	""postnatal""",
"""106983""",UNKNOWN,true,"""9Nj8.00""	31264	0	0	0	""failed encounter - sms text message delivery failure""	""September 2013""	""postnatal""",
"""20197""",UNKNOWN,true,"""L211.00""	562	0	15	0	""triplet pregnancy""	""February 2009""	""unspecified""",
"""740""",UNKNOWN,true,"""7F12.00""	127583	0	628	0	""elective caesarean delivery""	""February 2009""	""postnatal""",
"""106537""",UNKNOWN,true,"""L411613""	1	0	0	0	""vulval varices in the puerperium""	""August 2013""	""postnatal""",
"""22115""",UNKNOWN,true,"""7F10.00""	1044	0	92	0	""surgical induction of labour""	""February 2009""	""postnatal""",
"""111579""",UNKNOWN,true,"""Z263300""	2	0	0	0	""condition of membranes at delivery""	""December 2016""	""postnatal""",
"""89151""",UNKNOWN,true,"""L394.00""	5	0	0	0	""other complications of obstetric procedures""	""February 2009""	""unspecified""",
"""46270""",UNKNOWN,true,"""ZV22z00""	2786	0	1	0	""[v]unspecified pregnant state""	""February 2009""	""early pregnancy""",
"""14084""",UNKNOWN,true,"""62GC.00""	65	0	21	3349	""antenatal ultrasound scan at 9-16 weeks""	""February 2009""	""16""",
"""67098""",UNKNOWN,true,"""L183300""	16	0	0	0	""drug dependence during pregnancy - baby not yet delivered""	""February 2009""	""unspecified""",
"""99036""",UNKNOWN,true,"""ZV24z00""	149	0	0	0	""[v]unspecified postpartum care and examination""	""April 2010""	""postnatal""",
"""66619""",UNKNOWN,true,"""Q023011""	4	0	0	0	""fetus/neonate affected by feto-fetal transplacental transfus""	""February 2009""	""late pregnancy""",
"""68557""",UNKNOWN,true,"""L353000""	5	0	0	0	""obstetric laceration of cervix unspecified""	""February 2009""	""unspecified""",
"""106097""",UNKNOWN,true,"""L09y.00""	8	0	0	0	""other specified complication following abortive pregnancy""	""May 2013""	""unspecified""",
"""12604""",UNKNOWN,true,"""L120.00""	849	0	3	0	""benign essential hypertension in pregnancy/childbirth/puerp""	""February 2009""	""postnatal""",
"""34102""",UNKNOWN,true,"""Z262700""	41	0	0	0	""incomplete placenta at delivery""	""February 2009""	""late pregnancy""",
"""23373""",UNKNOWN,true,"""L150.00""	49	0	18	0	""post-term pregnancy""	""February 2009""	""late pregnancy""",
"""28732""",UNKNOWN,true,"""62c..00""	728	0	24	73277	""antenatal screening""	""February 2009""	""early pregnancy""",
"""6095""",UNKNOWN,true,"""9N1N.00""	763599	0	3726	13	""seen in antenatal clinic""	""February 2009""	""early pregnancy""",
"""6031""",UNKNOWN,true,"""L394500""	6887	0	50	0	""infection of obstetric surgical wound""	""February 2009""	""unspecified""",
"""1357""",UNKNOWN,true,"""L210100""	7801	0	263	0	""twin pregnancy - delivered""	""February 2009""	""unspecified""",
"""112119""",UNKNOWN,true,"""L09y100""	1	0	0	0	""cardiac arrest following abortive pregnancy""	""September 2017""	""unspecified""",
"""34484""",UNKNOWN,true,"""62X1.00""	210	0	1	0	""gestation = 24 weeks""	""February 2009""	""24""",
"""45729""",UNKNOWN,true,"""Z22D.00""	209	0	1	0	""observation of viability of pregnancy""	""February 2009""	""unspecified""",
"""65410""",UNKNOWN,true,"""Z262.00""	10	0	0	0	""placental observation""	""February 2009""	""late pregnancy""",
"""65749""",UNKNOWN,true,"""Z264.00""	5	0	0	0	""condition of amniotic fluid""	""February 2009""	""late pregnancy""",
"""44733""",UNKNOWN,true,"""L0z..00""	189	0	2	0	""pregnancy with abortive outcome nos""	""February 2009""	""unspecified""",
"""99849""",UNKNOWN,true,"""68bA.00""	7	0	0	0	""antenatal screening, at risk couple identified""	""June 2010""	""early pregnancy""",
"""59789""",UNKNOWN,true,"""L14z.00""	124	0	1	0	""early or threatened labour nos""	""February 2009""	""postnatal""",
"""54167""",UNKNOWN,true,"""6322.00""	814	0	0	0	""2nd stage of labour length""	""February 2009""	""postnatal""",
"""37435""",UNKNOWN,true,"""L450.11""	47	0	0	0	""abscess of nipple - obstetric""	""February 2009""	""unspecified""",
"""21554""",UNKNOWN,true,"""7F16900""	1405	0	19	0	""kielland forceps cephalic delivery with rotation""	""February 2009""	""postnatal""",
"""103683""",UNKNOWN,true,"""8Hki.00""	6	0	4	0	""referral to teenage pregnancy and parenting support service""	""February 2012""	""unspecified""",
"""19737""",UNKNOWN,true,"""L450.12""	652	0	18	0	""nipple infection - obstetric""	""February 2009""	""unspecified""",
"""115993""",UNKNOWN,true,"""L38y000""	1	0	0	0	""other complications of obstetric anaesthesia unspecified""	""March 2022""	""unspecified""",
"""21957""",UNKNOWN,true,"""62I..11""	2416	0	152	2609	""afp test - antenatal""	""February 2009""	""early pregnancy""",
"""44337""",UNKNOWN,true,"""L307.00""	17	0	0	0	""failed trial of labour unspecified""	""February 2009""	""postnatal""",
"""103056""",UNKNOWN,true,"""Z244.00""	1	0	0	0	""observation of pattern of labour""	""October 2011""	""postnatal""",
"""32555""",UNKNOWN,true,"""L351000""	11	0	0	0	""rupture of uterus during and after labour unspecified""	""February 2009""	""postnatal""",
"""11760""",UNKNOWN,true,"""L13z.00""	4015	0	162	0	""unspecified pregnancy vomiting""	""February 2009""	""unspecified""",
"""18500""",UNKNOWN,true,"""Z22D100""	8394	0	11	0	""viable pregnancy""	""February 2009""	""unspecified""",
"""96739""",UNKNOWN,true,"""Z262I00""	10	0	0	0	""placenta infarcted""	""April 2009""	""late pregnancy""",
"""62406""",UNKNOWN,true,"""L323000""	24	0	0	0	""delayed delivery second twin unspecified""	""February 2009""	""postnatal""",
"""31254""",UNKNOWN,true,"""L340100""	101	0	0	0	""first degree perineal tear during delivery - delivered""	""February 2009""	""postnatal""",
"""23394""",UNKNOWN,true,"""7F16300""	1622	0	39	0	""mid forceps cephalic delivery nec""	""February 2009""	""postnatal""",
"""40870""",UNKNOWN,true,"""Q020.00""	135	0	2	0	""fetus or neonate affected by placenta previa""	""February 2009""	""late pregnancy""",
"""54591""",UNKNOWN,true,"""7F14z00""	73	0	0	0	""breech extraction delivery nos""	""February 2009""	""postnatal""",
"""3085""",UNKNOWN,true,"""7F12z00""	10487	0	283	0	""elective caesarean delivery nos""	""February 2009""	""postnatal""",
"""42091""",UNKNOWN,true,"""L411z00""	16	0	0	0	""varicose veins of perineum/vulva in pregnancy/puerperium nos""	""February 2009""	""postnatal""",
"""103173""",UNKNOWN,true,"""L169100""	1	0	0	0	""herpes gestationis - delivered""	""October 2011""	""unspecified""",
"""107369""",UNKNOWN,true,"""8IEw.00""	20	0	0	0	""postnatal examination declined""	""December 2013""	""postnatal""",
"""73765""",UNKNOWN,true,"""L311200""	1	0	0	0	""secondary uterine inertia with antenatal problem""	""February 2009""	""early pregnancy""",
"""22491""",UNKNOWN,true,"""Ly1..00""	567	0	3	0	""spontaneous breech delivery""	""February 2009""	""postnatal""",
"""113149""",UNKNOWN,true,"""68bB.00""	2	0	0	0	""partner declined antenatal screening""	""December 2018""	""early pregnancy""",
"""69344""",UNKNOWN,true,"""L11z200""	36	0	0	0	""antepartum haemorrhage nos - not deliv""	""February 2009""	""late pregnancy""",
"""73797""",UNKNOWN,true,"""L353z00""	9	0	0	0	""obstetric laceration of cervix nos""	""February 2009""	""unspecified""",
"""35509""",UNKNOWN,true,"""624..00""	254	0	1	0	""a/n care: precious pregnancy""	""February 2009""	""unspecified""",
"""109526""",UNKNOWN,true,"""L402100""	61	0	0	0	""puerperal peritonitis - delivered with postnatal comp""	""April 2015""	""postnatal""",
"""102246""",UNKNOWN,true,"""L265200""	7	0	0	0	""small-for-dates with antenatal problem""	""May 2011""	""early pregnancy""",
"""19609""",UNKNOWN,true,"""L340600""	1528	0	65	0	""vaginal tear during delivery""	""February 2009""	""postnatal""",
"""3004""",UNKNOWN,true,"""L14..11""	5472	0	846	1	""premature labour""	""February 2009""	""postnatal""",
"""69686""",UNKNOWN,true,"""L417000""	10	0	0	0	""cerebral venous thrombosis in pregnancy""	""February 2009""	""unspecified""",
"""70487""",UNKNOWN,true,"""L126200""	19	0	0	0	""eclampsia - delivered with postnatal complication""	""February 2009""	""postnatal""",
"""56279""",UNKNOWN,true,"""L440.12""	16	0	0	0	""stroke in the puerperium""	""February 2009""	""postnatal""",
"""53661""",UNKNOWN,true,"""L13z200""	10	0	0	0	""unspecified pregnancy vomiting - not delivered""	""February 2009""	""unspecified""",
"""96437""",UNKNOWN,true,"""L170000""	6	0	0	0	""maternal syphilis, unspec whether in pregnancy or puerperium""	""April 2009""	""postnatal""",
"""94431""",UNKNOWN,true,"""7L1ez00""	2	0	0	0	""delivery of oral chemotherapy for neoplasm nos""	""February 2009""	""postnatal""",
"""54480""",UNKNOWN,true,"""L412600""	49	0	0	0	""superficial thrombophlebitis in the puerperium""	""February 2009""	""postnatal""",
"""116677""",UNKNOWN,true,"""L221200""	3	0	0	0	""cephalic version nos with antenatal problem""	""January 2025""	""early pregnancy""",
"""39168""",UNKNOWN,true,"""L342100""	164	0	0	0	""third degree perineal tear during delivery - delivered""	""February 2009""	""postnatal""",
"""2514""",UNKNOWN,true,"""L360.11""	3760	0	167	0	""retained placenta nos""	""February 2009""	""late pregnancy""",
"""39136""",UNKNOWN,true,"""7245700""	182	0	0	0	""amniotic membrane graft to cornea""	""February 2009""	""late pregnancy""",
"""30782""",UNKNOWN,true,"""632Z.00""	252	0	0	0	""length of labour nos""	""February 2009""	""postnatal""",
"""65867""",UNKNOWN,true,"""7M35011""	62	0	1	0	""entonox analgesia in labour""	""February 2009""	""postnatal""",
"""49663""",UNKNOWN,true,"""Z261100""	81	0	0	0	""gestational sac present""	""February 2009""	""unspecified""",
"""61626""",UNKNOWN,true,"""L247012""	1	0	0	0	""stenosis of vagina affecting obstetric care""	""February 2009""	""unspecified""",
"""104588""",UNKNOWN,true,"""66Ay.00""	1038	0	1	0	""gestational diabetes mellitus annual review""	""July 2012""	""unspecified""",
"""60820""",UNKNOWN,true,"""L452200""	10	0	0	0	""obstetric nonpurulent mastitis - deliv with p/n complication""	""February 2009""	""unspecified""",
"""4367""",UNKNOWN,true,"""L362.00""	1472	0	251	0	""secondary and delayed postpartum haemorrhage""	""February 2009""	""postnatal""",
"""101752""",UNKNOWN,true,"""L391000""	1	0	0	0	""obstetric shock unspecified""	""February 2011""	""unspecified""",
"""50236""",UNKNOWN,true,"""7F1y.00""	28	0	0	0	""other specified induction or delivery operations""	""February 2009""	""postnatal""",
"""73191""",UNKNOWN,true,"""L226200""	1	0	0	0	""brow presentation with antenatal problem""	""February 2009""	""early pregnancy""",
"""47546""",UNKNOWN,true,"""7F12y00""	282	0	0	0	""other specified elective caesarean delivery""	""February 2009""	""postnatal""",
"""61422""",UNKNOWN,true,"""L267800""	8	0	0	0	""placenta gritty""	""February 2009""	""late pregnancy""",
"""66843""",UNKNOWN,true,"""L344200""	5	0	0	0	""unspecified perineal laceration during delivery + p/n prob""	""February 2009""	""postnatal""",
"""20850""",UNKNOWN,true,"""L244.11""	95	0	3	0	""cystocele in pregnancy, childbirth and the puerperium""	""February 2009""	""postnatal""",
"""35903""",UNKNOWN,true,"""L244.12""	26	0	10	0	""pendulous abdomen in pregnancy,childbirth and the puerperium""	""February 2009""	""postnatal""",
"""39492""",UNKNOWN,true,"""L244.13""	60	0	4	0	""rectocele in pregnancy, childbirth and the puerperium""	""February 2009""	""postnatal""",
"""71943""",UNKNOWN,true,"""L411000""	5	0	0	0	""vv's of perineum/vulva in pregnancy/puerperium unspecified""	""February 2009""	""postnatal""",
"""69254""",UNKNOWN,true,"""L264200""	20	0	0	0	""intrauterine death with antenatal problem""	""February 2009""	""early pregnancy""",
"""85244""",UNKNOWN,true,"""7F2B.00""	487	0	1	29	""obstetric ultrasound monitoring""	""February 2009""	""unspecified""",
"""106378""",UNKNOWN,true,"""9mK..00""	4340	0	267	0	""pertussis vaccination in pregnancy invitation""	""June 2013""	""unspecified""",
"""12230""",UNKNOWN,true,"""L263900""	76	0	5	0	""maternal care for fetal tachycardia during pregnancy""	""February 2009""	""unspecified""",
"""101963""",UNKNOWN,true,"""4H2..00""	0	0	0	2	""amniotic fluid appearance""	""March 2011""	""late pregnancy""",
"""44235""",UNKNOWN,true,"""L296.00""	91	0	1	0	""vaginal delivery following previous caesarean section""	""February 2009""	""postnatal""",
"""7515""",UNKNOWN,true,"""L169.00""	403	0	15	0	""herpes gestationis""	""February 2009""	""unspecified""",
"""40706""",UNKNOWN,true,"""L344z00""	116	0	0	0	""unspecified perineal laceration during delivery nos""	""February 2009""	""postnatal""",
"""93583""",UNKNOWN,true,"""L096.00""	4	0	0	0	""embolism following abortive pregnancy""	""February 2009""	""unspecified""",
"""23549""",UNKNOWN,true,"""L31z.00""	60	0	0	0	""abnormality of forces of labour nos""	""February 2009""	""postnatal""",
"""116229""",UNKNOWN,true,"""L30y100""	1	0	0	0	""other causes of obstructed labour - delivered""	""February 2023""	""postnatal""",
"""22193""",UNKNOWN,true,"""Z229100""	5355	0	6	0	""intrauterine pregnancy""	""February 2009""	""unspecified""",
"""116358""",UNKNOWN,true,"""L143300""	1	0	0	0	""premature delivery without labour""	""July 2023""	""postnatal""",
"""56747""",UNKNOWN,true,"""L46y400""	4	0	0	0	""other disorder of lactation with postnatal complication""	""February 2009""	""postnatal""",
"""3327""",UNKNOWN,true,"""L13..11""	119202	0	4910	1	""hyperemesis gravidarum""	""February 2009""	""early pregnancy""",
"""15061""",UNKNOWN,true,"""L13..12""	3721	0	50	0	""hyperemesis of pregnancy""	""February 2009""	""early pregnancy""",
"""37201""",UNKNOWN,true,"""L16C100""	3	0	1	0	""gestational oedema with proteinuria""	""February 2009""	""unspecified""",
"""36037""",UNKNOWN,true,"""Lyu6B00""	260	0	5	0	""[x]vaginitis following delivery""	""February 2009""	""postnatal""",
"""104766""",UNKNOWN,true,"""L30z200""	1	0	0	0	""obstructed labour nos with antenatal problem""	""August 2012""	""early pregnancy""",
"""14877""",UNKNOWN,true,"""621B.00""	448	0	91	1	""pregnant - ? planned""	""February 2009""	""early pregnancy""",
"""27672""",UNKNOWN,true,"""7E13100""	614	0	5	0	""excision of ectopic ovarian pregnancy""	""February 2009""	""unspecified""",
"""66242""",UNKNOWN,true,"""Z243400""	1	0	0	0	""rapid first stage of labour""	""February 2009""	""postnatal""",
"""27993""",UNKNOWN,true,"""62V0.00""	382	0	3	0	""home delivery planned""	""February 2009""	""postnatal""",
"""58721""",UNKNOWN,true,"""L20z.00""	12807	0	1	0	""normal delivery in completely normal case nos""	""February 2009""	""postnatal""",
"""50081""",UNKNOWN,true,"""L41z512""	1	0	0	0	""gestational phlebopathy nos""	""February 2009""	""unspecified""",
"""58971""",UNKNOWN,true,"""L41z513""	23	0	0	0	""gestational thrombosis nos""	""February 2009""	""unspecified""",
"""115279""",UNKNOWN,true,"""L242000""	1	0	0	0	""uterine operation scar in pregnancy/childbirth/puerp unspec""	""January 2021""	""postnatal""",
"""107266""",UNKNOWN,true,"""L181200""	2	0	0	0	""thyroid dysfunction in puerperium - baby delivered""	""November 2013""	""postnatal""",
"""5693""",UNKNOWN,true,"""L16A.00""	1776	0	102	14	""glycosuria during pregnancy""	""February 2009""	""unspecified""",
"""70422""",UNKNOWN,true,"""L093400""	2	0	0	0	""uraemia following abortive pregnancy""	""February 2009""	""unspecified""",
"""115225""",UNKNOWN,true,"""L301600""	3	0	0	0	""obstruct labour due pelvic outlet and mid-cavity contract""	""October 2020""	""postnatal""",
"""36394""",UNKNOWN,true,"""L16C.00""	79	0	3	0	""pregnancy induced oedema+proteinuria without hypertension""	""February 2009""	""unspecified""",
"""69921""",UNKNOWN,true,"""L414000""	31	0	0	0	""postnatal deep vein thrombosis unspecified""	""February 2009""	""postnatal""",
"""39709""",UNKNOWN,true,"""7F22100""	236	0	1	0	""expression of placenta""	""February 2009""	""late pregnancy""",
"""29620""",UNKNOWN,true,"""L41..11""	105	0	4	0	""varicose veins - obstetric""	""February 2009""	""unspecified""",
"""103222""",UNKNOWN,true,"""L248z11""	1	0	0	0	""persistent hymen in pregnancy/childbirth/puerperium nos""	""October 2011""	""postnatal""",
"""73914""",UNKNOWN,true,"""L412511""	12	0	0	0	""thrombophlebitis of legs in pregnancy""	""February 2009""	""unspecified""",
"""33477""",UNKNOWN,true,"""L398100""	2668	0	4	0	""caesarean delivery - delivered""	""February 2009""	""postnatal""",
"""16476""",UNKNOWN,true,"""L39y412""	329	0	36	0	""vaginal discomfort postnatal""	""February 2009""	""postnatal""",
"""20371""",UNKNOWN,true,"""L451.00""	1473	0	21	0	""obstetric breast abscess""	""February 2009""	""unspecified""",
"""71016""",UNKNOWN,true,"""4H5Z.00""	0	0	0	29	""amniotic fluid afp nos""	""February 2009""	""late pregnancy""",
"""5113""",UNKNOWN,true,"""L39y411""	543	0	38	1	""postnatal vaginal discomfort""	""February 2009""	""postnatal""",
"""33633""",UNKNOWN,true,"""L45zz00""	33	0	0	0	""obstetric breast infection nos""	""February 2009""	""unspecified""",
"""115990""",UNKNOWN,true,"""L323z00""	1	0	0	0	""delayed delivery second twin etc nos""	""March 2022""	""postnatal""",
"""60604""",UNKNOWN,true,"""Z262D00""	5	0	0	0	""fresh retroplacental clot""	""February 2009""	""late pregnancy""",
"""97296""",UNKNOWN,true,"""L461200""	3	0	0	0	""cracked nipple in pregnancy/puerp/lact - deliv + p/n comp""	""August 2009""	""unspecified""",
"""115919""",UNKNOWN,true,"""Lyu5300""	1	0	0	0	""[x]other assisted breech delivery""	""November 2021""	""postnatal""",
"""113357""",UNKNOWN,true,"""L44z200""	2	0	0	0	""complications of the puerperium nos with postnatal comp""	""February 2019""	""postnatal""",
"""24525""",UNKNOWN,true,"""E201C00""	532	0	23	0	""phantom pregnancy""	""February 2009""	""unspecified""",
"""59445""",UNKNOWN,true,"""Z243800""	6	0	0	0	""first stage of labour problem""	""February 2009""	""postnatal""",
"""53849""",UNKNOWN,true,"""L16y000""	27	0	0	0	""other pregnancy complication unspecified""	""February 2009""	""unspecified""",
"""112100""",UNKNOWN,true,"""L091200""	1	0	0	0	""intravascular haemolysis following abortive pregnancy""	""September 2017""	""unspecified""",
"""12625""",UNKNOWN,true,"""7F25.00""	15027	0	238	0	""obstetric monitoring""	""February 2009""	""unspecified""",
"""105343""",UNKNOWN,true,"""Z256400""	1	0	0	0	""rapid expulsion of placenta""	""December 2012""	""late pregnancy""",
"""99645""",UNKNOWN,true,"""4H41.00""	0	0	0	1	""amniotic fluid chemistry: nad""	""June 2010""	""late pregnancy""",
"""105943""",UNKNOWN,true,"""L165300""	3	0	0	0	""asymptomatic bacteriuria in pregnancy - not delivered""	""April 2013""	""unspecified""",
"""36421""",UNKNOWN,true,"""L167z00""	25	0	1	0	""liver disorder in pregnancy nos""	""February 2009""	""unspecified""",
"""27963""",UNKNOWN,true,"""L323.00""	13	0	0	0	""delayed delivery of second twin, triplet etc""	""February 2009""	""postnatal""",
"""25872""",UNKNOWN,true,"""L16yz00""	54	0	1	0	""other pregnancy complication nos""	""February 2009""	""unspecified""",
"""94809""",UNKNOWN,true,"""Z256200""	6	0	0	0	""prolonged third stage of labour""	""February 2009""	""postnatal""",
"""109337""",UNKNOWN,true,"""L43yz00""	1	0	0	0	""other obstetric pulmonary embolism nos""	""March 2015""	""unspecified""",
"""37509""",UNKNOWN,true,"""7F1A300""	29	0	8	0	""drainage of hydrocephalus of fetus to facilitate delivery""	""February 2009""	""postnatal""",
"""95698""",UNKNOWN,true,"""7F28y00""	2	0	0	0	""other specified other non routine obstetric scan""	""February 2009""	""unspecified""",
"""109071""",UNKNOWN,true,"""38B6.00""	333	0	18	0	""antenatal risk assessment""	""January 2015""	""early pregnancy""",
"""30806""",UNKNOWN,true,"""L34yz00""	6	0	0	0	""other vulval/perineal trauma during delivery nos""	""February 2009""	""postnatal""",
"""99290""",UNKNOWN,true,"""Z255800""	6	0	0	0	""second stage of labour problem""	""May 2010""	""postnatal""",
"""30373""",UNKNOWN,true,"""Z22C100""	624	0	0	3	""estimated date of delivery from last period""	""February 2009""	""postnatal""",
"""40448""",UNKNOWN,true,"""7F11100""	467	0	0	0	""induction of labour using prostaglandins""	""February 2009""	""postnatal""",
"""54473""",UNKNOWN,true,"""L244000""	37	0	2	0	""other uterine/pelvic floor abnormal affecting obstetric care""	""February 2009""	""unspecified""",
"""42572""",UNKNOWN,true,"""L323100""	2	0	0	0	""delayed delivery second twin - delivered""	""February 2009""	""postnatal""",
"""116616""",UNKNOWN,true,"""Lyu2.00""	3	0	0	0	""[x]other maternal disorders predominant related to pregnancy""	""August 2024""	""unspecified""",
"""101607""",UNKNOWN,true,"""7F22713""	3	0	0	0	""pack to control postpartum haemorrhage""	""February 2011""	""postnatal""",
"""7845""",UNKNOWN,true,"""Z212.00""	20814	0	296	0	""antenatal care""	""February 2009""	""early pregnancy""",
"""114314""",UNKNOWN,true,"""L35y400""	1	0	0	0	""other obstetric trauma with postnatal problem""	""November 2019""	""postnatal""",
"""115728""",UNKNOWN,true,"""L432100""	1	0	0	0	""obstetric blood-clot pulmonary embolism - delivered""	""August 2021""	""unspecified""",
"""11359""",UNKNOWN,true,"""L180.00""	1415	0	39	7	""diabetes mellitus during pregnancy/childbirth/puerperium""	""February 2009""	""postnatal""",
"""58982""",UNKNOWN,true,"""L186.00""	2	0	0	0	""other cardiovascular diseases in pregnancy/childbirth/puerp""	""February 2009""	""postnatal""",
"""29287""",UNKNOWN,true,"""62S6.00""	12289	0	1056	2	""postnatal examination minor problem found""	""February 2009""	""postnatal""",
"""69382""",UNKNOWN,true,"""L356200""	6	0	0	0	""obstetric damage to pelvic joints and ligaments + p/n prob""	""February 2009""	""unspecified""",
"""85245""",UNKNOWN,true,"""7F26z00""	23	0	0	0	""routine obstetric scan nos""	""February 2009""	""unspecified""",
"""66471""",UNKNOWN,true,"""7F24z00""	15	0	0	0	""other obstetric operation nos""	""February 2009""	""unspecified""",
"""21345""",UNKNOWN,true,"""9N05.00""	7557	0	16	0	""seen in postnatal clinic""	""February 2009""	""postnatal""",
"""15514""",UNKNOWN,true,"""7F13000""	129	0	6	0	""upper uterine segment caesarean delivery nec""	""February 2009""	""postnatal""",
"""46822""",UNKNOWN,true,"""Z262E00""	5	0	0	0	""old retroplacental clot""	""February 2009""	""late pregnancy""",
"""97471""",UNKNOWN,true,"""Q212z00""	4	0	0	0	""liveborn with prelabour fetal distress nos""	""August 2009""	""postnatal""",
"""67728""",UNKNOWN,true,"""L150200""	1	0	1	0	""post-term pregnancy - not delivered""	""February 2009""	""late pregnancy""",
"""62886""",UNKNOWN,true,"""L461z00""	41	0	0	0	""cracked nipple in pregnancy, the puerperium or lactation nos""	""February 2009""	""postnatal""",
"""54726""",UNKNOWN,true,"""L251400""	3	0	0	0	""maternal care for chromosomal abnormality in fetus""	""February 2009""	""unspecified""",
"""41473""",UNKNOWN,true,"""L183.00""	72	0	2	0	""drug dependence in pregnancy, childbirth and the puerperium""	""February 2009""	""postnatal""",
"""28103""",UNKNOWN,true,"""Z22A300""	721	0	21	0	""concealed pregnancy""	""February 2009""	""unspecified""",
"""44385""",UNKNOWN,true,"""L35z.00""	24	0	1	0	""obstetric trauma nos""	""February 2009""	""unspecified""",
"""21849""",UNKNOWN,true,"""L031.00""	1468	0	14	0	""tubal pregnancy""	""February 2009""	""unspecified""",
"""64752""",UNKNOWN,true,"""L111200""	14	0	0	0	""placenta praevia with haemorrhage - not delivered""	""February 2009""	""late pregnancy""",
"""52603""",UNKNOWN,true,"""L41z611""	63	0	1	0	""puerperal phlebitis nos""	""February 2009""	""postnatal""",
"""55573""",UNKNOWN,true,"""8HJ7.00""	184	0	244	0	""obstetric self-referral""	""February 2009""	""unspecified""",
"""62809""",UNKNOWN,true,"""L18A.00""	10	0	1	0	""dis of the digestive sys comp preg childbirth and puerp""	""February 2009""	""postnatal""",
"""16975""",UNKNOWN,true,"""L21..11""	15	0	0	0	""gestation - multiple""	""February 2009""	""unspecified""",
"""112578""",UNKNOWN,true,"""L432300""	4	0	0	0	""obstetric blood-clot pulmonary embolism + a/n complication""	""April 2018""	""unspecified""",
"""44906""",UNKNOWN,true,"""Z264300""	9	0	0	0	""amniotic fluid normal""	""February 2009""	""late pregnancy""",
"""107870""",UNKNOWN,true,"""9mL..00""	1658	0	1	0	""postnatal examination invitation""	""April 2014""	""postnatal""",
"""101599""",UNKNOWN,true,"""L253300""	1	0	0	0	""maternal care for damage to fetus from maternal rubella""	""February 2011""	""unspecified""",
"""101893""",UNKNOWN,true,"""L251300""	1	0	0	0	""maternal care for suspected chromosomal abnormality in fetus""	""March 2011""	""unspecified""",
"""88775""",UNKNOWN,true,"""7F11300""	184	0	1	0	""medical induction of labour""	""February 2009""	""postnatal""",
"""11741""",UNKNOWN,true,"""L394600""	485	0	9	0	""haematoma of obstetric wound""	""February 2009""	""unspecified""",
"""86399""",UNKNOWN,true,"""7F17y00""	40	0	0	0	""other specified vacuum delivery""	""February 2009""	""postnatal""",
"""40724""",UNKNOWN,true,"""Z255700""	126	0	0	0	""failure to progress in second stage of labour""	""February 2009""	""postnatal""",
"""54577""",UNKNOWN,true,"""L210000""	50	0	0	0	""twin pregnancy unspecified""	""February 2009""	""unspecified""",
"""95570""",UNKNOWN,true,"""L307z00""	2	0	0	0	""failed trial of labour nos""	""February 2009""	""postnatal""",
"""48552""",UNKNOWN,true,"""L010.11""	670	0	1	0	""anembryonic pregnancy""	""February 2009""	""unspecified""",
"""36234""",UNKNOWN,true,"""L370z11""	70	0	3	0	""retained placenta without haemorrhage""	""February 2009""	""late pregnancy""",
"""51111""",UNKNOWN,true,"""L244412""	26	0	3	0	""rectocele complicating postpartum care - baby delivered prev""	""February 2009""	""postnatal""",
"""38439""",UNKNOWN,true,"""L244411""	41	0	5	0	""cystocele complicating postpartum care - baby delivered prev""	""February 2009""	""postnatal""",
"""100323""",UNKNOWN,true,"""4H7..00""	0	0	0	1	""amniotic fetal cell study""	""July 2010""	""late pregnancy""",
"""48602""",UNKNOWN,true,"""L32..00""	68	0	0	0	""long labour""	""February 2009""	""postnatal""",
"""13352""",UNKNOWN,true,"""L34..00""	129534	0	21	0	""trauma to perineum and vulva during delivery""	""February 2009""	""postnatal""",
"""113866""",UNKNOWN,true,"""Z262Q00""	2	0	0	0	""placenta unhealthy""	""June 2019""	""late pregnancy""",
"""33634""",UNKNOWN,true,"""L182z00""	1045	0	1	0	""anaemia during pregnancy/childbirth/puerperium nos""	""February 2009""	""postnatal""",
"""64384""",UNKNOWN,true,"""L180z00""	84	0	1	0	""diabetes mellitus in pregnancy/childbirth/puerperium nos""	""February 2009""	""postnatal""",
"""93027""",UNKNOWN,true,"""U626.00""	2	0	0	0	""[x]obstetric+gynae devices associated with adverse incidents""	""February 2009""	""unspecified""",
"""97682""",UNKNOWN,true,"""7M0fy00""	157	0	0	0	""other specified gestational age""	""September 2009""	""unspecified""",
"""105654""",UNKNOWN,true,"""L10y100""	3	0	0	0	""other haemorrhage in early pregnancy - delivered""	""January 2013""	""unspecified""",
"""72594""",UNKNOWN,true,"""L352200""	2	0	0	0	""obstetric inversion of uterus with postnatal problem""	""February 2009""	""postnatal""",
"""49446""",UNKNOWN,true,"""L396100""	788	0	0	0	""vacuum extractor delivery - delivered""	""February 2009""	""postnatal""",
"""113708""",UNKNOWN,true,"""7L1d300""	20	0	0	0	""delivery subsequent element cycle chemotherapy for neoplasm""	""May 2019""	""postnatal""",
"""39447""",UNKNOWN,true,"""8I3G.00""	57	0	0	0	""edinburgh postnatal depression scale declined""	""February 2009""	""postnatal""",
"""114297""",UNKNOWN,true,"""L31z100""	2	0	0	0	""abnormality of forces of labour nos - delivered""	""November 2019""	""postnatal""",
"""99890""",UNKNOWN,true,"""Q021400""	1	0	0	0	""fetus/neonate affect by placental damage-surgical induction""	""June 2010""	""late pregnancy""",
"""53685""",UNKNOWN,true,"""L410500""	925	0	0	0	""varicose veins of legs in pregnancy""	""February 2009""	""unspecified""",
"""100516""",UNKNOWN,true,"""Z262H00""	6	0	0	0	""placenta calcified""	""August 2010""	""late pregnancy""",
"""114568""",UNKNOWN,true,"""L295z00""	2	0	0	0	""elderly primigravida nos""	""December 2019""	""unspecified""",
"""95702""",UNKNOWN,true,"""7M0f300""	162	0	0	0	""under 9 weeks gestational age""	""February 2009""	""9""",
"""34399""",UNKNOWN,true,"""Lyu6C00""	93	0	2	0	""[x]cervicitis following delivery""	""February 2009""	""postnatal""",
"""73393""",UNKNOWN,true,"""4H71.00""	0	0	0	4	""amniotic fetal cell study: nad""	""February 2009""	""late pregnancy""",
"""46730""",UNKNOWN,true,"""A370.00""	4	0	0	0	""obstetrical tetanus""	""February 2009""	""unspecified""",
"""64732""",UNKNOWN,true,"""Q213000""	4	0	0	0	""liveborn with labour abnormal heart beat""	""February 2009""	""postnatal""",
"""109570""",UNKNOWN,true,"""L403100""	2	0	0	0	""puerperal septicaemia - delivered with postnatal comp""	""April 2015""	""postnatal""",
"""25759""",UNKNOWN,true,"""L411.00""	273	0	11	0	""vv's of perineum/vulva in pregnancy/puerperium""	""February 2009""	""postnatal""",
"""21893""",UNKNOWN,true,"""L510.00""	66	0	0	0	""maternal care for hydrops fetalis""	""February 2009""	""unspecified""",
"""99361""",UNKNOWN,true,"""L345200""	1	0	0	0	""vulval and perineal haematoma during delivery + p/n problem""	""May 2010""	""postnatal""",
"""61597""",UNKNOWN,true,"""L343200""	3	0	0	0	""fourth degree perineal tear during delivery with p/n problem""	""February 2009""	""postnatal""",
"""41718""",UNKNOWN,true,"""L1y..00""	63	0	0	0	""complications of pregnancy/childbirth/puerperium os""	""February 2009""	""postnatal""",
"""68840""",UNKNOWN,true,"""L416200""	1	0	0	0	""haemorrhoids in pregnancy and puerperium - deliv + p/n comp""	""February 2009""	""postnatal""",
"""30378""",UNKNOWN,true,"""L244312""	5	0	2	0	""rectocele complicating antenatal care - baby not delivered""	""February 2009""	""early pregnancy""",
"""45862""",UNKNOWN,true,"""7E07114""	107	0	0	0	""curettage of uterus for termination of pregnancy nec""	""February 2009""	""unspecified""",
"""88229""",UNKNOWN,true,"""7F2A.00""	261	0	0	0	""obstetric doppler studies""	""February 2009""	""unspecified""",
"""115788""",UNKNOWN,true,"""L390400""	1	0	0	0	""maternal distress with postnatal problem""	""October 2021""	""postnatal""",
"""101938""",UNKNOWN,true,"""L390300""	2	0	0	0	""maternal distress with antenatal problem""	""March 2011""	""early pregnancy""",
"""90277""",UNKNOWN,true,"""L350200""	3	0	0	0	""rupture of uterus before labour with antenatal problem""	""February 2009""	""early pregnancy""",
"""112126""",UNKNOWN,true,"""L171200""	1	0	0	0	""maternal gonorrhoea in puerperium - baby delivered""	""September 2017""	""postnatal""",
"""62919""",UNKNOWN,true,"""L125200""	21	0	0	0	""severe pre-eclampsia - delivered with postnatal complication""	""February 2009""	""postnatal""",
"""97259""",UNKNOWN,true,"""68b6.00""	191	0	0	0	""antenatal screening declined""	""August 2009""	""early pregnancy""",
"""20383""",UNKNOWN,true,"""L452.00""	6633	0	16	0	""obstetric nonpurulent mastitis""	""February 2009""	""unspecified""",
"""78449""",UNKNOWN,true,"""7F28.00""	95	0	7	0	""other non routine obstetric scan""	""February 2009""	""unspecified""",
"""57002""",UNKNOWN,true,"""L290.11""	4	0	0	0	""failed mechanical induction of labour""	""February 2009""	""postnatal""",
"""64366""",UNKNOWN,true,"""L412500""	43	0	0	0	""superficial thrombophlebitis in pregnancy""	""February 2009""	""unspecified""",
"""15256""",UNKNOWN,true,"""L344.00""	978	0	87	4	""unspecified perineal laceration during delivery""	""February 2009""	""postnatal""",
"""111183""",UNKNOWN,true,"""8IHD.00""	13	0	0	0	""health visitor antenatal visit declined""	""August 2016""	""early pregnancy""",
"""110878""",UNKNOWN,true,"""L392400""	1	0	0	0	""maternal hypotension syndrome with postnatal problem""	""June 2016""	""postnatal""",
"""69311""",UNKNOWN,true,"""R123.00""	32	0	0	0	""[d]amniotic fluid abnormal""	""February 2009""	""late pregnancy""",
"""24850""",UNKNOWN,true,"""L44y000""	12	0	1	0	""other complications of the puerperium unspecified""	""February 2009""	""postnatal""",
"""114330""",UNKNOWN,true,"""L131100""	3	0	0	0	""hyperemesis gravidarum with metabolic disturbance - deliv""	""November 2019""	""early pregnancy""",
"""20630""",UNKNOWN,true,"""L452100""	142	0	0	0	""obstetric nonpurulent mastitis - delivered""	""February 2009""	""unspecified""",
"""112113""",UNKNOWN,true,"""L096200""	1	0	0	0	""blood-clot embolism following abortive pregnancy""	""September 2017""	""unspecified""",
"""14925""",UNKNOWN,true,"""L10z.00""	4096	0	1427	0	""early pregnancy haemorrhage nos""	""February 2009""	""unspecified""",
"""61935""",UNKNOWN,true,"""L185.11""	10	0	0	0	""congenital heart disease in pregnancy""	""February 2009""	""unspecified""",
"""113161""",UNKNOWN,true,"""L31zz00""	1	0	0	0	""abnormality of forces of labour nos""	""January 2019""	""postnatal""",
"""106588""",UNKNOWN,true,"""62NJ.00""	33	0	4	0	""antenatal 22 week examination""	""August 2013""	""22""",
"""42485""",UNKNOWN,true,"""Lyu6200""	39	0	0	0	""[x]other specified puerperal infection""	""February 2009""	""postnatal""",
"""112265""",UNKNOWN,true,"""L03y500""	1	0	0	0	""intraligamentous pregnancy""	""October 2017""	""unspecified""",
"""7390""",UNKNOWN,true,"""L420z00""	33	0	0	0	""puerperal pyrexia nos""	""February 2009""	""postnatal""",
"""30801""",UNKNOWN,true,"""62OZ.00""	3440	0	0	0	""misc. antenatal data nos""	""February 2009""	""early pregnancy""",
"""61805""",UNKNOWN,true,"""Z262912""	6	0	0	0	""appearance of placenta""	""February 2009""	""late pregnancy""",
"""103059""",UNKNOWN,true,"""7E07111""	9	0	0	0	""curettage of term pregnancy nec""	""October 2011""	""unspecified""",
"""16384""",UNKNOWN,true,"""7E07113""	488	0	7	0	""curettage of uterus for termination of pregnancy nec""	""February 2009""	""unspecified""",
"""53056""",UNKNOWN,true,"""L246.11""	22	0	3	0	""polyp of cervix in pregnancy, childbirth and the puerperium""	""February 2009""	""postnatal""",
"""55152""",UNKNOWN,true,"""Q408.00""	8	0	0	0	""intra-amniotic fetal infection""	""February 2009""	""late pregnancy""",
"""48585""",UNKNOWN,true,"""Q03..00""	18	0	0	0	""fetus or neonate affected by complication of labour/delivery""	""February 2009""	""postnatal""",
"""47219""",UNKNOWN,true,"""Q035300""	6	0	0	0	""fetus/neonate affected by mat epidural anaesth - labour/del""	""February 2009""	""postnatal""",
"""39805""",UNKNOWN,true,"""L45z.00""	81	0	0	0	""obstetric breast infection nos""	""February 2009""	""unspecified""",
"""2054""",UNKNOWN,true,"""L182400""	1290	0	31	4	""anaemia in the puerperium - baby previously delivered""	""February 2009""	""postnatal""",
"""35517""",UNKNOWN,true,"""63DZ.00""	182	0	0	0	""placental details nos""	""February 2009""	""late pregnancy""",
"""112112""",UNKNOWN,true,"""L096100""	1	0	0	0	""amniotic fluid embolism following abortive pregnancy""	""September 2017""	""late pregnancy""",
"""111536""",UNKNOWN,true,"""L466400""	3	0	0	0	""galactorrhoea in pregnancy/puerperium with p/n complication""	""December 2016""	""postnatal""",
"""43563""",UNKNOWN,true,"""Lyu5.00""	18108	0	0	0	""[x]delivery""	""February 2009""	""postnatal""",
"""68966""",UNKNOWN,true,"""Lyu7.00""	6	0	0	0	""[x]other obstetric conditions, not elsewhere classified""	""February 2009""	""unspecified""",
"""104218""",UNKNOWN,true,"""L300000""	1	0	0	0	""obstructed labour due to fetal malposition unspecified""	""June 2012""	""postnatal""",
"""112104""",UNKNOWN,true,"""L092600""	1	0	0	0	""vaginal damage following abortive pregnancy""	""September 2017""	""unspecified""",
"""102191""",UNKNOWN,true,"""8IAi.00""	1076	0	0	0	""pregnancy advice for patients with epilepsy declined""	""May 2011""	""unspecified""",
"""23421""",UNKNOWN,true,"""615C.00""	727	0	77	0	""iud failure - pregnant""	""February 2009""	""early pregnancy""",
"""99935""",UNKNOWN,true,"""Lyu4D00""	1	0	0	0	""[x]other immediate postpartum haemorrhage""	""June 2010""	""postnatal""",
"""73557""",UNKNOWN,true,"""L188z00""	11	0	0	0	""abnormal gtt in pregnancy/childbirth/puerperium nos""	""February 2009""	""postnatal""",
"""3029""",UNKNOWN,true,"""L166500""	355	0	37	3	""infections of kidney in pregnancy""	""February 2009""	""unspecified""",
"""114906""",UNKNOWN,true,"""Z262900""	1	0	0	0	""observation of consistency of placenta""	""June 2020""	""late pregnancy""",
"""68038""",UNKNOWN,true,"""L38B.00""	2	0	0	0	""failed or difficult intubation during the puerperium""	""February 2009""	""postnatal""",
"""106517""",UNKNOWN,true,"""L176100""	3	0	0	0	""other maternal viral disease in pregnancy - baby delivered""	""August 2013""	""unspecified""",
"""105425""",UNKNOWN,true,"""L361100""	4	0	0	0	""other immediate postpartum haemorrhage - deliv with p/n prob""	""December 2012""	""postnatal""",
"""69012""",UNKNOWN,true,"""L466300""	1	0	0	0	""galactorrhoea in pregnancy/puerperium with a/n complication""	""February 2009""	""postnatal""",
"""57131""",UNKNOWN,true,"""L462100""	11	0	0	0	""breast engorgement in pregnancy/puerperium/lactation - deliv""	""February 2009""	""postnatal""",
"""1850""",UNKNOWN,true,"""7F06012""	2099	0	61	0	""shirodkar suture in pregnancy""	""February 2009""	""unspecified""",
"""51572""",UNKNOWN,true,"""7F...13""	17	0	0	0	""puerperium operations""	""February 2009""	""postnatal""",
"""30302""",UNKNOWN,true,"""7F...12""	72	0	3	0	""pregnancy operations""	""February 2009""	""unspecified""",
"""13215""",UNKNOWN,true,"""632..00""	111759	0	0	0	""length of labour""	""February 2009""	""postnatal""",
"""28107""",UNKNOWN,true,"""L161.00""	570	0	3	0	""oedema or excessive weight gain in pregnancy no hypertension""	""February 2009""	""unspecified""",
"""102359""",UNKNOWN,true,"""67AF.00""	25905	0	4	0	""pregnancy advice for patients with epilepsy""	""June 2011""	""unspecified""",
"""68858""",UNKNOWN,true,"""5844.00""	7	0	1	409	""u-s scan -placental localisatn""	""February 2009""	""late pregnancy""",
"""85960""",UNKNOWN,true,"""44Cz.00""	2	0	0	595	""plasma pregnancy associated plasma protein-a mom""	""February 2009""	""unspecified""",
"""96490""",UNKNOWN,true,"""Z285C00""	1	0	0	0	""obstetric conjugate of pelvis""	""April 2009""	""unspecified""",
"""105817""",UNKNOWN,true,"""9381.00""	2	0	0	0	""obstetric coop card issued""	""February 2013""	""unspecified""",
"""64260""",UNKNOWN,true,"""L18D.00""	4	0	0	0	""dis nervous syst complic pregnancy,childbirth and puerperium""	""February 2009""	""postnatal""",
"""47863""",UNKNOWN,true,"""Lyu5200""	62	0	0	0	""[x]other single delivery by caesarean section""	""February 2009""	""postnatal""",
"""93136""",UNKNOWN,true,"""L241000""	7	0	0	0	""tumour of uterine body affecting obstetric care""	""February 2009""	""unspecified""",
"""59493""",UNKNOWN,true,"""L090400""	47	0	0	0	""salpingo-oophoritis following abortive pregnancy""	""February 2009""	""unspecified""",
"""41447""",UNKNOWN,true,"""L44yz11""	48	0	1	0	""blood dyscrasia puerperal""	""February 2009""	""postnatal""",
"""9160""",UNKNOWN,true,"""Z257100""	8220	0	0	0	""spontaneous vertex delivery""	""February 2009""	""postnatal""",
"""58880""",UNKNOWN,true,"""L45y000""	6	0	0	0	""other obstetric breast infection unspecified""	""February 2009""	""unspecified""",
"""49665""",UNKNOWN,true,"""ZV28600""	120	0	1	0	""[v]antenatal screening for chromosomal anomalies""	""February 2009""	""early pregnancy""",
"""104656""",UNKNOWN,true,"""Ly2..00""	109	0	0	0	""sequelae of complication pregnancy childbirth and puerperium""	""August 2012""	""postnatal""",
"""95754""",UNKNOWN,true,"""Q408z00""	2	0	0	0	""intra-amniotic fetal infection nos""	""February 2009""	""late pregnancy""",
"""58844""",UNKNOWN,true,"""L396000""	61	0	0	0	""vacuum extractor delivery unspecified""	""February 2009""	""postnatal""",
"""48484""",UNKNOWN,true,"""Z244500""	17	0	0	0	""relation of onset of labour to due date""	""February 2009""	""postnatal""",
"""49953""",UNKNOWN,true,"""6323.00""	859	0	0	0	""3rd stage of labour length""	""February 2009""	""postnatal""",
"""16046""",UNKNOWN,true,"""L410.00""	967	0	52	0	""varicose veins of legs in pregnancy and the puerperium""	""February 2009""	""postnatal""",
"""86011""",UNKNOWN,true,"""7F26.00""	420	0	4	10	""routine obstetric scan""	""February 2009""	""unspecified""",
"""44192""",UNKNOWN,true,"""L431.00""	36	0	0	0	""amniotic fluid pulmonary embolism""	""February 2009""	""late pregnancy""",
"""114460""",UNKNOWN,true,"""L186200""	1	0	0	0	""other cardiovasc dis in puerperium - baby delivered""	""December 2019""	""postnatal""",
"""37573""",UNKNOWN,true,"""Z22B900""	3	0	0	0	""continuing pregnancy after abortion of sibling fetus""	""February 2009""	""unspecified""",
"""57488""",UNKNOWN,true,"""L34z100""	1	0	0	0	""vulval/perineal trauma during delivery nos - delivered""	""February 2009""	""postnatal""",
"""44549""",UNKNOWN,true,"""L128.00""	29	0	1	0	""pre-exist hypertension compl preg childbirth and puerperium""	""February 2009""	""postnatal""",
"""21626""",UNKNOWN,true,"""63E1.00""	5135	0	100	0	""spontaneous onset of labour""	""February 2009""	""postnatal""",
"""13585""",UNKNOWN,true,"""62R..00""	569136	0	3009	7	""postnatal visits""	""February 2009""	""postnatal""",
"""27731""",UNKNOWN,true,"""L345.12""	53	0	2	0	""vulval and perineal haematoma during delivery""	""February 2009""	""postnatal""",
"""37701""",UNKNOWN,true,"""Z22A.00""	1859	0	228	0	""observation of pattern of pregnancy""	""February 2009""	""unspecified""",
"""68694""",UNKNOWN,true,"""Z22C.00""	11	0	0	0	""observation of measures of pregnancy""	""February 2009""	""unspecified""",
"""26356""",UNKNOWN,true,"""ZLD2Z00""	1878	0	1	0	""discharge by obstetrician""	""February 2009""	""unspecified""",
"""37322""",UNKNOWN,true,"""4H13.00""	31	0	1	2	""amniotic fluid - abnormality""	""February 2009""	""late pregnancy""",
"""33421""",UNKNOWN,true,"""7F11000""	225	0	0	0	""oxytocic induction of labour""	""February 2009""	""postnatal""",
"""64469""",UNKNOWN,true,"""Z262K00""	3	0	0	0	""placenta fatty deposits""	""February 2009""	""late pregnancy""",
"""109993""",UNKNOWN,true,"""L363000""	1	0	0	0	""postpartum coagulation defects unspecified""	""August 2015""	""postnatal""",
"""100664""",UNKNOWN,true,"""L284000""	1	0	0	0	""amniotic cavity infection unspecified""	""September 2010""	""late pregnancy""",
"""72215""",UNKNOWN,true,"""L241z00""	19	0	1	0	""uterine body tumour in pregnancy/childbirth/puerperium nos""	""February 2009""	""postnatal""",
"""26840""",UNKNOWN,true,"""Q017500""	7	0	1	0	""fetus or neonate affected by unstable lie before labour""	""February 2009""	""postnatal""",
"""89929""",UNKNOWN,true,"""L280100""	8	0	0	0	""oligohydramnios - delivered""	""February 2009""	""late pregnancy""",
"""35628""",UNKNOWN,true,"""L321.00""	81	0	9	0	""prolonged labour unspecified""	""February 2009""	""postnatal""",
"""49559""",UNKNOWN,true,"""L180300""	56	0	2	0	""diabetes mellitus during pregnancy - baby not yet delivered""	""February 2009""	""unspecified""",
"""35558""",UNKNOWN,true,"""584..12""	96	0	13	1793	""u-s scan - obstetric, diagn.""	""February 2009""	""unspecified""",
"""29786""",UNKNOWN,true,"""L416600""	147	0	3	0	""haemorrhoids in pregnancy""	""February 2009""	""unspecified""",
"""115625""",UNKNOWN,true,"""L41y000""	1	0	0	0	""other venous complication of pregnancy/puerperium unsp""	""June 2021""	""postnatal""",
"""109313""",UNKNOWN,true,"""9Nil.00""	204	0	0	0	""did not attend antenatal appointment""	""February 2015""	""early pregnancy""",
"""13318""",UNKNOWN,true,"""271..11""	1996738	0	394	0	""o/e - fundus size - obstetric""	""February 2009""	""unspecified""",
"""112613""",UNKNOWN,true,"""4Q3N000""	3	0	0	111	""pregnancy associated plasma protein a multiple of median""	""April 2018""	""unspecified""",
"""104872""",UNKNOWN,true,"""L143100""	70	0	0	0	""premature labour with premature delivery""	""August 2012""	""postnatal""",
"""57059""",UNKNOWN,true,"""L187300""	8	0	0	0	""orthopaedic disorder in pregnancy - baby not yet delivered""	""February 2009""	""unspecified""",
"""31033""",UNKNOWN,true,"""7F03100""	2	0	1	0	""percutaneous insertion of fetal pleuroamniotic shunt""	""February 2009""	""late pregnancy""",
"""55750""",UNKNOWN,true,"""L353.00""	43	0	6	0	""obstetric laceration of cervix""	""February 2009""	""unspecified""",
"""103954""",UNKNOWN,true,"""62X5.00""	804	0	0	0	""length of gestation at time of test""	""April 2012""	""unspecified""",
"""29529""",UNKNOWN,true,"""L351.00""	131	0	2	0	""rupture of uterus during and after labour""	""February 2009""	""postnatal""",
"""42275""",UNKNOWN,true,"""L395300""	1496	0	0	0	""mid-cavity forceps delivery""	""February 2009""	""postnatal""",
"""33794""",UNKNOWN,true,"""L400000""	153	0	1	0	""puerperal endometritis unspecified""	""February 2009""	""postnatal""",
"""53203""",UNKNOWN,true,"""ZLE8100""	1763	0	5	0	""discharge from obstetrics service""	""February 2009""	""unspecified""",
"""40876""",UNKNOWN,true,"""L342z00""	301	0	0	0	""third degree perineal tear during delivery nos""	""February 2009""	""postnatal""",
"""22426""",UNKNOWN,true,"""Z6U4.00""	83	0	0	0	""breathing awareness for childbirth""	""February 2009""	""postnatal""",
"""102755""",UNKNOWN,true,"""8CEM.00""	39	0	0	0	""downs syndrome antenatal screening information leaflet given""	""August 2011""	""early pregnancy""",
"""26556""",UNKNOWN,true,"""62X2.00""	3202	0	0	0	""gestation >24 weeks""	""February 2009""	""24""",
"""26555""",UNKNOWN,true,"""62X0.00""	1963	0	0	1	""gestation <24 weeks""	""February 2009""	""24""",
"""37985""",UNKNOWN,true,"""L2AX.00""	13	0	0	0	""abnormal finding on antenatal screening of mother""	""February 2009""	""early pregnancy""",
"""23334""",UNKNOWN,true,"""L162.11""	78	0	18	3	""albuminuria in pregnancy without hypertension""	""February 2009""	""unspecified""",
"""92579""",UNKNOWN,true,"""L162.13""	1	0	0	0	""uraemia in pregnancy without hypertension""	""February 2009""	""unspecified""",
"""38312""",UNKNOWN,true,"""L162.12""	17	0	3	2	""nephropathy nos in pregnancy without hypertension""	""February 2009""	""unspecified""",
"""22215""",UNKNOWN,true,"""Z22A200""	1249	0	49	0	""high risk pregnancy""	""February 2009""	""unspecified""",
"""38346""",UNKNOWN,true,"""ZV22000""	151	0	4	0	""[v]first normal pregnancy supervision""	""February 2009""	""unspecified""",
"""93273""",UNKNOWN,true,"""L39z100""	7	0	0	0	""complications of labour and delivery nos - delivered""	""February 2009""	""postnatal""",
"""65231""",UNKNOWN,true,"""9384.00""	56	0	0	0	""obstetric coop card updated""	""February 2009""	""unspecified""",
"""100252""",UNKNOWN,true,"""Z255J00""	2	0	0	0	""pushing involuntarily in labour""	""July 2010""	""postnatal""",
"""113050""",UNKNOWN,true,"""9382.00""	1	0	0	0	""obstetric coop card lost""	""November 2018""	""unspecified""",
"""48583""",UNKNOWN,true,"""Q031600""	10	0	0	0	""fetus/neonate affected by disproportion during labour/delive""	""February 2009""	""postnatal""",
"""15563""",UNKNOWN,true,"""Q11..00""	2308	0	20	0	""short gestation and unspecified low birthweight problems""	""February 2009""	""unspecified""",
"""42755""",UNKNOWN,true,"""L387.00""	51	0	1	0	""spinal/epidural anesth-induced headache dur labour/delivery""	""February 2009""	""postnatal""",
"""57789""",UNKNOWN,true,"""L395400""	75	0	0	0	""delivery by combination of forceps and vacuum extractor""	""February 2009""	""postnatal""",
"""42335""",UNKNOWN,true,"""L440.00""	39	0	3	0	""cerebrovascular disorders in the puerperium""	""February 2009""	""postnatal""",
"""64728""",UNKNOWN,true,"""L270z00""	35	0	0	0	""polyhydramnios nos""	""February 2009""	""late pregnancy""",
"""39446""",UNKNOWN,true,"""ZRBY.00""	2817	0	0	0	""edinburgh postnatal depression scale""	""February 2009""	""postnatal""",
"""108535""",UNKNOWN,true,"""L38zz00""	3	0	0	0	""obstetric anaesthetic complications nos""	""August 2014""	""unspecified""",
"""19603""",UNKNOWN,true,"""L340000""	297	0	0	0	""first degree perineal tear during delivery, unspecified""	""February 2009""	""postnatal""",
"""95312""",UNKNOWN,true,"""Z262O00""	2	0	0	0	""observation of placental function""	""February 2009""	""late pregnancy""",
"""4786""",UNKNOWN,true,"""L213200""	544	0	2	0	""multiple delivery, all by caesarean section""	""February 2009""	""postnatal""",
"""48853""",UNKNOWN,true,"""L356.00""	125	0	3	0	""obstetric trauma damaging pelvic joints and ligaments""	""February 2009""	""unspecified""",
"""20002""",UNKNOWN,true,"""7F16000""	244	0	8	0	""high forceps cephalic delivery with rotation""	""February 2009""	""postnatal""",
"""40859""",UNKNOWN,true,"""62X4.00""	1051	0	0	0	""length of gestation at birth""	""February 2009""	""unspecified""",
"""29601""",UNKNOWN,true,"""L182200""	321	0	0	0	""anaemia in the puerperium - baby delivered""	""February 2009""	""postnatal""",
"""101813""",UNKNOWN,true,"""B911012""	1	0	0	0	""invasive mole - placenta""	""February 2011""	""late pregnancy""",
"""114449""",UNKNOWN,true,"""L248200""	2	0	1	0	""vulval abnormality - baby delivered+postpartum complication""	""December 2019""	""postnatal""",
"""57249""",UNKNOWN,true,"""L11z000""	266	0	2	0	""antepartum haemorrhage nos, unspecified""	""February 2009""	""late pregnancy""",
"""15318""",UNKNOWN,true,"""6214.00""	3273	0	192	0	""pregnant - on history""	""February 2009""	""early pregnancy""",
"""91272""",UNKNOWN,true,"""L440300""	0	0	0	0	""puerperal cerebrovascular disorder with antenatal comp""	""February 2009""	""early pregnancy""",
"""50765""",UNKNOWN,true,"""L442z00""	143	0	7	0	""obstetric perineal wound disruption nos""	""February 2009""	""unspecified""",
"""99286""",UNKNOWN,true,"""L28y200""	1	0	0	0	""other amniotic/membrane problem with antenatal problem""	""May 2010""	""early pregnancy""",
"""46187""",UNKNOWN,true,"""63D3.00""	13	0	0	0	""placenta diameter""	""February 2009""	""late pregnancy""",
"""55974""",UNKNOWN,true,"""L417100""	5	0	0	0	""cerebral venous thrombosis in the puerperium""	""February 2009""	""postnatal""",
"""13307""",UNKNOWN,true,"""Eu53011""	7695	0	91	0	""[x]postnatal depression nos""	""February 2009""	""postnatal""",
"""57220""",UNKNOWN,true,"""7F2y.00""	9	0	0	0	""other specified obstetric operations""	""February 2009""	""unspecified""",
"""103810""",UNKNOWN,true,"""L115z00""	4	0	0	0	""antepartum haemorrhage with uterine leiomyoma nos""	""February 2012""	""late pregnancy""",
"""66501""",UNKNOWN,true,"""L39zz00""	6	0	0	0	""complications of labour and delivery nos""	""February 2009""	""postnatal""",
"""109578""",UNKNOWN,true,"""L357z00""	3	0	0	0	""obstetric trauma causing pelvic haematoma nos""	""April 2015""	""unspecified""",
"""93551""",UNKNOWN,true,"""L443200""	1	0	0	0	""other complication obstetric surgical wound with p/n comp""	""February 2009""	""unspecified""",
"""65230""",UNKNOWN,true,"""L442200""	20	0	1	0	""obstetric perineal wound disruption with p/n complication""	""February 2009""	""unspecified""",
"""66537""",UNKNOWN,true,"""L170100""	13	0	0	0	""maternal syphilis during pregnancy - baby delivered""	""February 2009""	""unspecified""",
"""99479""",UNKNOWN,true,"""L267200""	5	0	0	0	""other placental conditions with antenatal problem""	""May 2010""	""early pregnancy""",
"""41504""",UNKNOWN,true,"""L13y000""	22	0	0	0	""other pregnancy vomiting unspecified""	""February 2009""	""unspecified""",
"""10056""",UNKNOWN,true,"""62N..00""	1924057	0	1971	7	""antenatal examinations""	""February 2009""	""early pregnancy""",
"""98422""",UNKNOWN,true,"""Q213100""	9	0	0	0	""liveborn with labour hypoxia""	""January 2010""	""postnatal""",
"""95154""",UNKNOWN,true,"""L411600""	2	0	0	0	""genital varices in the puerperium""	""February 2009""	""postnatal""",
"""39238""",UNKNOWN,true,"""4HZ..00""	1	0	0	51	""amniotic fluid exam. nos""	""February 2009""	""late pregnancy""",
"""44401""",UNKNOWN,true,"""L305200""	11	0	1	0	""shoulder dystocia with antenatal problem""	""February 2009""	""early pregnancy""",
"""43958""",UNKNOWN,true,"""Q023000""	135	0	1	0	""fetus/neonate affected by twin-to-twin transplacental transf""	""February 2009""	""late pregnancy""",
"""112132""",UNKNOWN,true,"""L172400""	1	0	0	0	""other mat. venereal dis. in puerperium-baby previously deliv""	""September 2017""	""postnatal""",
"""72019""",UNKNOWN,true,"""L132200""	3	0	0	0	""late pregnancy vomiting - not delivered""	""February 2009""	""unspecified""",
"""109646""",UNKNOWN,true,"""Z64D100""	1	0	0	0	""obstetric transcutaneous nerve stimulation""	""May 2015""	""unspecified""",
"""40698""",UNKNOWN,true,"""L4z..00""	179	0	0	0	""complications of the puerperium nos""	""February 2009""	""postnatal""",
"""31617""",UNKNOWN,true,"""L130200""	67	0	1	0	""mild hyperemesis-not delivered""	""February 2009""	""early pregnancy""",
"""34333""",UNKNOWN,true,"""Z262711""	21	0	0	0	""incomplete delivery of placenta""	""February 2009""	""late pregnancy""",
"""63022""",UNKNOWN,true,"""L281500""	9	0	0	0	""prem rupture of membranes onset of labour after 24 hours""	""February 2009""	""postnatal""",
"""35484""",UNKNOWN,true,"""679E.00""	8182	0	119	0	""antenatal education""	""February 2009""	""early pregnancy""",
"""107531""",UNKNOWN,true,"""63H..00""	31	0	0	0	""time of delivery""	""December 2013""	""postnatal""",
"""106154""",UNKNOWN,true,"""7F2Ay00""	8	0	0	0	""other specified obstetric doppler studies""	""May 2013""	""unspecified""",
"""111542""",UNKNOWN,true,"""L26z100""	1	0	0	0	""feto-placental problems nos - delivered""	""December 2016""	""late pregnancy""",
"""37386""",UNKNOWN,true,"""8B68.00""	1184	0	3	0	""pregnancy prophylactic therapy""	""February 2009""	""unspecified""",
"""60877""",UNKNOWN,true,"""L263800""	4	0	0	0	""maternal care for fetal decelerations during pregnancy""	""February 2009""	""unspecified""",
"""103512""",UNKNOWN,true,"""L330200""	2	0	0	0	""prolapse of cord with antenatal problem""	""January 2012""	""early pregnancy""",
"""98003""",UNKNOWN,true,"""Z23B400""	4	0	0	0	""contraction of uterus during labour""	""November 2009""	""postnatal""",
"""107225""",UNKNOWN,true,"""L165z00""	3	0	0	0	""asymptomatic bacteriuria in pregnancy nos""	""November 2013""	""unspecified""",
"""59269""",UNKNOWN,true,"""L463400""	5	0	0	0	""other breast disorder in pregnancy/puerperium/lact +p/n comp""	""February 2009""	""postnatal""",
"""8122""",UNKNOWN,true,"""633..00""	90339	0	173	0	""outcome of delivery""	""February 2009""	""postnatal""",
"""112185""",UNKNOWN,true,"""L28y.12""	7	0	0	0	""amniotic cyst""	""September 2017""	""late pregnancy""",
"""13968""",UNKNOWN,true,"""584D.00""	2191	0	157	7139	""antenatal ultrasound confirms intra-uterine pregnancy""	""February 2009""	""early pregnancy""",
"""92415""",UNKNOWN,true,"""L095.00""	5	0	0	0	""shock following abortive pregnancy""	""February 2009""	""unspecified""",
"""35273""",UNKNOWN,true,"""L097.00""	25	0	1	0	""readmission for abortive pregnancy (nhs codes)""	""February 2009""	""unspecified""",
"""109880""",UNKNOWN,true,"""7F2Az11""	12	0	0	0	""obstetric doppler ultrasound nos""	""July 2015""	""unspecified""",
"""48200""",UNKNOWN,true,"""8HMN.00""	80	0	37	0	""listed for obstetric admission""	""February 2009""	""unspecified""",
"""99939""",UNKNOWN,true,"""L33y200""	2	0	0	0	""other umbilical cord complications with antenatal problem""	""June 2010""	""early pregnancy""",
"""96310""",UNKNOWN,true,"""7L1dy00""	6	0	0	0	""other specified delivery of chemotherapy for neoplasm""	""April 2009""	""postnatal""",
"""20152""",UNKNOWN,true,"""L090y00""	411	0	26	0	""sepsis nos following abortion/ectopic/molar pregnancy""	""February 2009""	""unspecified""",
"""23590""",UNKNOWN,true,"""L300.00""	56	0	5	0	""obstructed labour due to fetal malposition""	""February 2009""	""postnatal""",
"""73319""",UNKNOWN,true,"""L302.00""	1	0	0	0	""obstructed labour caused by pelvic soft tissues""	""February 2009""	""postnatal""",
"""97723""",UNKNOWN,true,"""L280000""	4	0	0	0	""oligohydramnios unspecified""	""October 2009""	""late pregnancy""",
"""62676""",UNKNOWN,true,"""L382000""	1	0	0	0	""obstetric anaesthesia with cns complications unspecified""	""February 2009""	""unspecified""",
"""50009""",UNKNOWN,true,"""L461100""	6	0	0	0	""cracked nipple in pregnancy/puerperium/lactation - delivered""	""February 2009""	""postnatal""",
"""15533""",UNKNOWN,true,"""L451400""	157	0	14	1	""obstetric breast abscess with postnatal complication""	""February 2009""	""postnatal""",
"""2872""",UNKNOWN,true,"""L371200""	115	0	33	0	""retained products with no haemorrhage with postnatal problem""	""February 2009""	""postnatal""",
"""54942""",UNKNOWN,true,"""L123100""	126	0	0	0	""transient hypertension of pregnancy - delivered""	""February 2009""	""unspecified""",
"""51929""",UNKNOWN,true,"""L354.11""	82	0	5	0	""high vaginal laceration - obstetric""	""February 2009""	""unspecified""",
"""34843""",UNKNOWN,true,"""L352.11""	34	0	0	0	""inversion of uterus - obstetric""	""February 2009""	""unspecified""",
"""73395""",UNKNOWN,true,"""4H22.00""	0	0	0	1	""amniotic fluid - blood stained""	""February 2009""	""late pregnancy""",
"""35977""",UNKNOWN,true,"""3188.00""	39	0	1	0	""placental localisation""	""February 2009""	""late pregnancy""",
"""7633""",UNKNOWN,true,"""K316.00""	26468	0	1609	0	""galactorrhoea due to nonobstetric cause""	""February 2009""	""unspecified""",
"""44286""",UNKNOWN,true,"""ZL1C200""	132	0	12	0	""under care of obstetrician""	""February 2009""	""unspecified""",
"""4797""",UNKNOWN,true,"""5842.00""	232	0	52	4942	""u-s obstetric scan normal""	""February 2009""	""unspecified""",
"""49661""",UNKNOWN,true,"""7Fy..00""	14	0	1	0	""other specified obstetric operations""	""February 2009""	""unspecified""",
"""115666""",UNKNOWN,true,"""L363.11""	1	0	0	0	""afibrinogenaemia - postpartum""	""July 2021""	""postnatal""",
"""54701""",UNKNOWN,true,"""ZV23y00""	13	0	0	0	""[v]other specified high-risk pregnancy""	""February 2009""	""unspecified""",
"""55225""",UNKNOWN,true,"""L32z.00""	20	0	0	0	""prolonged labour nos""	""February 2009""	""postnatal""",
"""101354""",UNKNOWN,true,"""L244311""	2	0	0	0	""cystocele complicating antenatal care - baby not delivered""	""January 2011""	""early pregnancy""",
"""99363""",UNKNOWN,true,"""L412611""	13	0	0	0	""thombophlebitis of legs in the puerperium""	""May 2010""	""postnatal""",
"""23348""",UNKNOWN,true,"""L37z.00""	80	0	8	0	""retained placenta or membranes with no haemorrhage nos""	""February 2009""	""late pregnancy""",
"""108134""",UNKNOWN,true,"""L37..12""	3	0	0	0	""retained placenta without haemorrhage""	""June 2014""	""late pregnancy""",
"""71162""",UNKNOWN,true,"""L16y100""	23	0	0	0	""other pregnancy complication - delivered""	""February 2009""	""unspecified""",
"""102635""",UNKNOWN,true,"""8Cg..00""	107	0	0	0	""pregnancy termination care""	""July 2011""	""unspecified""",
"""104806""",UNKNOWN,true,"""L463100""	1	0	0	0	""other breast disorder in pregnancy/puerperium/lact - deliv""	""August 2012""	""postnatal""",
"""41036""",UNKNOWN,true,"""7M35000""	16	0	0	0	""gas and air analgesia in labour""	""February 2009""	""postnatal""",
"""26698""",UNKNOWN,true,"""27Z..00""	1029	0	2	0	""obstetric examination nos""	""February 2009""	""unspecified""",
"""113741""",UNKNOWN,true,"""L184z00""	1	0	0	0	""mental disorder during pregnancy/childbirth/puerperium nos""	""May 2019""	""postnatal""",
"""18810""",UNKNOWN,true,"""62X..00""	43178	0	12	7	""length of gestation""	""February 2009""	""unspecified""",
"""43760""",UNKNOWN,true,"""7F1Az00""	127	0	0	0	""other method of delivery nos""	""February 2009""	""postnatal""",
"""66837""",UNKNOWN,true,"""L360z00""	47	0	0	0	""third-stage postpartum haemorrhage nos""	""February 2009""	""postnatal""",
"""63825""",UNKNOWN,true,"""Q014.00""	28	0	1	0	""fetus or neonate affected by ectopic pregnancy""	""February 2009""	""unspecified""",
"""72835""",UNKNOWN,true,"""Q01z.00""	14	0	0	0	""fetus/neonate affected by maternal complic pregnancy nos""	""February 2009""	""unspecified""",
"""114671""",UNKNOWN,true,"""L165000""	1	0	0	0	""asymptomatic bacteriuria in pregnancy unspecified""	""February 2020""	""unspecified""",
"""113919""",UNKNOWN,true,"""64i..00""	27	0	0	0	""centile age adjustment for gestational age""	""July 2019""	""unspecified""",
"""39611""",UNKNOWN,true,"""62GE.00""	5	0	1	1462	""antenatal ultrasound scan at 22-40 weeks""	""February 2009""	""40""",
"""111849""",UNKNOWN,true,"""Lyu2000""	5	0	0	0	""[x]other haemorrhage in early pregnancy""	""May 2017""	""unspecified""",
"""104405""",UNKNOWN,true,"""Z256100""	1	0	0	0	""normal length of third stage of labour""	""June 2012""	""postnatal""",
"""69285""",UNKNOWN,true,"""L35y200""	1	0	0	0	""other obstetric trauma - delivered with postnatal problem""	""February 2009""	""postnatal""",
"""71720""",UNKNOWN,true,"""L350z00""	12	0	0	0	""rupture of uterus before labour nos""	""February 2009""	""postnatal""",
"""39866""",UNKNOWN,true,"""7F1A200""	1	0	0	0	""cleidotomy of fetus to facilitate delivery""	""February 2009""	""postnatal""",
"""106817""",UNKNOWN,true,"""4H4Z.00""	0	0	0	3	""amniotic fluid chemistry nos""	""August 2013""	""late pregnancy""",
"""99008""",UNKNOWN,true,"""Q014300""	12	0	0	0	""fetus or neonate affected by tubal ectopic pregnancy""	""April 2010""	""unspecified""",
"""63319""",UNKNOWN,true,"""L096.11""	2	0	0	0	""embolus following abortive pregnancy""	""February 2009""	""unspecified""",
"""98499""",UNKNOWN,true,"""L25z300""	2	0	0	0	""maternal care for suspect fetal abnormal and damage, unspec""	""February 2010""	""unspecified""",
"""113319""",UNKNOWN,true,"""L284200""	3	0	0	0	""amniotic cavity infection with antenatal problem""	""February 2019""	""early pregnancy""",
"""113599""",UNKNOWN,true,"""L432000""	1	0	0	0	""obstetric blood-clot pulmonary embolism unspecified""	""April 2019""	""unspecified""",
"""102745""",UNKNOWN,true,"""L362100""	4	0	0	0	""secondary postpartum haemorrhage - deliv with postnatal prob""	""August 2011""	""postnatal""",
"""110868""",UNKNOWN,true,"""L181000""	2	0	0	0	""thyroid dysfunction - unspec whether in pregnancy/puerperium""	""June 2016""	""postnatal""",
"""40169""",UNKNOWN,true,"""44CV.00""	0	0	0	100	""serum alkaline phosphatase placental enzyme level""	""February 2009""	""late pregnancy""",
"""40597""",UNKNOWN,true,"""ZV28y00""	779	0	2	6	""[v]other specified antenatal screening""	""February 2009""	""early pregnancy""",
"""72772""",UNKNOWN,true,"""L28z.00""	4	0	0	0	""amniotic cavity and membrane problems nos""	""February 2009""	""late pregnancy""",
"""66649""",UNKNOWN,true,"""L41z500""	14	0	0	0	""venous complication of pregnancy, unspecified""	""February 2009""	""unspecified""",
"""60124""",UNKNOWN,true,"""Z243411""	2	0	0	0	""rapid progress in first stage of labour""	""February 2009""	""postnatal""",
"""94527""",UNKNOWN,true,"""L16y400""	4	0	0	0	""other pregnancy complication with postnatal complication""	""February 2009""	""postnatal""",
"""30805""",UNKNOWN,true,"""L34y000""	10	0	0	0	""other vulval/perineal trauma during delivery, unspecified""	""February 2009""	""postnatal""",
"""42880""",UNKNOWN,true,"""7E0B000""	34	0	0	0	""intraamniotic injection of prostaglandin""	""February 2009""	""late pregnancy""",
"""114146""",UNKNOWN,true,"""4H52.00""	0	0	0	1	""amniotic fluid afp equivocal""	""August 2019""	""late pregnancy""",
"""11530""",UNKNOWN,true,"""Z254900""	11923	0	5	0	""vaginal delivery""	""February 2009""	""postnatal""",
"""67489""",UNKNOWN,true,"""L34z000""	5	0	0	0	""vulval/perineal trauma during delivery nos unspec""	""February 2009""	""postnatal""",
"""69500""",UNKNOWN,true,"""L114100""	6	0	0	0	""antepartum haemorrhage with trauma - delivered""	""February 2009""	""late pregnancy""",
"""108094""",UNKNOWN,true,"""L394000""	1	0	0	0	""other complications of obstetric procedures unspecified""	""June 2014""	""unspecified""",
"""103104""",UNKNOWN,true,"""L176300""	2	0	0	0	""other maternal viral dis.in pregnancy-baby not yet delivered""	""October 2011""	""unspecified""",
"""109932""",UNKNOWN,true,"""Z235211""	2	0	0	0	""globular pregnant abdomen""	""July 2015""	""early pregnancy""",
"""68004""",UNKNOWN,true,"""Q01..00""	33	0	0	0	""fetus/neonate affected by maternal complication of pregnancy""	""February 2009""	""unspecified""",
"""27201""",UNKNOWN,true,"""444..00""	4	0	1	489	""feto/placental hormones""	""February 2009""	""late pregnancy""",
"""4638""",UNKNOWN,true,"""7F13.00""	47206	0	614	1	""other caesarean delivery""	""February 2009""	""postnatal""",
"""52299""",UNKNOWN,true,"""Q007200""	29	0	0	0	""fetus/neonate affected by placental/breast transfer narcotic""	""February 2009""	""late pregnancy""",
"""20240""",UNKNOWN,true,"""6216.00""	7643	0	912	1	""pregnant - planned""	""February 2009""	""early pregnancy""",
"""40744""",UNKNOWN,true,"""Z254A00""	81	0	4	0	""abnormal delivery""	""February 2009""	""postnatal""",
"""25157""",UNKNOWN,true,"""L142100""	508	0	0	0	""early onset of delivery - delivered""	""February 2009""	""postnatal""",
"""9170""",UNKNOWN,true,"""L12..00""	11619	0	143	0	""hypertension complicating pregnancy/childbirth/puerperium""	""February 2009""	""postnatal""",
"""70557""",UNKNOWN,true,"""L110000""	19	0	0	0	""placenta praevia without haemorrhage unspecified""	""February 2009""	""late pregnancy""",
"""73432""",UNKNOWN,true,"""L18z100""	3	0	0	0	""medical condition nos during pregnancy - baby delivered""	""February 2009""	""unspecified""",
"""17704""",UNKNOWN,true,"""L395.13""	270	0	1	0	""simpson's forceps delivery""	""February 2009""	""postnatal""",
"""39573""",UNKNOWN,true,"""Z265900""	8	0	0	0	""umbilical cord not around baby's neck at delivery""	""February 2009""	""postnatal""",
"""62508""",UNKNOWN,true,"""ZV24000""	34	0	0	0	""[v]examination immediately after delivery""	""February 2009""	""postnatal""",
"""104466""",UNKNOWN,true,"""L179.00""	5	0	0	0	""hiv disease complicating pregnancy childbirth puerperium""	""July 2012""	""postnatal""",
"""54734""",UNKNOWN,true,"""L28z200""	2	0	0	0	""amniotic cavity and membrane problem nos with a/n problem""	""February 2009""	""late pregnancy""",
"""2923""",UNKNOWN,true,"""62T1.00""	10543	0	485	0	""puerperal depression""	""February 2009""	""postnatal""",
"""68169""",UNKNOWN,true,"""Q021.00""	5	0	0	0	""fetus/neonate affect other placental separation/haemorrhage""	""February 2009""	""late pregnancy""",
"""37055""",UNKNOWN,true,"""Q035500""	14	0	0	0	""fetus/neonate affected by maternal pethidine in labour/deliv""	""February 2009""	""postnatal""",
"""96222""",UNKNOWN,true,"""L25z400""	1	0	1	0	""maternal care for fetal abnormality and damage, unspecified""	""April 2009""	""unspecified""",
"""7916""",UNKNOWN,true,"""Z254500""	3327	0	3	0	""delivered by caesarean section - pregnancy at term""	""February 2009""	""unspecified""",
"""114802""",UNKNOWN,true,"""L38z.00""	2	0	0	0	""obstetric anaesthetic complications nos""	""April 2020""	""unspecified""",
"""93644""",UNKNOWN,true,"""L293100""	1	0	0	0	""septicaemia during labour - delivered""	""February 2009""	""postnatal""",
"""21119""",UNKNOWN,true,"""L182300""	2448	0	4	0	""anaemia during pregnancy - baby not yet delivered""	""February 2009""	""unspecified""",
"""112698""",UNKNOWN,true,"""L403z00""	4	0	0	0	""puerperal septicaemia nos""	""May 2018""	""postnatal""",
"""61596""",UNKNOWN,true,"""Q017300""	3	0	0	0	""fetus or neonate affected by oblique lie before labour""	""February 2009""	""postnatal""",
"""9408""",UNKNOWN,true,"""L10y.11""	29461	0	2761	0	""bleeding in early pregnancy""	""February 2009""	""unspecified""",
"""111075""",UNKNOWN,true,"""Qyu1200""	2	0	0	0	""[x]other 'heavy for gestational age' infants""	""July 2016""	""unspecified""",
"""55761""",UNKNOWN,true,"""Q021500""	9	0	0	0	""fetus or neonate affected by premature placental separation""	""February 2009""	""late pregnancy""",
"""112607""",UNKNOWN,true,"""6762.00""	16	0	0	0	""education about thyroid disease in pregnancy""	""April 2018""	""unspecified""",
"""47197""",UNKNOWN,true,"""L410400""	9	0	3	0	""varicose veins of legs in pregnancy/puerperium + p/n comp""	""February 2009""	""postnatal""",
"""64099""",UNKNOWN,true,"""L168000""	6	0	0	0	""fatigue during pregnancy unspecified""	""February 2009""	""unspecified""",
"""54761""",UNKNOWN,true,"""L170.00""	115	0	3	2	""maternal syphilis in pregnancy/childbirth/puerperium""	""February 2009""	""postnatal""",
"""5033""",UNKNOWN,true,"""7F16100""	406	0	14	1	""high forceps cephalic delivery nec""	""February 2009""	""postnatal""",
"""10278""",UNKNOWN,true,"""L180800""	1152	0	5	0	""diabetes mellitus arising in pregnancy""	""February 2009""	""unspecified""",
"""26549""",UNKNOWN,true,"""62B1.00""	766	0	1	0	""delivery: no place booked""	""February 2009""	""postnatal""",
"""11589""",UNKNOWN,true,"""7F25100""	225	0	0	0	""fetal heart monitoring in labour""	""February 2009""	""postnatal""",
"""14278""",UNKNOWN,true,"""4H...00""	166	0	66	693	""amniotic fluid examination""	""February 2009""	""late pregnancy""",
"""86327""",UNKNOWN,true,"""7M0f000""	285	0	1	0	""over 20 weeks gestational age""	""February 2009""	""20""",
"""70046""",UNKNOWN,true,"""L2A4.00""	2	0	0	0	""abnormal radiological finding on antenatal screen of mother""	""February 2009""	""early pregnancy""",
"""58187""",UNKNOWN,true,"""Lyu4500""	0	0	0	0	""[x]obstructed labour due to other abnormalities of fetus""	""February 2009""	""postnatal""",
"""105047""",UNKNOWN,true,"""L2A2.00""	1	0	0	0	""abnormal cytological finding on antenatal screen of mother""	""October 2012""	""early pregnancy""",
"""7377""",UNKNOWN,true,"""Lyu6A00""	1458	0	12	0	""[x]infection of caesarean section wound following delivery""	""February 2009""	""postnatal""",
"""97485""",UNKNOWN,true,"""L403000""	2	0	0	0	""puerperal septicaemia unspecified""	""August 2009""	""postnatal""",
"""96678""",UNKNOWN,true,"""L33z200""	3	0	0	0	""umbilical cord complications nos with antenatal problem""	""April 2009""	""early pregnancy""",
"""63773""",UNKNOWN,true,"""L416100""	25	0	0	0	""haemorrhoids in pregnancy and the puerperium - delivered""	""February 2009""	""postnatal""",
"""2602""",UNKNOWN,true,"""L166.11""	453	0	9	0	""cystitis of pregnancy""	""February 2009""	""unspecified""",
"""13165""",UNKNOWN,true,"""621..00""	138246	0	6578	0	""patient currently pregnant""	""February 2009""	""early pregnancy""",
"""98872""",UNKNOWN,true,"""L188200""	1	0	0	0	""abnormal gtt in puerperium - baby delivered""	""April 2010""	""postnatal""",
"""112127""",UNKNOWN,true,"""L171400""	1	0	0	0	""maternal gonorrhoea in puerperium- baby previously delivered""	""September 2017""	""postnatal""",
"""9986""",UNKNOWN,true,"""Z212.11""	3211	0	123	0	""pregnancy care""	""February 2009""	""unspecified""",
"""66594""",UNKNOWN,true,"""L186.11""	1	0	0	0	""heart disease during pregnancy""	""February 2009""	""unspecified""",
"""19544""",UNKNOWN,true,"""62Q6.00""	17385	0	13	1	""postnatal care""	""February 2009""	""postnatal""",
"""50293""",UNKNOWN,true,"""7F1z.00""	261	0	1	0	""induction and delivery operations nos""	""February 2009""	""postnatal""",
"""112125""",UNKNOWN,true,"""L171100""	1	0	0	0	""maternal gonorrhoea during pregnancy - baby delivered""	""September 2017""	""unspecified""",
"""35158""",UNKNOWN,true,"""Z225.00""	3712	0	779	0	""normal pregnancy""	""February 2009""	""unspecified""",
"""71171""",UNKNOWN,true,"""L350000""	4	0	0	0	""rupture of uterus before labour unspecified""	""February 2009""	""postnatal""",
"""67862""",UNKNOWN,true,"""L39..00""	4727	0	0	0	""other complications of labour and delivery nec""	""February 2009""	""postnatal""",
"""40875""",UNKNOWN,true,"""L341200""	27	0	0	0	""second degree perineal tear during delivery with p/n prob""	""February 2009""	""postnatal""",
"""106163""",UNKNOWN,true,"""L38yz00""	2	0	0	0	""other complications of obstetric anaesthesia nos""	""May 2013""	""unspecified""",
"""106135""",UNKNOWN,true,"""Z244200""	3	0	0	0	""long duration of labour""	""May 2013""	""postnatal""",
"""72517""",UNKNOWN,true,"""L41z613""	10	0	0	0	""puerperal thrombosis nos""	""February 2009""	""postnatal""",
"""20098""",UNKNOWN,true,"""L412400""	76	0	3	0	""superficial thrombophlebitis in preg/puerperium + p/n comp""	""February 2009""	""postnatal""",
"""64626""",UNKNOWN,true,"""Z262E11""	3	0	0	0	""stale retroplacental clot""	""February 2009""	""late pregnancy""",
"""101499""",UNKNOWN,true,"""L246z12""	2	0	0	0	""stenosis of cervix in pregnancy/childbirth/puerperium nos""	""January 2011""	""postnatal""",
"""33255""",UNKNOWN,true,"""L246z11""	6	0	3	0	""polyp of cervix in pregnancy/childbirth/puerperium nos""	""February 2009""	""postnatal""",
"""48785""",UNKNOWN,true,"""63D1.00""	64	0	0	0	""placental weight""	""February 2009""	""late pregnancy""",
"""56542""",UNKNOWN,true,"""L240z11""	24	0	0	0	""bicornuate uterus in pregnancy, childbirth or puerperium nos""	""February 2009""	""postnatal""",
"""73403""",UNKNOWN,true,"""L131000""	11	0	0	0	""hyperemesis gravidarum with metabolic disturbance unsp""	""February 2009""	""early pregnancy""",
"""41016""",UNKNOWN,true,"""L247.11""	16	0	0	0	""septate vagina in pregnancy, childbirth and the puerperium""	""February 2009""	""postnatal""",
"""40262""",UNKNOWN,true,"""L247.13""	21	0	1	0	""vaginal abnormality in pregnancy/childbirth/puerperium""	""February 2009""	""postnatal""",
"""103781""",UNKNOWN,true,"""Z676.00""	3	0	0	0	""postnatal class""	""February 2012""	""postnatal""",
"""93800""",UNKNOWN,true,"""Z235100""	5	0	1	0	""ovoid pregnant abdomen""	""February 2009""	""early pregnancy""",
"""115326""",UNKNOWN,true,"""L181400""	1	0	0	0	""thyroid dysfunction in puerperium- baby previously delivered""	""January 2021""	""postnatal""",
"""15697""",UNKNOWN,true,"""L452000""	178	0	0	0	""obstetric nonpurulent mastitis unspecified""	""February 2009""	""unspecified""",
"""63277""",UNKNOWN,true,"""L393.00""	35	0	1	0	""acute renal failure following labour and delivery""	""February 2009""	""postnatal""",
"""6478""",UNKNOWN,true,"""L188.00""	169	0	0	7	""abnormal glucose tolerance test in pregnancy/childb/puerp""	""February 2009""	""unspecified""",
"""50089""",UNKNOWN,true,"""L452.11""	7	0	1	0	""lymphangitis of breast - obstetric""	""February 2009""	""unspecified""",
"""106454""",UNKNOWN,true,"""L370200""	5	0	0	0	""retained placenta with no haemorrhage with postnatal problem""	""June 2013""	""late pregnancy""",
"""73727""",UNKNOWN,true,"""L168z00""	5	0	0	0	""fatigue during pregnancy nos""	""February 2009""	""unspecified""",
"""55889""",UNKNOWN,true,"""L175300""	5	0	0	0	""maternal rubella during pregnancy - baby not yet delivered""	""February 2009""	""unspecified""",
"""15685""",UNKNOWN,true,"""L2A..00""	201	0	9	1	""abnormal findings on antenatal screening of mother""	""February 2009""	""early pregnancy""",
"""63870""",UNKNOWN,true,"""Lyu6300""	6	0	0	0	""[x]other venous complications in the puerperium""	""February 2009""	""postnatal""",
"""34670""",UNKNOWN,true,"""Q03z.00""	38	0	3	0	""fetus/neonate affected by complic labour/delivery nos""	""February 2009""	""postnatal""",
"""7517""",UNKNOWN,true,"""621C.00""	15147	0	2346	0	""unplanned pregnancy""	""February 2009""	""unspecified""",
"""16281""",UNKNOWN,true,"""L45z400""	183	0	0	0	""obstetric breast infection nos with postnatal complication""	""February 2009""	""postnatal""",
"""59910""",UNKNOWN,true,"""L17z.00""	4	0	0	0	""maternal infect/parasitic dis nos in pregnancy/childb/puerp""	""February 2009""	""unspecified""",
"""60924""",UNKNOWN,true,"""Z255711""	5	0	0	0	""no progress with delivery""	""February 2009""	""postnatal""",
"""106001""",UNKNOWN,true,"""L399.00""	2	0	0	0	""destructive operation for delivery""	""April 2013""	""postnatal""",
"""59739""",UNKNOWN,true,"""L450z00""	14	0	0	0	""obstetric nipple infection nos""	""February 2009""	""unspecified""",
"""35710""",UNKNOWN,true,"""L452z00""	225	0	0	0	""obstetric nonpurulent mastitis nos""	""February 2009""	""unspecified""",
"""64748""",UNKNOWN,true,"""L370z00""	27	0	0	0	""retained placenta with no haemorrhage nos""	""February 2009""	""late pregnancy""",
"""53908""",UNKNOWN,true,"""Lyu0000""	31	0	1	0	""[x]other ectopic pregnancy""	""February 2009""	""unspecified""",
"""2029""",UNKNOWN,true,"""62G..00""	6544	0	3337	287970	""antenatal ultrasound scan""	""February 2009""	""early pregnancy""",
"""32380""",UNKNOWN,true,"""L34..12""	97	0	11	0	""vulval delivery trauma""	""February 2009""	""postnatal""",
"""96614""",UNKNOWN,true,"""Q035100""	2	0	0	0	""fetus/neonate affected by mat analgesic agent in labour/del""	""April 2009""	""postnatal""",
"""3385""",UNKNOWN,true,"""L371.00""	135	0	19	0	""retained portion of placenta or membranes - no haemorrhage""	""February 2009""	""late pregnancy""",
"""5071""",UNKNOWN,true,"""62S..11""	458784	0	3054	23	""postnatal exam. - maternal""	""February 2009""	""postnatal""",
"""42661""",UNKNOWN,true,"""Q021011""	15	0	0	0	""fetus affected by aph - antepartum haemorrhage""	""February 2009""	""late pregnancy""",
"""94874""",UNKNOWN,true,"""Z244300""	1	0	0	0	""short duration of labour""	""February 2009""	""postnatal""",
"""69590""",UNKNOWN,true,"""L17y200""	1	0	0	0	""other mat.infect/parasit dis in puerperium - baby delivered""	""February 2009""	""postnatal""",
"""114238""",UNKNOWN,true,"""L450200""	1	0	0	0	""obstetric nipple infection - delivered with p/n complication""	""October 2019""	""unspecified""",
"""34173""",UNKNOWN,true,"""L12B.00""	280	0	15	10	""proteinuric hypertension of pregnancy""	""February 2009""	""unspecified""",
"""62052""",UNKNOWN,true,"""L092500""	21	0	0	0	""uterus damage following abortive pregnancy""	""February 2009""	""unspecified""",
"""56867""",UNKNOWN,true,"""L300300""	15	0	0	0	""obstructed labour due to breech presentation""	""February 2009""	""postnatal""",
"""23866""",UNKNOWN,true,"""7F1B100""	16	0	2	0	""symphysiotomy to facilitate delivery""	""February 2009""	""postnatal""",
"""3108""",UNKNOWN,true,"""7F1B000""	10963	0	345	12	""episiotomy to facilitate delivery""	""February 2009""	""postnatal""",
"""618""",UNKNOWN,true,"""L398400""	69924	0	256	0	""delivery by emergency caesarean section""	""February 2009""	""postnatal""",
"""63309""",UNKNOWN,true,"""Q037312""	1	0	0	0	""fetus/neonate affected by uterine dysfunction in labour/del""	""February 2009""	""postnatal""",
"""97836""",UNKNOWN,true,"""L242100""	1	0	0	0	""uterine operation scar in pregnancy/childbirth/puerp - deliv""	""October 2009""	""postnatal""",
"""61173""",UNKNOWN,true,"""7F23y00""	12	0	0	0	""other specified immediate repair of obstetric laceration""	""February 2009""	""unspecified""",
"""99889""",UNKNOWN,true,"""L16A200""	1	0	0	0	""glycosuria during pregnancy - delivered with p/n comp""	""June 2010""	""unspecified""",
"""98981""",UNKNOWN,true,"""L166400""	1	0	0	0	""genitourinary tract infection in pregnancy with p/n comp""	""April 2010""	""unspecified""",
"""2114""",UNKNOWN,true,"""E03y300""	2495	0	148	0	""unspecified puerperal psychosis""	""February 2009""	""postnatal""",
"""108039""",UNKNOWN,true,"""Z262200""	1	0	0	0	""large placenta""	""May 2014""	""late pregnancy""",
"""59601""",UNKNOWN,true,"""L462200""	2	0	0	0	""breast engorgement in pregnancy/puerp/lact - del + p/n comp""	""February 2009""	""unspecified""",
"""41421""",UNKNOWN,true,"""62Z..00""	824	0	3	0	""maternal care nos""	""February 2009""	""unspecified""",
"""15721""",UNKNOWN,true,"""L45y.00""	3	0	0	0	""other obstetric breast infections""	""February 2009""	""unspecified""",
"""16017""",UNKNOWN,true,"""L166100""	44	0	8	1	""genitourinary tract infection in pregnancy - delivered""	""February 2009""	""unspecified""",
"""31375""",UNKNOWN,true,"""7F23200""	163	0	4	0	""immed repair obstetric laceration vagina and floor of pelvis""	""February 2009""	""unspecified""",
"""15065""",UNKNOWN,true,"""8B7..11""	180	0	1	0	""pregnancy vitamin/iron prophyl""	""February 2009""	""unspecified""",
"""45439""",UNKNOWN,true,"""Lyu3900""	26	0	0	0	""[x]maternal care/oth spcf known or suspected fetal problems""	""February 2009""	""unspecified""",
"""66315""",UNKNOWN,true,"""Lyu5500""	10	0	0	0	""[x]other specified assisted single delivery""	""February 2009""	""postnatal""",
"""91101""",UNKNOWN,true,"""7M0fz00""	443	0	0	2	""gestational age nos""	""February 2009""	""unspecified""",
"""66817""",UNKNOWN,true,"""L431200""	2	0	0	0	""amniotic fluid pulm embolism - delivered + p/n complication""	""February 2009""	""late pregnancy""",
"""101566""",UNKNOWN,true,"""L45y100""	1	0	0	0	""other obstetric breast infection - delivered""	""January 2011""	""unspecified""",
"""109465""",UNKNOWN,true,"""L184300""	1	0	0	0	""mental disorder during pregnancy - baby not yet delivered""	""April 2015""	""unspecified""",
"""60655""",UNKNOWN,true,"""L128000""	1	0	2	0	""pre-exist hyperten heart dis compl preg childbth+puerperium""	""February 2009""	""postnatal""",
"""23791""",UNKNOWN,true,"""L38A.00""	22	0	0	0	""failed or difficult intubation during labour and delivery""	""February 2009""	""postnatal""",
"""99608""",UNKNOWN,true,"""7F1Bz00""	3	0	0	0	""other operation to facilitate delivery nos""	""June 2010""	""postnatal""",
"""2239""",UNKNOWN,true,"""L270100""	36	0	2	0	""polyhydramnios - delivered""	""February 2009""	""late pregnancy""",
"""10205""",UNKNOWN,true,"""ZG9..00""	3077	0	142	0	""advice relating to pregnancy and fertility""	""February 2009""	""unspecified""",
"""103154""",UNKNOWN,true,"""L321z00""	3	0	0	0	""prolonged labour nos""	""October 2011""	""postnatal""",
"""24038""",UNKNOWN,true,"""13S..00""	656	0	14	0	""pregnancy benefits""	""February 2009""	""unspecified""",
"""105500""",UNKNOWN,true,"""L41yz00""	1	0	0	0	""other venous complication of pregnancy and puerperium nos""	""December 2012""	""postnatal""",
"""99969""",UNKNOWN,true,"""L35z400""	2	0	0	0	""obstetric trauma nos with postnatal problem""	""June 2010""	""postnatal""",
"""41283""",UNKNOWN,true,"""L187.00""	8	0	2	0	""orthopaedic disorders in pregnancy/childbirth/puerperium""	""February 2009""	""postnatal""",
"""68029""",UNKNOWN,true,"""L111z00""	31	0	0	0	""placenta praevia with haemorrhage nos""	""February 2009""	""late pregnancy""",
"""47116""",UNKNOWN,true,"""7F28000""	30	0	0	0	""placental localisation scan""	""February 2009""	""late pregnancy""",
"""65243""",UNKNOWN,true,"""L141000""	4	0	0	0	""other threatened labour unspecified""	""February 2009""	""postnatal""",
"""60255""",UNKNOWN,true,"""L351z00""	15	0	0	0	""rupture of uterus during and after labour nos""	""February 2009""	""postnatal""",
"""98749""",UNKNOWN,true,"""7F1B400""	1	0	0	0	""incision of cervix to facilitate delivery""	""March 2010""	""postnatal""",
"""56834""",UNKNOWN,true,"""L27..00""	184	0	0	0	""polyhydramnios and hydramnios""	""February 2009""	""late pregnancy""",
"""4180""",UNKNOWN,true,"""62S7.00""	93313	0	1553	29	""postnatal examination normal""	""February 2009""	""postnatal""",
"""67333""",UNKNOWN,true,"""ZV27z00""	39	0	0	0	""[v]unspecified delivery outcome""	""February 2009""	""postnatal""",
"""40095""",UNKNOWN,true,"""L186500""	170	0	6	0	""cardiomyopathy in the puerperium""	""February 2009""	""postnatal""",
"""63379""",UNKNOWN,true,"""L183100""	5	0	0	0	""drug dependence during pregnancy - baby delivered""	""February 2009""	""unspecified""",
"""16215""",UNKNOWN,true,"""6211.00""	7205	0	60	3	""pregnant - urine test confirms""	""February 2009""	""early pregnancy""",
"""91193""",UNKNOWN,true,"""L284100""	2	0	0	0	""amniotic cavity infection - delivered""	""February 2009""	""late pregnancy""",
"""59171""",UNKNOWN,true,"""Q017400""	7	0	0	0	""fetus or neonate affected by transverse lie before labour""	""February 2009""	""postnatal""",
"""38871""",UNKNOWN,true,"""L246.00""	46	0	8	0	""other cervical abnormality in pregnancy/childbirth/puerp""	""February 2009""	""postnatal""",
"""35592""",UNKNOWN,true,"""6213.00""	179	0	1	0	""pregnant - v.e. confirms""	""February 2009""	""early pregnancy""",
"""73793""",UNKNOWN,true,"""Z262100""	3	0	0	0	""size of placenta""	""February 2009""	""late pregnancy""",
"""104979""",UNKNOWN,true,"""L354z00""	8	0	0	0	""obstetric high vaginal laceration nos""	""September 2012""	""unspecified""",
"""103787""",UNKNOWN,true,"""1514100""	3165	0	5	5	""estimated date of delivery by antenatal ultrasound scan""	""February 2012""	""early pregnancy""",
"""94444""",UNKNOWN,true,"""L352z00""	6	0	0	0	""obstetric inversion of uterus nos""	""February 2009""	""unspecified""",
"""25254""",UNKNOWN,true,"""Z21..00""	453	0	42	0	""care relating to reproduction and pregnancy""	""February 2009""	""unspecified""",
"""13587""",UNKNOWN,true,"""62RZ.00""	34632	0	3	0	""postnatal visit nos""	""February 2009""	""postnatal""",
"""23691""",UNKNOWN,true,"""L172.00""	113	0	0	0	""other venereal diseases in pregnancy/childbirth/puerperium""	""February 2009""	""postnatal""",
"""65331""",UNKNOWN,true,"""L34y200""	2	0	0	0	""other vulval/perineal trauma during delivery + p/n problem""	""February 2009""	""postnatal""",
"""85204""",UNKNOWN,true,"""L115100""	5	0	0	0	""antepartum haemorrhage with uterine leiomyoma - delivered""	""February 2009""	""late pregnancy""",
"""29692""",UNKNOWN,true,"""615C.11""	293	0	51	0	""pregnant, iud failure""	""February 2009""	""early pregnancy""",
"""30274""",UNKNOWN,true,"""L395200""	3146	0	3	0	""low forceps delivery""	""February 2009""	""postnatal""",
"""2382""",UNKNOWN,true,"""584Z.00""	4895	0	1829	9452	""u-s obstetric diagn. scan nos""	""February 2009""	""unspecified""",
"""115211""",UNKNOWN,true,"""Z262G00""	1	0	0	0	""diameter of retroplacental clot""	""October 2020""	""late pregnancy""",
"""62888""",UNKNOWN,true,"""L400100""	10	0	0	0	""puerperal endometritis - delivered with postnatal comp""	""February 2009""	""postnatal""",
"""49841""",UNKNOWN,true,"""L444.00""	32	0	0	0	""placental polyp""	""February 2009""	""late pregnancy""",
"""71742""",UNKNOWN,true,"""L354000""	12	0	0	0	""obstetric high vaginal laceration unspecified""	""February 2009""	""unspecified""",
"""33480""",UNKNOWN,true,"""7F16y00""	352	0	1	0	""other specified forceps cephalic delivery""	""February 2009""	""postnatal""",
"""69101""",UNKNOWN,true,"""L389.00""	3	0	0	0	""cns comps of anaesthesia during labour and delivery""	""February 2009""	""postnatal""",
"""50440""",UNKNOWN,true,"""Z22A500""	94	0	0	0	""biochemical pregnancy""	""February 2009""	""unspecified""",
"""71155""",UNKNOWN,true,"""L115.00""	49	0	7	0	""antepartum haemorrhage with uterine leiomyoma""	""February 2009""	""late pregnancy""",
"""56252""",UNKNOWN,true,"""ZV22100""	23	0	0	0	""[v]other normal pregnancy supervision""	""February 2009""	""unspecified""",
"""17317""",UNKNOWN,true,"""L111.00""	591	0	5	0	""placenta praevia with haemorrhage""	""February 2009""	""late pregnancy""",
"""35190""",UNKNOWN,true,"""7F13z00""	4270	0	1	0	""other caesarean delivery nos""	""February 2009""	""postnatal""",
"""13430""",UNKNOWN,true,"""63D6.00""	790	0	1	0	""placenta incomplete""	""February 2009""	""late pregnancy""",
"""112629""",UNKNOWN,true,"""Z1H4.00""	1	0	0	0	""pain relief in labour""	""April 2018""	""postnatal""",
"""39175""",UNKNOWN,true,"""63D4.00""	235	0	0	0	""placental infarct""	""February 2009""	""late pregnancy""",
"""31570""",UNKNOWN,true,"""6224.00""	9106	0	15	0	""antenatal care: multip""	""February 2009""	""early pregnancy""",
"""3272""",UNKNOWN,true,"""7F11z00""	2718	0	152	0	""other induction of labour nos""	""February 2009""	""postnatal""",
"""29556""",UNKNOWN,true,"""L370.11""	82	0	3	0	""placenta accreta without haemorrhage""	""February 2009""	""late pregnancy""",
"""40710""",UNKNOWN,true,"""L395z00""	3955	0	0	0	""forceps delivery nos""	""February 2009""	""postnatal""",
"""21196""",UNKNOWN,true,"""ZV23.00""	140	0	39	0	""[v]high-risk pregnancy supervision""	""February 2009""	""unspecified""",
"""26712""",UNKNOWN,true,"""L340300""	903	0	88	0	""labial tear during delivery""	""February 2009""	""postnatal""",
"""25713""",UNKNOWN,true,"""Z262M00""	11	0	0	0	""placenta offensive odour""	""February 2009""	""late pregnancy""",
"""38669""",UNKNOWN,true,"""5844.11""	47	0	3	69	""placenta u-s scan""	""February 2009""	""late pregnancy""",
"""89154""",UNKNOWN,true,"""Z262S00""	3	0	0	0	""placental vessel observation""	""February 2009""	""late pregnancy""",
"""20826""",UNKNOWN,true,"""L241011""	62	0	3	0	""uterine fibroid affecting obstetric care""	""February 2009""	""unspecified""",
"""30618""",UNKNOWN,true,"""Z22AB00""	1146	0	81	0	""unplanned pregnancy""	""February 2009""	""unspecified""",
"""37280""",UNKNOWN,true,"""L36z.00""	1196	0	3	0	""postpartum haemorrhage nos""	""February 2009""	""postnatal""",
"""99968""",UNKNOWN,true,"""L321000""	2	0	0	0	""unspecified prolonged labour, unspecified""	""June 2010""	""postnatal""",
"""62789""",UNKNOWN,true,"""Q031.00""	3	0	0	0	""fetus/neonate affected by malposition/disproportion-delivery""	""February 2009""	""postnatal""",
"""97391""",UNKNOWN,true,"""L281200""	11	0	0	0	""premature rupture of membranes with antenatal problem""	""August 2009""	""early pregnancy""",
"""2624""",UNKNOWN,true,"""Q033.00""	5777	0	340	1	""fetus or neonate affected by vacuum extraction delivery""	""February 2009""	""postnatal""",
"""43327""",UNKNOWN,true,"""L292100""	9	0	0	0	""unspecified maternal pyrexia during labour - delivered""	""February 2009""	""postnatal""",
"""37245""",UNKNOWN,true,"""L345000""	13	0	1	0	""vulval and perineal haematoma during delivery, unspecified""	""February 2009""	""postnatal""",
"""10775""",UNKNOWN,true,"""8B74.00""	4105	0	34	0	""iron supplement in pregnancy""	""February 2009""	""unspecified""",
"""107197""",UNKNOWN,true,"""L170z00""	4	0	0	0	""maternal syphilis in pregnancy/childbirth/puerperium nos""	""November 2013""	""postnatal""",
"""90743""",UNKNOWN,true,"""7L1e.00""	111	0	0	0	""delivery of oral chemotherapy for neoplasm""	""February 2009""	""postnatal""",
"""112908""",UNKNOWN,true,"""L113z00""	1	0	0	0	""antepartum haemorrhage with coagulation defect nos""	""September 2018""	""late pregnancy""",
"""103797""",UNKNOWN,true,"""Z262400""	2	0	0	0	""placenta normal size""	""February 2012""	""late pregnancy""",
"""19599""",UNKNOWN,true,"""L340.00""	4147	0	5	0	""first degree perineal tear during delivery""	""February 2009""	""postnatal""",
"""2664""",UNKNOWN,true,"""L180900""	8595	0	64	1	""gestational diabetes mellitus""	""February 2009""	""unspecified""",
"""11650""",UNKNOWN,true,"""L342.00""	5170	0	65	0	""third degree perineal tear during delivery""	""February 2009""	""postnatal""",
"""45451""",UNKNOWN,true,"""L240211""	1	0	0	0	""bicornuate uterus - baby delivered + postpartum complication""	""February 2009""	""postnatal""",
"""65725""",UNKNOWN,true,"""L413000""	39	0	0	0	""antenatal deep vein thrombosis unspecified""	""February 2009""	""early pregnancy""",
"""24927""",UNKNOWN,true,"""Eu53.00""	3683	0	3	0	""[x]mental and behav disorders assoc with the puerperium nec""	""February 2009""	""postnatal""",
"""116369""",UNKNOWN,true,"""L21y100""	1	0	0	0	""other multiple pregnancy - delivered""	""August 2023""	""unspecified""",
"""51736""",UNKNOWN,true,"""7F17100""	32	0	0	0	""low vacuum delivery""	""February 2009""	""postnatal""",
"""62279""",UNKNOWN,true,"""7L0D114""	3	0	0	0	""l'episcopo operation for obstetric palsy""	""February 2009""	""unspecified""",
"""73559""",UNKNOWN,true,"""L13z000""	17	0	0	0	""unspecified pregnancy vomiting unspecified""	""February 2009""	""unspecified""",
"""44306""",UNKNOWN,true,"""L126600""	54	0	0	0	""eclampsia in labour""	""February 2009""	""postnatal""",
"""112561""",UNKNOWN,true,"""L440z00""	6	0	0	0	""puerperal cerebrovascular disorder nos""	""April 2018""	""postnatal""",
"""13819""",UNKNOWN,true,"""62F..00""	945	0	54	4563	""antenatal amniocentesis""	""February 2009""	""early pregnancy""",
"""95703""",UNKNOWN,true,"""7M0f100""	91	0	0	0	""14 - 20 weeks gestational age""	""February 2009""	""20""",
"""52308""",UNKNOWN,true,"""Q211.00""	43	0	0	0	""fetal death due to labour anoxia""	""February 2009""	""postnatal""",
"""107186""",UNKNOWN,true,"""L266200""	2	0	0	0	""large-for-dates with antenatal problem""	""October 2013""	""early pregnancy""",
"""36703""",UNKNOWN,true,"""L345.00""	73	0	5	0	""vulval and perineal haematoma during delivery""	""February 2009""	""postnatal""",
"""50531""",UNKNOWN,true,"""7F05000""	5	0	0	0	""drainage of amniotic cavity""	""February 2009""	""late pregnancy""",
"""2458""",UNKNOWN,true,"""7F17.00""	21670	0	717	0	""vacuum delivery""	""February 2009""	""postnatal""",
"""70901""",UNKNOWN,true,"""Q023100""	24	0	0	0	""fetus/neonate affected by feto-maternal transplacental trans""	""February 2009""	""late pregnancy""",
"""68215""",UNKNOWN,true,"""L188100""	14	0	0	0	""abnormal gtt during pregnancy - baby delivered""	""February 2009""	""unspecified""",
"""48708""",UNKNOWN,true,"""Z244411""	11	0	0	0	""postmature labour""	""February 2009""	""postnatal""",
"""16750""",UNKNOWN,true,"""6221.00""	28559	0	399	0	""antenatal care: primigravida""	""February 2009""	""early pregnancy""",
"""21160""",UNKNOWN,true,"""ZV72A00""	870	0	29	0	""[v]pregnancy not (yet) confirmed""	""February 2009""	""unspecified""",
"""13984""",UNKNOWN,true,"""584E.00""	110	0	8	154	""antenatal ultrasound confirms ectopic pregnancy""	""February 2009""	""early pregnancy""",
"""112124""",UNKNOWN,true,"""L171000""	1	0	0	0	""maternal gonorrhoea, unspec whether in pregnancy/puerperium""	""September 2017""	""postnatal""",
"""22975""",UNKNOWN,true,"""62B3.00""	10167	0	45	0	""g.p. unit delivery booking""	""February 2009""	""postnatal""",
"""71876""",UNKNOWN,true,"""L169200""	1	0	0	0	""herpes gestationis - delivered with postnatal complication""	""February 2009""	""postnatal""",
"""32988""",UNKNOWN,true,"""62B5.00""	151	0	0	0	""private home delivery booking""	""February 2009""	""postnatal""",
"""32989""",UNKNOWN,true,"""62B7.00""	128	0	0	0	""domino delivery""	""February 2009""	""postnatal""",
"""94059""",UNKNOWN,true,"""7F2Az00""	13	0	0	0	""obstetric doppler studies nos""	""February 2009""	""unspecified""",
"""28730""",UNKNOWN,true,"""L355.11""	159	0	2	0	""bladder injury - obstetric""	""February 2009""	""unspecified""",
"""22765""",UNKNOWN,true,"""L355.12""	22	0	0	0	""urethra injury - obstetric""	""February 2009""	""unspecified""",
"""27916""",UNKNOWN,true,"""L353.12""	111	0	6	0	""tear of cervix - obstetric""	""February 2009""	""unspecified""",
"""9619""",UNKNOWN,true,"""L44zz00""	20	0	0	0	""complications of the puerperium nos""	""February 2009""	""postnatal""",
"""71851""",UNKNOWN,true,"""L229200""	4	0	0	0	""prolapsed arm with antenatal problem""	""February 2009""	""early pregnancy""",
"""31934""",UNKNOWN,true,"""L45..00""	717	0	12	0	""obstetric breast infections""	""February 2009""	""unspecified""",
"""40723""",UNKNOWN,true,"""L12z.00""	441	0	2	0	""unspecified hypertension in pregnancy/childbirth/puerperium""	""February 2009""	""postnatal""",
"""95354""",UNKNOWN,true,"""Z255300""	3	0	0	0	""progess of second stage of labour""	""February 2009""	""postnatal""",
"""109421""",UNKNOWN,true,"""Q03y400""	1	0	0	0	""fetus or neonate affected by long labour""	""March 2015""	""postnatal""",
"""112351""",UNKNOWN,true,"""L451200""	1	0	0	0	""obstetric breast abscess - deliv with postnatal complication""	""December 2017""	""postnatal""",
"""67893""",UNKNOWN,true,"""L2C..00""	3	0	0	0	""malnutrition in pregnancy""	""February 2009""	""unspecified""",
"""53093""",UNKNOWN,true,"""L44y.00""	23	0	0	0	""other complications of the puerperium""	""February 2009""	""postnatal""",
"""70993""",UNKNOWN,true,"""L16Az00""	75	0	0	0	""glycosuria during pregnancy nos""	""February 2009""	""unspecified""",
"""49485""",UNKNOWN,true,"""L263600""	14	0	1	1	""labour+delivery complicatd by biochem evidence/fetal stress""	""February 2009""	""postnatal""",
"""104542""",UNKNOWN,true,"""67AH.00""	20	0	0	0	""education about toxoplasmosis precautions during pregnancy""	""July 2012""	""unspecified""",
"""105865""",UNKNOWN,true,"""67AJ.00""	348	0	1	0	""provision of information about antenatal screening""	""March 2013""	""early pregnancy""",
"""23438""",UNKNOWN,true,"""L2z..00""	295	0	37	0	""risk factors in pregnancy nos""	""February 2009""	""unspecified""",
"""102136""",UNKNOWN,true,"""L292z00""	5	0	0	0	""unspecified maternal pyrexia during labour nos""	""April 2011""	""postnatal""",
"""73624""",UNKNOWN,true,"""L431100""	1	0	0	0	""amniotic fluid pulmonary embolism - delivered""	""February 2009""	""late pregnancy""",
"""62622""",UNKNOWN,true,"""L30z000""	1	0	0	0	""obstructed labour nos, unspecified""	""February 2009""	""postnatal""",
"""108419""",UNKNOWN,true,"""L38X.00""	3	0	0	0	""complication of anaesthesia during labour and deliv unsp""	""July 2014""	""postnatal""",
"""112111""",UNKNOWN,true,"""L096000""	1	0	0	0	""air embolism following abortive pregnancy""	""September 2017""	""unspecified""",
"""5522""",UNKNOWN,true,"""L3z..00""	2717	0	256	0	""complications of labour and delivery nos""	""February 2009""	""postnatal""",
"""25238""",UNKNOWN,true,"""ZRBY.11""	7754	0	4	0	""epds - edinburgh postnatal depression scale""	""February 2009""	""postnatal""",
"""40702""",UNKNOWN,true,"""Z243600""	9	0	0	0	""slow progress in first stage of labour""	""February 2009""	""postnatal""",
"""97741""",UNKNOWN,true,"""L461000""	5	0	0	0	""cracked nipple in pregnancy/puerperium/lactation unspecified""	""October 2009""	""postnatal""",
"""109043""",UNKNOWN,true,"""9NFV.00""	176	0	0	0	""health visitor antenatal visit""	""January 2015""	""early pregnancy""",
"""47928""",UNKNOWN,true,"""L280200""	7	0	0	0	""oligohydramnios with antenatal problem""	""February 2009""	""early pregnancy""",
"""103319""",UNKNOWN,true,"""Lyu4.00""	9	0	0	0	""[x]complications of labour and delivery""	""November 2011""	""postnatal""",
"""115705""",UNKNOWN,true,"""L242200""	1	0	0	0	""uterine operation scar in pregnancy/childb/puerp + a/n prob""	""July 2021""	""unspecified""",
"""67035""",UNKNOWN,true,"""L123200""	3	0	0	0	""transient hypertension of pregnancy - deliv with p/n comp""	""February 2009""	""unspecified""",
"""105694""",UNKNOWN,true,"""ZVu2300""	2	0	0	0	""[x]supervision of other normal pregnancy""	""January 2013""	""unspecified""",
"""37267""",UNKNOWN,true,"""L301400""	7	0	0	0	""obstructed labour due to generally contracted pelvis""	""February 2009""	""postnatal""",
"""116023""",UNKNOWN,true,"""L03y700""	1	0	0	0	""angular pregnancy""	""March 2022""	""unspecified""",
"""53097""",UNKNOWN,true,"""Z22C313""	43	0	1	0	""duration of pregnancy""	""February 2009""	""unspecified""",
"""61611""",UNKNOWN,true,"""7F1A400""	10	0	0	0	""trial of labour nec""	""February 2009""	""postnatal""",
"""64125""",UNKNOWN,true,"""L09yz00""	14	0	0	0	""other specified complication nos follow abortive pregnancy""	""February 2009""	""unspecified""",
"""112999""",UNKNOWN,true,"""Q014z00""	5	0	0	0	""fetus or neonate affected by ectopic pregnancy nos""	""October 2018""	""unspecified""",
"""50571""",UNKNOWN,true,"""L090100""	9	0	0	0	""parametritis following abortive pregnancy""	""February 2009""	""unspecified""",
"""22261""",UNKNOWN,true,"""Z241100""	4339	0	1	0	""onset of labour induced""	""February 2009""	""postnatal""",
"""49294""",UNKNOWN,true,"""L26..00""	19	0	0	0	""other fetal and placental problems""	""February 2009""	""late pregnancy""",
"""57640""",UNKNOWN,true,"""L242z00""	2	0	0	0	""uterine operation scar in pregnancy/childbirth/puerp nos""	""February 2009""	""postnatal""",
"""40224""",UNKNOWN,true,"""Eu53000""	1342	0	0	0	""[x]mild mental/behav disorder assoc with the puerperium nec""	""February 2009""	""postnatal""",
"""2924""",UNKNOWN,true,"""7E06600""	12558	0	996	1	""hysterotomy and termination of pregnancy""	""February 2009""	""unspecified""",
"""57380""",UNKNOWN,true,"""7241100""	40	0	0	0	""amniotic graft to conjunctiva""	""February 2009""	""late pregnancy""",
"""27952""",UNKNOWN,true,"""ZV13900""	51	0	3	0	""[v]ph comp of pregnancy, childbirth and the puerperium""	""February 2009""	""postnatal""",
"""58156""",UNKNOWN,true,"""L03y.00""	70	0	0	0	""other ectopic pregnancy""	""February 2009""	""unspecified""",
"""39324""",UNKNOWN,true,"""Q408400""	93	0	1	0	""group a haemolytic streptococcal intra-amniotic infect. nec""	""February 2009""	""late pregnancy""",
"""59681""",UNKNOWN,true,"""L41z511""	48	0	0	0	""gestational phlebitis nos""	""February 2009""	""unspecified""",
"""53141""",UNKNOWN,true,"""L241.00""	62	0	1	0	""tumour of uterine body in pregnancy/childbirth/puerperium""	""February 2009""	""postnatal""",
"""55730""",UNKNOWN,true,"""ZV22.11""	71	0	0	0	""[v]supervision of normal pregnancy""	""February 2009""	""unspecified""",
"""86021""",UNKNOWN,true,"""7F24.00""	31	0	0	0	""other obstetric operations""	""February 2009""	""unspecified""",
"""50555""",UNKNOWN,true,"""Q012.00""	33	0	0	0	""fetus or neonate affected by maternal oligohydramnios""	""February 2009""	""late pregnancy""",
"""70148""",UNKNOWN,true,"""L44z000""	3	0	0	0	""complications of the puerperium nos, unspecified""	""February 2009""	""postnatal""",
"""5709""",UNKNOWN,true,"""62...13""	97556	0	18874	0	""pregnancy care""	""February 2009""	""unspecified""",
"""35928""",UNKNOWN,true,"""L463000""	7	0	0	0	""other breast disorder in pregnancy/puerperium/lact unspec""	""February 2009""	""postnatal""",
"""112099""",UNKNOWN,true,"""L091000""	2	0	0	0	""afibrinogenaemia following abortive pregnancy""	""September 2017""	""unspecified""",
"""14789""",UNKNOWN,true,"""Q030.11""	1282	0	62	0	""fetus affected by breech delivery""	""February 2009""	""postnatal""",
"""100104""",UNKNOWN,true,"""95B..00""	286	0	0	0	""health in pregnancy grant claim form issued""	""July 2010""	""unspecified""",
"""167""",UNKNOWN,true,"""7F19.00""	1394547	0	32746	18	""normal delivery""	""February 2009""	""postnatal""",
"""65900""",UNKNOWN,true,"""Z243300""	3	0	0	0	""progress of labour - first stage""	""February 2009""	""postnatal""",
"""85992""",UNKNOWN,true,"""7F27.00""	198	0	8	6	""non routine obstetric scan for fetal observations""	""February 2009""	""unspecified""",
"""72883""",UNKNOWN,true,"""Lyu2100""	16	0	0	0	""[x]other vomiting complicating pregnancy""	""February 2009""	""unspecified""",
"""22929""",UNKNOWN,true,"""8H3C.00""	9645	0	652	0	""non-urgent obstetric admission""	""February 2009""	""unspecified""",
"""96745""",UNKNOWN,true,"""L35y100""	2	0	0	0	""other obstetric trauma - delivered""	""April 2009""	""unspecified""",
"""59588""",UNKNOWN,true,"""L411500""	24	0	2	0	""genital varices in pregnancy""	""February 2009""	""unspecified""",
"""51848""",UNKNOWN,true,"""L46y.11""	66	0	4	0	""galactocele - obstetric""	""February 2009""	""unspecified""",
"""105146""",UNKNOWN,true,"""7F2Ay11""	7	0	0	0	""other specified obstetric doppler ultrasound""	""November 2012""	""unspecified""",
"""32997""",UNKNOWN,true,"""6321.00""	806	0	0	0	""1st stage of labour length""	""February 2009""	""postnatal""",
"""5721""",UNKNOWN,true,"""L166600""	579	0	5	2	""urinary tract infection following delivery""	""February 2009""	""postnatal""",
"""114162""",UNKNOWN,true,"""Lyu3E00""	1	0	0	0	""[x]other antepartum haemorrhage""	""August 2019""	""late pregnancy""",
"""29071""",UNKNOWN,true,"""7L16000""	1389	0	8	0	""intravenous induction of labour""	""February 2009""	""postnatal""",
"""24046""",UNKNOWN,true,"""L420.00""	126	0	9	1	""puerperal pyrexia of unknown origin""	""February 2009""	""postnatal""",
"""67863""",UNKNOWN,true,"""Z22B.00""	6	0	1	0	""observation of quantity of pregnancy""	""February 2009""	""unspecified""",
"""34411""",UNKNOWN,true,"""Z254300""	746	0	0	0	""delivered by mid-cavity forceps delivery""	""February 2009""	""postnatal""",
"""23485""",UNKNOWN,true,"""L17..00""	37	0	5	0	""infective/parasitic disease in preg/childbirth/puerperium""	""February 2009""	""postnatal""",
"""9546""",UNKNOWN,true,"""623..00""	188134	0	897	0	""a/n care: obstetric risk""	""February 2009""	""unspecified""",
"""12890""",UNKNOWN,true,"""Z227.00""	7649	0	534	0	""confirmation of pregnancy""	""February 2009""	""unspecified""",
"""54596""",UNKNOWN,true,"""L140200""	13	0	0	0	""false labour at or after 37 completed weeks of gestation""	""February 2009""	""postnatal""",
"""54763""",UNKNOWN,true,"""L40z000""	2	0	0	0	""major puerperal infection nos, unspecified""	""February 2009""	""postnatal""",
"""37735""",UNKNOWN,true,"""L362000""	471	0	4	0	""secondary postpartum haemorrhage unspecified""	""February 2009""	""postnatal""",
"""47080""",UNKNOWN,true,"""L162.00""	34	0	2	0	""unspecified renal disease in pregnancy""	""February 2009""	""unspecified""",
"""100670""",UNKNOWN,true,"""L181100""	9	0	0	0	""thyroid dysfunction during pregnancy - baby delivered""	""September 2010""	""unspecified""",
"""93329""",UNKNOWN,true,"""Q007400""	1	0	0	0	""fetus/neonate affected-placental/breast transfer anti-infect""	""February 2009""	""late pregnancy""",
"""3191""",UNKNOWN,true,"""L16y500""	10799	0	690	18	""abdominal pain in pregnancy""	""February 2009""	""unspecified""",
"""33708""",UNKNOWN,true,"""L182100""	226	0	0	0	""anaemia during pregnancy - baby delivered""	""February 2009""	""unspecified""",
"""27740""",UNKNOWN,true,"""L16..00""	181	0	6	0	""other pregnancy complication nec""	""February 2009""	""unspecified""",
"""48230""",UNKNOWN,true,"""Z254800""	65	0	0	0	""deliveries by spontaneous breech delivery""	""February 2009""	""postnatal""",
"""36137""",UNKNOWN,true,"""L142z00""	91	0	1	0	""early onset of delivery nos""	""February 2009""	""postnatal""",
"""67698""",UNKNOWN,true,"""L150000""	1	0	2	0	""post-term pregnancy unspecified""	""February 2009""	""late pregnancy""",
"""42101""",UNKNOWN,true,"""L140z00""	40	0	0	0	""threatened premature labour nos""	""February 2009""	""postnatal""",
"""69458""",UNKNOWN,true,"""L354.00""	31	0	2	0	""obstetric high vaginal laceration""	""February 2009""	""unspecified""",
"""33352""",UNKNOWN,true,"""L352.00""	27	0	0	0	""obstetric inversion of uterus""	""February 2009""	""unspecified""",
"""9556""",UNKNOWN,true,"""K310.11""	6339	0	415	0	""abscess, breast, non puerperal""	""February 2009""	""postnatal""",
"""10596""",UNKNOWN,true,"""K310.12""	5733	0	151	0	""mastitis - non puerperal""	""February 2009""	""postnatal""",
"""32877""",UNKNOWN,true,"""L350.00""	98	0	1	0	""ruptured uterus before labour""	""February 2009""	""postnatal""",
"""6560""",UNKNOWN,true,"""L416.00""	2914	0	18	0	""haemorrhoids in pregnancy and the puerperium""	""February 2009""	""postnatal""",
"""98133""",UNKNOWN,true,"""9Ea0.00""	4	0	0	0	""risk life pregnant woman greater than if pregnancy terminatd""	""December 2009""	""early pregnancy""",
"""36000""",UNKNOWN,true,"""9N1y400""	1188	0	1	0	""seen in postnatal clinic""	""February 2009""	""postnatal""",
"""73560""",UNKNOWN,true,"""L394100""	0	0	0	0	""other complications of obstetric procedures - delivered""	""February 2009""	""unspecified""",
"""40931""",UNKNOWN,true,"""4H51.00""	3	0	3	441	""amniotic fluid afp normal""	""February 2009""	""late pregnancy""",
"""54668""",UNKNOWN,true,"""ZV24y00""	46	0	1	0	""[v]other specified postpartum care and examination""	""February 2009""	""postnatal""",
"""63648""",UNKNOWN,true,"""Q021000""	12	0	1	0	""fetus/neonate affected by antepartum haemorrhage unspecified""	""February 2009""	""late pregnancy""",
"""44404""",UNKNOWN,true,"""L43z400""	14	0	3	0	""obstetric pulmonary embolism nos with postnatal complication""	""February 2009""	""postnatal""",
"""20165""",UNKNOWN,true,"""L363.00""	41	0	1	0	""postpartum coagulation defects""	""February 2009""	""postnatal""",
"""96742""",UNKNOWN,true,"""Q007300""	1	0	0	0	""fetus/neonate affected-placenta/breast transfer hallucinogen""	""April 2009""	""late pregnancy""",
"""59639""",UNKNOWN,true,"""Z256500""	5	0	0	0	""delayed expulsion of placenta""	""February 2009""	""late pregnancy""",
"""106286""",UNKNOWN,true,"""L356100""	4	0	0	0	""obstetric damage to pelvic joints and ligaments - delivered""	""June 2013""	""unspecified""",
"""59941""",UNKNOWN,true,"""L142000""	63	0	0	0	""early onset of delivery unspecified""	""February 2009""	""postnatal""",
"""70006""",UNKNOWN,true,"""L110100""	15	0	0	0	""placenta praevia without haemorrhage - delivered""	""February 2009""	""late pregnancy""",
"""6298""",UNKNOWN,true,"""ZV28.00""	9899	0	1039	421	""[v]antenatal screening""	""February 2009""	""early pregnancy""",
"""32950""",UNKNOWN,true,"""L03y100""	80	0	1	0	""cornual pregnancy""	""February 2009""	""unspecified""",
"""105006""",UNKNOWN,true,"""Q48G.00""	9	0	0	0	""complication termination pregnancy affecting fetus newborn""	""September 2012""	""unspecified""",
"""54690""",UNKNOWN,true,"""L250400""	11	0	0	0	""maternal care for cns malformation in fetus""	""February 2009""	""unspecified""",
"""32590""",UNKNOWN,true,"""Z258.00""	262	0	1	0	""delivery problem""	""February 2009""	""postnatal""",
"""21438""",UNKNOWN,true,"""7E08411""	1523	0	20	0	""vacuum termination of pregnancy""	""February 2009""	""unspecified""",
"""6715""",UNKNOWN,true,"""6219.00""	57974	0	1693	0	""patient ? pregnant""	""February 2009""	""early pregnancy""",
"""20738""",UNKNOWN,true,"""7F19000""	590	0	2	0	""manually assisted vaginal delivery""	""February 2009""	""postnatal""",
"""51298""",UNKNOWN,true,"""6215.00""	794	0	2	0	""pregnant - on abdom. palpation""	""February 2009""	""early pregnancy""",
"""30970""",UNKNOWN,true,"""Q44B.00""	161	0	0	0	""syndrome of infant of mother with gestational diabetes""	""February 2009""	""unspecified""",
"""35912""",UNKNOWN,true,"""ZV22200""	1056	0	50	0	""[v]pregnancy confirmed""	""February 2009""	""unspecified""",
"""97907""",UNKNOWN,true,"""L29..00""	11	0	0	0	""other problems affecting labour""	""October 2009""	""postnatal""",
"""90185""",UNKNOWN,true,"""Z264600""	7	0	0	0	""excessive amniotic fluid""	""February 2009""	""late pregnancy""",
"""99980""",UNKNOWN,true,"""L168300""	1	0	0	0	""fatigue during pregnancy - not delivered""	""June 2010""	""unspecified""",
"""31565""",UNKNOWN,true,"""L44..00""	33	0	4	0	""other complications of the puerperium nec""	""February 2009""	""postnatal""",
"""107708""",UNKNOWN,true,"""L415100""	1	0	0	0	""other phlebitis/thrombosis in pregnancy/puerperium - deliv""	""February 2014""	""postnatal""",
"""50924""",UNKNOWN,true,"""L340200""	8	0	0	0	""first degree perineal tear during delivery with p/n problem""	""February 2009""	""postnatal""",
"""34628""",UNKNOWN,true,"""7F16600""	100	0	2	0	""failed forceps delivery""	""February 2009""	""postnatal""",
"""819""",UNKNOWN,true,"""L30..00""	159	0	10	0	""obstructed labour""	""February 2009""	""postnatal""",
"""45032""",UNKNOWN,true,"""62O..00""	11455	0	2	0	""misc. antenatal data""	""February 2009""	""early pregnancy""",
"""49789""",UNKNOWN,true,"""L240.12""	43	0	4	0	""double uterus in pregnancy, childbirth and the puerperium""	""February 2009""	""postnatal""",
"""24447""",UNKNOWN,true,"""7F25.13""	61	0	2	0	""monitoring during labour""	""February 2009""	""postnatal""",
"""29593""",UNKNOWN,true,"""6223.00""	9899	0	48	0	""antenatal care: 3rd pregnancy""	""February 2009""	""early pregnancy""",
"""23800""",UNKNOWN,true,"""7F23.11""	438	0	2	0	""immediate repair of obstetric tear""	""February 2009""	""unspecified""",
"""11268""",UNKNOWN,true,"""7F23.12""	1115	0	25	0	""immediate suture of obstetric laceration""	""February 2009""	""unspecified""",
"""49407""",UNKNOWN,true,"""L2B..00""	40	0	6	0	""low weight gain in pregnancy""	""February 2009""	""unspecified""",
"""94129""",UNKNOWN,true,"""Z263600""	1	0	0	0	""one placental membrane present""	""February 2009""	""late pregnancy""",
"""43959""",UNKNOWN,true,"""633Z.00""	784	0	0	0	""outcome of delivery nos""	""February 2009""	""postnatal""",
"""56217""",UNKNOWN,true,"""L416000""	35	0	0	0	""haemorrhoids in pregnancy and the puerperium unspecified""	""February 2009""	""postnatal""",
"""97367""",UNKNOWN,true,"""L43z100""	3	0	0	0	""obstetric pulmonary embolism nos - delivered""	""August 2009""	""unspecified""",
"""71144""",UNKNOWN,true,"""L412200""	72	0	0	0	""superficial thrombophleb in preg/puerperium - del + p/n comp""	""February 2009""	""postnatal""",
"""52583""",UNKNOWN,true,"""L168.00""	177	0	2	0	""fatigue during pregnancy""	""February 2009""	""unspecified""",
"""112106""",UNKNOWN,true,"""L093100""	1	0	0	0	""acute renal failure following abortive pregnancy""	""September 2017""	""unspecified""",
"""73331""",UNKNOWN,true,"""Z246900""	3	0	0	0	""duration of second stage of labour""	""February 2009""	""postnatal""",
"""70615""",UNKNOWN,true,"""L345z00""	8	0	0	0	""vulval and perineal haematoma during delivery nos""	""February 2009""	""postnatal""",
"""66496""",UNKNOWN,true,"""L222200""	10	0	0	0	""breech presentation with antenatal problem""	""February 2009""	""early pregnancy""",
"""112122""",UNKNOWN,true,"""L170300""	3	0	0	0	""maternal syphilis during pregnancy - baby not yet delivered""	""September 2017""	""unspecified""",
"""39117""",UNKNOWN,true,"""L126500""	795	0	0	0	""eclampsia in pregnancy""	""February 2009""	""unspecified""",
"""60953""",UNKNOWN,true,"""Z253211""	46	0	0	0	""precipitate delivery""	""February 2009""	""postnatal""",
"""53572""",UNKNOWN,true,"""L3y..00""	33	0	3	0	""other specified complications of labour or delivery""	""February 2009""	""postnatal""",
"""863""",UNKNOWN,true,"""L398200""	36582	0	1682	0	""caesarean section - pregnancy at term""	""February 2009""	""unspecified""",
"""113350""",UNKNOWN,true,"""Q022100""	2	0	0	0	""fetus or neonate affected by placental infarction""	""February 2019""	""late pregnancy""",
"""90776""",UNKNOWN,true,"""62a..11""	406	0	0	0	""review of pregnancy""	""February 2009""	""unspecified""",
"""444""",UNKNOWN,true,"""8HT9.00""	50551	0	94738	0	""referral to antenatal clinic""	""February 2009""	""early pregnancy""",
"""91254""",UNKNOWN,true,"""Z235200""	15	0	0	0	""rounded pregnant abdomen""	""February 2009""	""early pregnancy""",
"""99467""",UNKNOWN,true,"""4443.00""	0	0	0	12	""placental lactogen - hpl""	""May 2010""	""late pregnancy""",
"""112130""",UNKNOWN,true,"""L172200""	1	0	0	0	""other maternal venereal disease in puerperium-baby delivered""	""September 2017""	""postnatal""",
"""99154""",UNKNOWN,true,"""L410000""	3	0	0	0	""varicose veins of legs in pregnancy/puerperium unspecified""	""April 2010""	""postnatal""",
"""9668""",UNKNOWN,true,"""7F12100""	10146	0	8	0	""elective lower uterine segment caesarean delivery""	""February 2009""	""postnatal""",
"""100563""",UNKNOWN,true,"""L302000""	2	0	0	0	""obstructed labour caused by pelvic soft tissues unspecified""	""August 2010""	""postnatal""",
"""99664""",UNKNOWN,true,"""L267z00""	15	0	0	0	""other placental conditions nos""	""June 2010""	""late pregnancy""",
"""23548""",UNKNOWN,true,"""L301.00""	47	0	9	0	""obstructed labour caused by bony pelvis""	""February 2009""	""postnatal""",
"""72195""",UNKNOWN,true,"""L450400""	4	0	0	0	""obstetric nipple infection with postnatal complication""	""February 2009""	""postnatal""",
"""96724""",UNKNOWN,true,"""L162100""	1	0	0	0	""unspecified renal disease in pregnancy - delivered""	""April 2009""	""unspecified""",
"""61573""",UNKNOWN,true,"""L416500""	60	0	0	0	""haemorrhoids in the puerperium""	""February 2009""	""postnatal""",
"""33441""",UNKNOWN,true,"""L511.00""	64	0	3	0	""maternal care for viable fetus in abdominal pregnancy""	""February 2009""	""unspecified""",
"""103255""",UNKNOWN,true,"""L45yz00""	2	0	0	0	""other obstetric breast infection nos""	""October 2011""	""unspecified""",
"""104746""",UNKNOWN,true,"""L302z00""	1	0	0	0	""obstructed labour caused by pelvic soft tissues nos""	""August 2012""	""postnatal""",
"""101260""",UNKNOWN,true,"""L10z100""	4	0	0	0	""early pregnancy haemorrhage nos - delivered""	""January 2011""	""unspecified""",
"""9791""",UNKNOWN,true,"""Z257.15""	44986	0	1	0	""nd - normal delivery""	""February 2009""	""postnatal""",
"""29685""",UNKNOWN,true,"""5843.00""	53	0	18	680	""u-s obstetric scan abnormal""	""February 2009""	""unspecified""",
"""35859""",UNKNOWN,true,"""67A5.00""	2386	0	3	0	""pregnancy alcohol advice""	""February 2009""	""unspecified""",
"""47786""",UNKNOWN,true,"""Z262J11""	12	0	0	0	""placental infection""	""February 2009""	""late pregnancy""",
"""38556""",UNKNOWN,true,"""67A7.00""	208	0	1	0	""pregnancy dental advice""	""February 2009""	""unspecified""",
"""106957""",UNKNOWN,true,"""9Nif.00""	107	0	0	0	""did not attend pertussis vaccination in pregnancy""	""September 2013""	""unspecified""",
"""24603""",UNKNOWN,true,"""L10y.00""	956	0	23	0	""other haemorrhage in early pregnancy""	""February 2009""	""unspecified""",
"""9625""",UNKNOWN,true,"""L263300""	53	0	2	0	""labour and delivery complicated by fetal heart rate anomaly""	""February 2009""	""postnatal""",
"""112103""",UNKNOWN,true,"""L092400""	1	0	0	0	""periurethral tissue damage following abortive pregnancy""	""September 2017""	""unspecified""",
"""52621""",UNKNOWN,true,"""L128200""	39	0	4	0	""pre-exist 2ndry hypertens comp preg childbth and puerperium""	""February 2009""	""postnatal""",
"""73983""",UNKNOWN,true,"""L380.00""	4	0	0	0	""obstetric anaesthesia with pulmonary complications""	""February 2009""	""unspecified""",
"""47608""",UNKNOWN,true,"""L177.00""	45	0	0	0	""infections of bladder in pregnancy""	""February 2009""	""unspecified""",
"""28861""",UNKNOWN,true,"""L398500""	22	0	0	0	""delivery by caesarean hysterectomy""	""February 2009""	""postnatal""",
"""42598""",UNKNOWN,true,"""L175.00""	174	0	0	0	""maternal rubella in pregnancy, childbirth and the puerperium""	""February 2009""	""postnatal""",
"""113370""",UNKNOWN,true,"""Q408100""	1	0	0	0	""clostridial intra-amniotic fetal infection""	""February 2019""	""late pregnancy""",
"""37878""",UNKNOWN,true,"""Z254E11""	150	0	0	0	""multiple birth delivery""	""February 2009""	""postnatal""",
"""116778""",UNKNOWN,true,"""Lyu4B00""	1	0	0	0	""[x]other obstetric injury to pelvic organs""	""September 2025""	""unspecified""",
"""63751""",UNKNOWN,true,"""L16A300""	16	0	0	0	""glycosuria during pregnancy - not delivered""	""February 2009""	""unspecified""",
"""15418""",UNKNOWN,true,"""L166300""	327	0	20	2	""genitourinary tract infection in pregnancy - not delivered""	""February 2009""	""unspecified""",
"""72437""",UNKNOWN,true,"""L248z00""	7	0	0	0	""vulval abnormality in pregnancy/childbirth/puerperium nos""	""February 2009""	""postnatal""",
"""45912""",UNKNOWN,true,"""7F24y00""	16	0	0	0	""other specified other obstetric operation""	""February 2009""	""unspecified""",
"""112772""",UNKNOWN,true,"""L162z00""	3	0	0	0	""unspecified renal disease in pregnancy nos""	""July 2018""	""unspecified""",
"""101272""",UNKNOWN,true,"""L462300""	2	0	0	0	""breast engorgement in pregnancy/puerperium/lact + a/n comp""	""January 2011""	""postnatal""",
"""49733""",UNKNOWN,true,"""L388.00""	5	0	0	0	""cardiac comps of anaesthesia during labour and delivery""	""February 2009""	""postnatal""",
"""36655""",UNKNOWN,true,"""Z245.00""	158	0	0	0	""observation of blood loss in labour""	""February 2009""	""postnatal""",
"""99170""",UNKNOWN,true,"""Z243.00""	4	0	0	0	""observation of first stage of labour""	""April 2010""	""postnatal""",
"""115247""",UNKNOWN,true,"""Z239600""	1	0	0	0	""segments of uterus distinguishable in labour""	""November 2020""	""postnatal""",
"""25112""",UNKNOWN,true,"""Z241.00""	52	0	0	0	""labour established""	""February 2009""	""postnatal""",
"""42226""",UNKNOWN,true,"""Q017200""	65	0	0	0	""fetus or neonate affected by external version before labour""	""February 2009""	""postnatal""",
"""34253""",UNKNOWN,true,"""67C..00""	5365	0	9	0	""postnatal support group""	""February 2009""	""postnatal""",
"""51133""",UNKNOWN,true,"""Z264.12""	6	0	1	0	""observation of amniotic fluid""	""February 2009""	""late pregnancy""",
"""15480""",UNKNOWN,true,"""14Y3.00""	104789	0	6	0	""born by normal vaginal delivery""	""February 2009""	""postnatal""",
"""98059""",UNKNOWN,true,"""Lyu5400""	4	0	0	0	""[x]other manipulation-assisted delivery""	""November 2009""	""postnatal""",
"""56915""",UNKNOWN,true,"""Z249.00""	42	0	0	0	""labour problem""	""February 2009""	""postnatal""",
"""69072""",UNKNOWN,true,"""L262200""	2	0	0	0	""other blood-group isoimmunisation with antenatal problem""	""February 2009""	""early pregnancy""",
"""104807""",UNKNOWN,true,"""L361000""	8	0	0	0	""other immediate postpartum haemorrhage unspecified""	""August 2012""	""postnatal""",
"""73111""",UNKNOWN,true,"""L270000""	22	0	0	0	""polyhydramnios unspecified""	""February 2009""	""late pregnancy""",
"""92362""",UNKNOWN,true,"""L240z00""	6	0	0	0	""congenital abnormality uterus in pregnancy/childb/puerp nos""	""February 2009""	""unspecified""",
"""54938""",UNKNOWN,true,"""L162000""	2	0	0	0	""unspecified renal disease in pregnancy unspecified""	""February 2009""	""unspecified""",
"""95875""",UNKNOWN,true,"""7F27z00""	10	0	0	0	""non routine obstetric scan for fetal observations nos""	""February 2009""	""unspecified""",
"""63362""",UNKNOWN,true,"""L091100""	3	0	0	0	""defibrination syndrome following abortive pregnancy""	""February 2009""	""unspecified""",
"""70607""",UNKNOWN,true,"""7F23300""	10	0	0	0	""immediate repair of minor obstetric laceration""	""February 2009""	""unspecified""",
"""5778""",UNKNOWN,true,"""67A..00""	43333	0	1686	1	""pregnancy advice""	""February 2009""	""unspecified""",
"""24823""",UNKNOWN,true,"""7F10100""	38	0	5	0	""hindwater rupture of amniotic membrane""	""February 2009""	""late pregnancy""",
"""62656""",UNKNOWN,true,"""Z255400""	1	0	1	0	""rapid second stage of labour""	""February 2009""	""postnatal""",
"""64298""",UNKNOWN,true,"""L141100""	40	0	0	0	""other threatened labour - not delivered""	""February 2009""	""postnatal""",
"""73311""",UNKNOWN,true,"""L41z.00""	10	0	0	0	""venous complications of pregnancy and puerperium nos""	""February 2009""	""postnatal""",
"""24655""",UNKNOWN,true,"""8H27.00""	9756	0	1710	0	""admit obstetric emergency""	""February 2009""	""unspecified""",
"""106067""",UNKNOWN,true,"""L246000""	5	0	1	0	""other cervical abnormality affecting obstetric care""	""May 2013""	""unspecified""",
"""4094""",UNKNOWN,true,"""L321100""	28	0	2	0	""unspecified prolonged labour - delivered""	""February 2009""	""postnatal""",
"""114059""",UNKNOWN,true,"""L35y000""	1	0	0	0	""other obstetric trauma unspecified""	""August 2019""	""unspecified""",
"""61226""",UNKNOWN,true,"""ZV27y00""	14	0	0	0	""[v]other specified outcome of delivery""	""February 2009""	""postnatal""",
"""53094""",UNKNOWN,true,"""7F25y00""	32	0	0	1	""other specified obstetric monitoring""	""February 2009""	""unspecified""",
"""59313""",UNKNOWN,true,"""Z22BA00""	8	0	0	0	""contin pregnancy after intrauterine death of sibling fetus""	""February 2009""	""unspecified""",
"""113063""",UNKNOWN,true,"""Z255311""	1	0	0	0	""progess of delivery""	""November 2018""	""postnatal""",
"""108033""",UNKNOWN,true,"""Lyu3D00""	2	0	0	0	""[x]other premature separation of placenta""	""May 2014""	""late pregnancy""",
"""94396""",UNKNOWN,true,"""L30zz00""	12	0	0	0	""obstructed labour nos""	""February 2009""	""postnatal""",
"""8446""",UNKNOWN,true,"""L180811""	54271	0	149	13	""gestational diabetes mellitus""	""February 2009""	""unspecified""",
"""31583""",UNKNOWN,true,"""L280.00""	943	0	4	0	""oligohydramnios""	""February 2009""	""late pregnancy""",
"""110281""",UNKNOWN,true,"""4H43.12""	1	0	0	0	""sphingomyelin -amniotic""	""November 2015""	""late pregnancy""",
"""69722""",UNKNOWN,true,"""ZV23z00""	15	0	1	0	""[v]unspecified high-risk pregnancy""	""February 2009""	""unspecified""",
"""34639""",UNKNOWN,true,"""L180100""	82	0	0	0	""diabetes mellitus during pregnancy - baby delivered""	""February 2009""	""unspecified""",
"""105276""",UNKNOWN,true,"""7F14000""	4	0	0	0	""breech extraction delivery with version""	""December 2012""	""postnatal""",
"""103890""",UNKNOWN,true,"""1514000""	9467	0	0	0	""estimated date of delivery from last period""	""March 2012""	""postnatal""",
"""43754""",UNKNOWN,true,"""L18z.00""	8	0	0	0	""medical condition nos in pregnancy/childbirth/puerperium""	""February 2009""	""postnatal""",
"""14842""",UNKNOWN,true,"""6217.00""	3357	0	426	0	""pregnant - unplanned - wanted""	""February 2009""	""early pregnancy""",
"""114562""",UNKNOWN,true,"""L115000""	1	0	0	0	""antepartum haemorrhage with uterine leiomyoma unspecified""	""December 2019""	""late pregnancy""",
"""72298""",UNKNOWN,true,"""L355.00""	10	0	1	0	""other obstetric pelvic organ damage""	""February 2009""	""unspecified""",
"""101229""",UNKNOWN,true,"""Z255A00""	1	0	0	0	""observation of delivery push in labour""	""December 2010""	""postnatal""",
"""99518""",UNKNOWN,true,"""L50..00""	2	0	0	0	""maternal care for compound presentation""	""May 2010""	""unspecified""",
"""34081""",UNKNOWN,true,"""L280z00""	23	0	0	0	""oligohydramnios nos""	""February 2009""	""late pregnancy""",
"""108202""",UNKNOWN,true,"""7M0c200""	1	0	0	0	""delivery fraction radiotherapy superficial orthovoltage mach""	""June 2014""	""postnatal""",
"""50675""",UNKNOWN,true,"""L395100""	1912	0	0	0	""forceps delivery - delivered""	""February 2009""	""postnatal""",
"""42614""",UNKNOWN,true,"""Z22..00""	433	0	10	1	""pregnancy observations""	""February 2009""	""unspecified""",
"""73753""",UNKNOWN,true,"""L28y.00""	21	0	0	0	""other problems of amniotic cavity and membranes""	""February 2009""	""late pregnancy""",
"""14083""",UNKNOWN,true,"""62GZ.00""	26	0	23	3558	""antenatal ultrasound scan nos""	""February 2009""	""early pregnancy""",
"""57236""",UNKNOWN,true,"""L400200""	5	0	0	0	""puerperal endometritis with postnatal complication""	""February 2009""	""postnatal""",
"""30948""",UNKNOWN,true,"""L150100""	208	0	13	0	""post-term pregnancy - delivered""	""February 2009""	""late pregnancy""",
"""53490""",UNKNOWN,true,"""L178.00""	10	0	0	0	""infections of urethra in pregnancy""	""February 2009""	""unspecified""",
"""44472""",UNKNOWN,true,"""L39y.00""	17	0	0	0	""other complications of labour and delivery""	""February 2009""	""postnatal""",
"""44872""",UNKNOWN,true,"""L354100""	11	0	0	0	""obstetric high vaginal laceration - delivered""	""February 2009""	""unspecified""",
"""13419""",UNKNOWN,true,"""62L..00""	9283	0	447	28554	""antenatal blood group screen""	""February 2009""	""early pregnancy""",
"""42120""",UNKNOWN,true,"""L2A0.00""	20	0	1	0	""abnormal haematologic find on antenatal screening of mother""	""February 2009""	""early pregnancy""",
"""105323""",UNKNOWN,true,"""7M0c000""	2	0	0	0	""delivery fraction complex radiotherapy megavoltage machine""	""December 2012""	""postnatal""",
"""9754""",UNKNOWN,true,"""Z22A400""	6273	0	416	2	""early stage of pregnancy""	""February 2009""	""unspecified""",
"""43344""",UNKNOWN,true,"""ZV61800""	15	0	0	0	""[v]illegitimate pregnancy""	""February 2009""	""unspecified""",
"""73028""",UNKNOWN,true,"""L357100""	6	0	0	0	""obstetric pelvic haematoma - delivered""	""February 2009""	""unspecified""",
"""67572""",UNKNOWN,true,"""Q031000""	1	0	0	0	""fetus/neonate affected by mat bony pelvis abn in labour/del""	""February 2009""	""postnatal""",
"""40080""",UNKNOWN,true,"""7F11y00""	51	0	0	0	""other specified other induction of labour""	""February 2009""	""postnatal""",
"""49777""",UNKNOWN,true,"""ZV23700""	8	0	0	0	""[v]supervision of very young primigravida""	""February 2009""	""unspecified""",
"""115819""",UNKNOWN,true,"""Z255712""	1	0	0	0	""no progress in second stage of labour""	""October 2021""	""postnatal""",
"""48742""",UNKNOWN,true,"""Z254C00""	20	0	0	0	""face delivery""	""February 2009""	""postnatal""",
"""33884""",UNKNOWN,true,"""L213000""	44	0	0	0	""multiple delivery, all spontaneous""	""February 2009""	""postnatal""",
"""31743""",UNKNOWN,true,"""L200.00""	2898	0	0	0	""normal delivery but ante- or post- natal conditions present""	""February 2009""	""postnatal""",
"""10173""",UNKNOWN,true,"""Z23D200""	102	0	5	0	""pregnant abdomen observation""	""February 2009""	""early pregnancy""",
"""7781""",UNKNOWN,true,"""L403.00""	33	0	0	0	""puerperal septicaemia""	""February 2009""	""postnatal""",
"""41483""",UNKNOWN,true,"""L401.00""	37	0	0	0	""puerperal salpingitis""	""February 2009""	""postnatal""",
"""46527""",UNKNOWN,true,"""Z221.00""	311	0	4	0	""primigravida""	""February 2009""	""unspecified""",
"""14892""",UNKNOWN,true,"""7F17z00""	5995	0	303	0	""vacuum delivery nos""	""February 2009""	""postnatal""",
"""64464""",UNKNOWN,true,"""7F15z00""	50	0	0	0	""other breech delivery nos""	""February 2009""	""postnatal""",
"""114018""",UNKNOWN,true,"""L393z00""	1	0	0	0	""post-delivery acute renal failure nos""	""July 2019""	""postnatal""",
"""98057""",UNKNOWN,true,"""L248000""	1	0	0	0	""vulval abnormality affecting obstetric care""	""November 2009""	""unspecified""",
"""107198""",UNKNOWN,true,"""L292000""	2	0	0	0	""unspecified maternal pyrexia during labour, unspecified""	""November 2013""	""postnatal""",
"""13163""",UNKNOWN,true,"""62B..00""	513709	0	2789	0	""delivery booking place""	""February 2009""	""postnatal""",
"""93914""",UNKNOWN,true,"""Z262500""	6	0	0	0	""observation of completeness of placenta""	""February 2009""	""late pregnancy""",
"""67737""",UNKNOWN,true,"""Z262L00""	5	0	0	0	""placenta oedematous""	""February 2009""	""late pregnancy""",
"""11989""",UNKNOWN,true,"""8HHV.00""	8409	0	11807	0	""referral for termination of pregnancy""	""February 2009""	""unspecified""",
"""13416""",UNKNOWN,true,"""62M..00""	125	0	7	4062	""antenatal sickle cell screen""	""February 2009""	""early pregnancy""",
"""94405""",UNKNOWN,true,"""L413100""	7	0	0	0	""antenatal deep vein thrombosis - delivered""	""February 2009""	""early pregnancy""",
"""105419""",UNKNOWN,true,"""7F17000""	4	0	0	0	""high vacuum delivery""	""December 2012""	""postnatal""",
"""36959""",UNKNOWN,true,"""L391.00""	24	0	1	0	""obstetric shock""	""February 2009""	""unspecified""",
"""112133""",UNKNOWN,true,"""L172z00""	3	0	0	0	""other mat. venereal dis. in pregnancy/childbirth/puerp. nos""	""September 2017""	""postnatal""",
"""50512""",UNKNOWN,true,"""L031z00""	108	0	2	0	""tubal pregnancy nos""	""February 2009""	""unspecified""",
"""88593""",UNKNOWN,true,"""BBR6.00""	14	0	0	0	""[m]placental site trophoblastic tumour""	""February 2009""	""late pregnancy""",
"""36478""",UNKNOWN,true,"""L442000""	81	0	1	0	""obstetric perineal wound disruption unspecified""	""February 2009""	""unspecified""",
"""107142""",UNKNOWN,true,"""L267400""	2	0	0	0	""malformation of placenta""	""October 2013""	""late pregnancy""",
"""69788""",UNKNOWN,true,"""L260200""	3	0	0	0	""fetal-maternal haemorrhage with antenatal problem""	""February 2009""	""early pregnancy""",
"""110594""",UNKNOWN,true,"""57...1F""	0	0	0	1	""placenta isotope study""	""February 2016""	""late pregnancy""",
"""49573""",UNKNOWN,true,"""L40zz00""	15	0	0	0	""major puerperal infection nos""	""February 2009""	""postnatal""",
"""8879""",UNKNOWN,true,"""1514.12""	113275	0	140	184	""estimated date of delivery""	""February 2009""	""postnatal""",
"""113365""",UNKNOWN,true,"""L415400""	1	0	0	0	""other phlebitis/thrombosis in preg/puerperium + p/n comp""	""February 2019""	""postnatal""",
"""46297""",UNKNOWN,true,"""Z246311""	77	0	0	0	""onset of labour pains""	""February 2009""	""postnatal""",
"""49502""",UNKNOWN,true,"""L228.00""	17	0	0	0	""multiple pregnancy with malpresentation""	""February 2009""	""unspecified""",
"""113324""",UNKNOWN,true,"""L411611""	1	0	0	0	""perineal varices in the puerperium""	""February 2019""	""postnatal""",
"""50058""",UNKNOWN,true,"""13SZ.00""	158	0	0	0	""pregnancy benefit nos""	""February 2009""	""unspecified""",
"""52726""",UNKNOWN,true,"""Q031500""	8	0	0	0	""fetus/neonate affected by face presentation during labour/de""	""February 2009""	""postnatal""",
"""72979""",UNKNOWN,true,"""4H1..00""	0	0	0	2	""amniotic fluid exam. - general""	""February 2009""	""late pregnancy""",
"""69011""",UNKNOWN,true,"""L132000""	7	0	0	0	""late pregnancy vomiting unspecified""	""February 2009""	""unspecified""",
"""54311""",UNKNOWN,true,"""Q02..00""	6	0	0	0	""fetus/neonate affected by complic of placenta/cord/membrane""	""February 2009""	""late pregnancy""",
"""105033""",UNKNOWN,true,"""Z262111""	2	0	0	0	""observation of size of placenta""	""October 2012""	""late pregnancy""",
"""10185""",UNKNOWN,true,"""L13..00""	13840	0	202	0	""excessive pregnancy vomiting""	""February 2009""	""unspecified""",
"""54681""",UNKNOWN,true,"""L189.00""	14	0	0	0	""dis resp syst comp pregnancy, childbirth & puerperium""	""February 2009""	""postnatal""",
"""115793""",UNKNOWN,true,"""L392300""	1	0	0	0	""maternal hypotension syndrome with antenatal problem""	""October 2021""	""early pregnancy""",
"""54082""",UNKNOWN,true,"""L169300""	2	0	1	0	""herpes gestationis - not delivered""	""February 2009""	""unspecified""",
"""10184""",UNKNOWN,true,"""67A3.00""	4808	0	20	0	""pregnancy smoking advice""	""February 2009""	""unspecified""",
"""112569""",UNKNOWN,true,"""L17z000""	1	0	0	0	""mat infect/parasitic dis nos - pregnancy/puerperium unspec""	""April 2018""	""postnatal""",
"""99365""",UNKNOWN,true,"""L460z00""	15	0	0	0	""retracted nipple in pregnancy/puerperium/lactation nos""	""May 2010""	""postnatal""",
"""111793""",UNKNOWN,true,"""633B.00""	25	0	0	0	""antepartum stillbirth""	""April 2017""	""late pregnancy""",
"""17911""",UNKNOWN,true,"""L416.11""	5142	0	55	0	""piles - obstetric""	""February 2009""	""unspecified""",
"""43416""",UNKNOWN,true,"""6B23.00""	19	0	0	0	""sure start postnatal visit""	""February 2009""	""postnatal""",
"""98336""",UNKNOWN,true,"""Q311113""	6	0	0	0	""aspiration of amniotic fluid in newborn""	""January 2010""	""late pregnancy""",
"""71745""",UNKNOWN,true,"""L35z100""	3	0	0	0	""obstetric trauma nos - delivered""	""February 2009""	""unspecified""",
"""109479""",UNKNOWN,true,"""633D.00""	2	0	0	0	""order of birth at delivery""	""April 2015""	""postnatal""",
"""115700""",UNKNOWN,true,"""L451300""	1	0	0	0	""obstetric breast abscess with antenatal complication""	""July 2021""	""early pregnancy""",
"""73734""",UNKNOWN,true,"""ZVu2900""	69	0	2	2	""[x]other antenatal screening""	""February 2009""	""early pregnancy""",
"""50061""",UNKNOWN,true,"""L131.00""	361	0	7	0	""hyperemesis gravidarum with metabolic disturbance""	""February 2009""	""early pregnancy""",
"""30944""",UNKNOWN,true,"""L46..00""	213	0	2	0	""obstetric breast and lactation disorders nos""	""February 2009""	""unspecified""",
"""13975""",UNKNOWN,true,"""584F.00""	193	0	52	837	""antenatal scan unable to confirm pregnancy""	""February 2009""	""early pregnancy""",
"""56830""",UNKNOWN,true,"""L370.00""	116	0	0	0	""retained placenta with no haemorrhage""	""February 2009""	""late pregnancy""",
"""112116""",UNKNOWN,true,"""L096700""	1	0	0	0	""soap embolism following abortive pregnancy""	""September 2017""	""unspecified""",
"""60179""",UNKNOWN,true,"""J004500""	18	0	1	0	""postnatal enamel hypoplasia""	""February 2009""	""postnatal""",
"""64649""",UNKNOWN,true,"""L175100""	8	0	0	0	""maternal rubella during pregnancy - baby delivered""	""February 2009""	""unspecified""",
"""112477""",UNKNOWN,true,"""L461300""	2	0	0	0	""cracked nipple in pregnancy/puerperium/lactation + a/n comp""	""January 2018""	""postnatal""",
"""97349""",UNKNOWN,true,"""L121300""	2	0	0	0	""renal hypertension in preg/childbirth/puerp - not delivered""	""August 2009""	""postnatal""",
"""115971""",UNKNOWN,true,"""L173z00""	1	0	0	0	""maternal tuberculosis in pregnancy/childbirth/puerperium nos""	""February 2022""	""postnatal""",
"""66102""",UNKNOWN,true,"""L415300""	1	0	0	0	""other phlebitis/thrombosis in preg/puerperium + a/n comp""	""February 2009""	""postnatal""",
"""46502""",UNKNOWN,true,"""Q21..12""	38	0	0	0	""labour fetal anoxia""	""February 2009""	""postnatal""",
"""101518""",UNKNOWN,true,"""L132z00""	5	0	0	0	""late pregnancy vomiting nos""	""January 2011""	""unspecified""",
"""89589""",UNKNOWN,true,"""4H31.00""	0	0	0	1	""amniotic fluid microscopy -nad""	""February 2009""	""late pregnancy""",
"""71730""",UNKNOWN,true,"""L123300""	14	0	0	0	""transient hypertension of pregnancy - not delivered""	""February 2009""	""unspecified""",
"""31162""",UNKNOWN,true,"""L165.00""	303	0	2	0	""asymptomatic bacteriuria in pregnancy""	""February 2009""	""unspecified""",
"""60333""",UNKNOWN,true,"""L301500""	2	0	1	0	""obstructed labour due to pelvic inlet contraction""	""February 2009""	""postnatal""",
"""19800""",UNKNOWN,true,"""584..00""	630	0	855	85947	""ultrasound in obstetric diagn.""	""February 2009""	""unspecified""",
"""110296""",UNKNOWN,true,"""L170200""	2	0	0	0	""maternal syphilis in puerperium - baby delivered""	""December 2015""	""postnatal""",
"""52048""",UNKNOWN,true,"""Z22AB11""	74	0	5	0	""accidental pregnancy""	""February 2009""	""unspecified""",
"""4723""",UNKNOWN,true,"""L112.11""	192	0	30	0	""ablatio placentae""	""February 2009""	""late pregnancy""",
"""29885""",UNKNOWN,true,"""L3...00""	1238	0	12	0	""complications occurring during labour and delivery""	""February 2009""	""postnatal""",
"""14727""",UNKNOWN,true,"""14Y1.00""	17541	0	1	0	""born by forceps delivery""	""February 2009""	""postnatal""",
"""15675""",UNKNOWN,true,"""14Y5.00""	11563	0	1	0	""born by ventouse delivery""	""February 2009""	""postnatal""",
"""113511""",UNKNOWN,true,"""L440400""	1	0	0	0	""puerperal cerebrovascular disorder with postnatal comp""	""April 2019""	""postnatal""",
"""62358""",UNKNOWN,true,"""L167000""	3	0	0	0	""liver disorder in pregnancy unspecified""	""February 2009""	""unspecified""",
"""28611""",UNKNOWN,true,"""L461.00""	601	0	0	0	""cracked nipple in pregnancy, the puerperium or lactation""	""February 2009""	""postnatal""",
"""61144""",UNKNOWN,true,"""L463.00""	26	0	0	0	""other breast disorder in pregnancy/puerperium/lactation""	""February 2009""	""postnatal""",
"""85226""",UNKNOWN,true,"""Lyu4000""	14	0	0	0	""[x]other failed induction of labour""	""February 2009""	""postnatal""",
"""40500""",UNKNOWN,true,"""Eu53100""	172	0	2	0	""[x]severe mental and behav disorder assoc wth puerperium nec""	""February 2009""	""postnatal""",
"""95107""",UNKNOWN,true,"""L312200""	0	0	0	0	""other uterine inertia with antenatal problem""	""February 2009""	""early pregnancy""",
"""720""",UNKNOWN,true,"""L398.00""	213873	0	1566	6	""caesarean delivery""	""February 2009""	""postnatal""",
"""111225""",UNKNOWN,true,"""L44z100""	1	0	0	0	""complications of the puerperium nos - delivered + p/n comp""	""August 2016""	""postnatal""",
"""62012""",UNKNOWN,true,"""7F2z.00""	13	0	0	0	""other obstetric operations nos""	""February 2009""	""unspecified""",
"""56420""",UNKNOWN,true,"""L39B.00""	9	0	1	0	""death from sequelae of direct obstetric causes""	""February 2009""	""unspecified""",
"""60870""",UNKNOWN,true,"""938Z.00""	13	0	0	0	""obstetric coop card nos""	""February 2009""	""unspecified""",
"""32991""",UNKNOWN,true,"""62C1.00""	2118	0	0	0	""short stay delivery booking""	""February 2009""	""postnatal""",
"""11294""",UNKNOWN,true,"""L270.00""	1349	0	15	0	""polyhydramnios""	""February 2009""	""late pregnancy""",
"""73646""",UNKNOWN,true,"""L27z.00""	40	0	5	0	""polyhydramnios nos""	""February 2009""	""late pregnancy""",
"""111755""",UNKNOWN,true,"""62X6.00""	1	0	0	0	""gestation less than 28 weeks""	""April 2017""	""28""",
"""688""",UNKNOWN,true,"""7F17.11""	28750	0	152	0	""ventouse delivery""	""February 2009""	""postnatal""",
"""70342""",UNKNOWN,true,"""L123400""	25	0	0	0	""transient hypertension of pregnancy + postnatal complication""	""February 2009""	""postnatal""",
"""463""",UNKNOWN,true,"""L222.12""	19667	0	496	0	""breech delivery""	""February 2009""	""postnatal""",
"""99422""",UNKNOWN,true,"""L187000""	5	0	0	0	""orthopaedic disorder - unsp whether in pregnancy/puerperium""	""May 2010""	""postnatal""",
"""103677""",UNKNOWN,true,"""Eu32B00""	133	0	10	0	""[x]antenatal depression""	""February 2012""	""early pregnancy""",
"""62316""",UNKNOWN,true,"""L51..00""	42	0	2	0	""maternal care for other known or suspected fetal problems""	""February 2009""	""unspecified""",
"""107153""",UNKNOWN,true,"""Q007x00""	1	0	0	0	""fetus/neonate affected - placental/breast transfer toxic nec""	""October 2013""	""late pregnancy""",
"""38771""",UNKNOWN,true,"""Lyu2200""	87	0	17	1	""[x]other venous complications in pregnancy""	""February 2009""	""unspecified""",
"""116431""",UNKNOWN,true,"""Lyu4J00""	1	0	0	0	""[x]other complications of obstetric surgery and procedures""	""November 2023""	""unspecified""",
"""15634""",UNKNOWN,true,"""L166z00""	643	0	5	1	""genitourinary tract infection in pregnancy nos""	""February 2009""	""unspecified""",
"""62759""",UNKNOWN,true,"""7G1L100""	11	0	0	0	""allograft of amniotic membrane nec""	""February 2009""	""late pregnancy""",
"""60398""",UNKNOWN,true,"""L112z00""	75	0	0	0	""placental abruption nos""	""February 2009""	""late pregnancy""",
"""6141""",UNKNOWN,true,"""L396.11""	40096	0	101	0	""ventouse delivery""	""February 2009""	""postnatal""",
"""97719""",UNKNOWN,true,"""L360200""	2	0	0	0	""third-stage postpartum haemorrhage with postnatal problem""	""October 2009""	""postnatal""",
"""94071""",UNKNOWN,true,"""9NV0.00""	210	0	0	0	""postnatal clinic""	""February 2009""	""postnatal""",
"""115030""",UNKNOWN,true,"""L431400""	1	0	0	0	""amniotic fluid pulmonary embolism with p/n complication""	""July 2020""	""late pregnancy""",
"""60741""",UNKNOWN,true,"""L115.12""	19	0	3	0	""antepartum haemorrhage with uterine fibroid""	""February 2009""	""late pregnancy""",
"""68430""",UNKNOWN,true,"""4444.11""	1	0	0	70	""human placental lactogen""	""February 2009""	""late pregnancy""",
"""113630""",UNKNOWN,true,"""L432200""	1	0	0	0	""obstetric blood-clot pulm embolism - delivered with p/n comp""	""April 2019""	""unspecified""",
"""28903""",UNKNOWN,true,"""Z254200""	664	0	0	0	""delivered by low forceps delivery""	""February 2009""	""postnatal""",
"""20591""",UNKNOWN,true,"""539..00""	9	0	4	8184	""abdominal obstetric x-ray""	""February 2009""	""unspecified""",
"""37664""",UNKNOWN,true,"""L44y.11""	62	0	1	0	""subinvolution of uterus in the puerperium""	""February 2009""	""postnatal""",
"""48830""",UNKNOWN,true,"""L140100""	86	0	0	0	""threatened premature labour - not delivered""	""February 2009""	""postnatal""",
"""64548""",UNKNOWN,true,"""L281300""	4	0	0	0	""prem rupture of membranes onset of labour within 24 hours""	""February 2009""	""postnatal""",
"""65397""",UNKNOWN,true,"""L112000""	26	0	0	0	""placental abruption unspecified""	""February 2009""	""late pregnancy""",
"""32007""",UNKNOWN,true,"""L090.00""	102	0	1	0	""genital or pelvic infection following abortive pregnancy""	""February 2009""	""unspecified""",
"""48883""",UNKNOWN,true,"""L113.00""	7	0	1	0	""antepartum haemorrhage with coagulation defect""	""February 2009""	""late pregnancy""",
"""91339""",UNKNOWN,true,"""L185000""	5	0	0	0	""congenital cardiovasc dis - unsp whether in preg/puerperium""	""February 2009""	""postnatal""",
"""43000""",UNKNOWN,true,"""L16D.00""	38	0	3	0	""excessive weight gain in pregnancy""	""February 2009""	""unspecified""",
"""105261""",UNKNOWN,true,"""Q007500""	1	0	0	0	""fetus/neonate affected-placental/breast transfer immune sera""	""November 2012""	""late pregnancy""",
"""14651""",UNKNOWN,true,"""13H8.00""	218	0	21	0	""illegitimate pregnancy""	""February 2009""	""unspecified""",
"""106923""",UNKNOWN,true,"""62NK.00""	181	0	1	0	""antenatal 25 week examination""	""August 2013""	""25""",
"""100597""",UNKNOWN,true,"""L39y100""	4	0	0	0	""other complications of labour and delivery - delivered""	""August 2010""	""postnatal""",
"""11947""",UNKNOWN,true,"""L181500""	1271	0	27	0	""postpartum thyroiditis""	""February 2009""	""postnatal""",
"""12014""",UNKNOWN,true,"""ZV27.00""	9239	0	11	0	""[v]outcome of delivery""	""February 2009""	""postnatal""",
"""61259""",UNKNOWN,true,"""7F12000""	70	0	0	0	""elective upper uterine segment caesarean delivery""	""February 2009""	""postnatal""",
"""105032""",UNKNOWN,true,"""L143000""	8	0	2	0	""premature labour without delivery""	""October 2012""	""postnatal""",
"""108811""",UNKNOWN,true,"""L245300""	6	0	0	0	""cervical incompetence with antenatal problem""	""November 2014""	""early pregnancy""",
"""96648""",UNKNOWN,true,"""L394200""	1	0	0	0	""other complications of obstetric procedures - del +p/n prob""	""April 2009""	""unspecified""",
"""108236""",UNKNOWN,true,"""621D.00""	266	0	1	0	""concealed pregnancy""	""June 2014""	""unspecified""",
"""54004""",UNKNOWN,true,"""7F03000""	9	0	0	0	""percutaneous insertion of fetal vesicoamniotic shunt""	""February 2009""	""late pregnancy""",
"""112120""",UNKNOWN,true,"""L09y200""	1	0	0	0	""cardiac failure following abortive pregnancy""	""September 2017""	""unspecified""",
"""106761""",UNKNOWN,true,"""L18z200""	4	0	0	0	""medical condition nos in puerperium - baby delivered""	""August 2013""	""postnatal""",
"""58774""",UNKNOWN,true,"""8I3F.00""	17	0	0	0	""edinburgh postnatal depression scale at 8 months declined""	""February 2009""	""postnatal""",
"""42885""",UNKNOWN,true,"""Z254.00""	1	0	0	0	""observation of pattern of delivery""	""February 2009""	""postnatal""",
"""15033""",UNKNOWN,true,"""ZV61900""	8031	0	4036	0	""[v]other unwanted pregnancy""	""February 2009""	""unspecified""",
"""98964""",UNKNOWN,true,"""L114.00""	3	0	0	0	""antepartum haemorrhage with trauma""	""April 2010""	""late pregnancy""",
"""447""",UNKNOWN,true,"""L116.00""	2779	0	54	0	""placenta praevia""	""February 2009""	""late pregnancy""",
"""34132""",UNKNOWN,true,"""Q212.11""	80	0	0	0	""fetal distress before labour - liveborn""	""February 2009""	""postnatal""",
"""107557""",UNKNOWN,true,"""63D7.00""	2026	0	0	0	""complete placenta at delivery""	""January 2014""	""late pregnancy""",
"""73407""",UNKNOWN,true,"""L261200""	5	0	0	0	""rhesus isoimmunisation with antenatal problem""	""February 2009""	""early pregnancy""",
"""51810""",UNKNOWN,true,"""03D6.00""	634	0	11	0	""consultant gynae.+ obstetrics""	""February 2009""	""unspecified""",
"""67164""",UNKNOWN,true,"""L18z300""	4	0	0	0	""medical condition nos in pregnancy - baby not yet delivered""	""February 2009""	""unspecified""",
"""5464""",UNKNOWN,true,"""L11y100""	56	0	0	0	""other antepartum haemorrhage - delivered""	""February 2009""	""late pregnancy""",
"""45242""",UNKNOWN,true,"""L241.11""	154	0	4	0	""uterine fibroids in pregnancy, childbirth and the puerperium""	""February 2009""	""postnatal""",
"""113797""",UNKNOWN,true,"""7M0c100""	1	0	0	0	""delivery fraction simple radiotherapy megavoltage machine""	""May 2019""	""postnatal""",
"""93303""",UNKNOWN,true,"""ZV22400""	3	0	0	0	""[v]supervision of other normal pregnancy""	""February 2009""	""unspecified""",
"""6184""",UNKNOWN,true,"""ZV22.00""	147439	0	8979	7	""[v]normal pregnancy""	""February 2009""	""unspecified""",
"""114073""",UNKNOWN,true,"""L212100""	3	0	0	0	""quadruplet pregnancy - delivered""	""August 2019""	""unspecified""",
"""94399""",UNKNOWN,true,"""L355100""	1	0	0	0	""other obstetric pelvic organ damage - delivered""	""February 2009""	""unspecified""",
"""60744""",UNKNOWN,true,"""L115.11""	2	0	0	0	""antepartum haemorrhage with fibroid""	""February 2009""	""late pregnancy""",
"""68319""",UNKNOWN,true,"""L351300""	3	0	0	0	""rupture of uterus during/after labour with postnatal problem""	""February 2009""	""postnatal""",
"""48281""",UNKNOWN,true,"""Z22D200""	1204	0	8	0	""non-viable pregnancy""	""February 2009""	""unspecified""",
"""54609""",UNKNOWN,true,"""7E0F200""	8	0	0	0	""manual manipulation of non pregnant uterus""	""February 2009""	""early pregnancy""",
"""23169""",UNKNOWN,true,"""539Z.00""	0	0	0	14	""abdominal obstetric x-ray nos""	""February 2009""	""unspecified""",
"""111574""",UNKNOWN,true,"""L114z00""	2	0	0	0	""antepartum haemorrhage with trauma nos""	""December 2016""	""late pregnancy""",
"""37254""",UNKNOWN,true,"""Q030.00""	43	0	1	0	""fetus or neonate affected by breech delivery and extraction""	""February 2009""	""postnatal""",
"""62278""",UNKNOWN,true,"""L281400""	4	0	0	0	""premature rupture of membranes, labour delayed by therapy""	""February 2009""	""postnatal""",
"""3078""",UNKNOWN,true,"""Q032.00""	13796	0	680	0	""fetus or neonate affected by forceps delivery""	""February 2009""	""postnatal""",
"""29746""",UNKNOWN,true,"""8B75.00""	504	0	0	0	""vitamin supplement - pregnancy""	""February 2009""	""unspecified""",
"""19607""",UNKNOWN,true,"""L344000""	45	0	0	0	""unspecified perineal laceration during delivery, unspecified""	""February 2009""	""postnatal""",
"""42322""",UNKNOWN,true,"""Q213.00""	87	0	0	0	""liveborn with labour fetal distress""	""February 2009""	""postnatal""",
"""16611""",UNKNOWN,true,"""ZV22300""	7390	0	708	1	""[v]pregnant state, incidental""	""February 2009""	""early pregnancy""",
"""19600""",UNKNOWN,true,"""L341.00""	11280	0	16	0	""second degree perineal tear during delivery""	""February 2009""	""postnatal""",
"""1130""",UNKNOWN,true,"""L210.00""	14509	0	503	10	""twin pregnancy""	""February 2009""	""unspecified""",
"""114873""",UNKNOWN,true,"""Lyu2300""	3	0	0	0	""[x]infections of other parts of urinary tract in pregnancy""	""April 2020""	""unspecified""",
"""39576""",UNKNOWN,true,"""L343.00""	348	0	2	0	""fourth degree perineal tear during delivery""	""February 2009""	""postnatal""",
"""98639""",UNKNOWN,true,"""L43zz00""	9	0	0	0	""obstetric pulmonary embolism nos""	""March 2010""	""unspecified""",
"""99043""",UNKNOWN,true,"""L410600""	7	0	0	0	""varicose veins of legs in the puerperium""	""April 2010""	""postnatal""",
"""26201""",UNKNOWN,true,"""Z22AC00""	397	0	12	0	""pregnancy with uncertain dates""	""February 2009""	""unspecified""",
"""104509""",UNKNOWN,true,"""L267A00""	117	0	1	0	""placenta accreta""	""July 2012""	""late pregnancy""",
"""31280""",UNKNOWN,true,"""L340500""	105	0	12	0	""vulval tear during delivery""	""February 2009""	""postnatal""",
"""25545""",UNKNOWN,true,"""Z212300""	545	0	7	0	""delivery place booked""	""February 2009""	""postnatal""",
"""70242""",UNKNOWN,true,"""7F16700""	3	0	0	0	""barton forceps cephalic delivery with rotation""	""February 2009""	""postnatal""",
"""11817""",UNKNOWN,true,"""6G0..00""	635	0	19	0	""postnatal counselling""	""February 2009""	""postnatal""",
"""40703""",UNKNOWN,true,"""L169z00""	25	0	0	0	""herpes gestationis nos""	""February 2009""	""unspecified""",
"""71057""",UNKNOWN,true,"""L345100""	3	0	0	0	""vulval and perineal haematoma during delivery - delivered""	""February 2009""	""postnatal""",
"""101944""",UNKNOWN,true,"""L43z000""	2	0	0	0	""obstetric pulmonary embolism nos, unspecified""	""March 2011""	""unspecified""",
"""20320""",UNKNOWN,true,"""Q210.00""	392	0	180	0	""fetal death due to prelabour anoxia""	""February 2009""	""postnatal""",
"""116161""",UNKNOWN,true,"""L412100""	1	0	0	0	""superficial thrombophlebitis in pregnancy/puerperium -deliv""	""October 2022""	""postnatal""",
"""1279""",UNKNOWN,true,"""7F16.00""	66243	0	1412	1	""forceps cephalic delivery""	""February 2009""	""postnatal""",
"""116555""",UNKNOWN,true,"""L444z00""	1	0	0	0	""placental polyp nos""	""May 2024""	""late pregnancy""",
"""4979""",UNKNOWN,true,"""Eu53012""	629	0	15	0	""[x]postpartum depression nos""	""February 2009""	""postnatal""",
"""107794""",UNKNOWN,true,"""4H7Z.00""	0	0	0	1	""amniotic fetal cell study nos""	""March 2014""	""late pregnancy""",
"""52221""",UNKNOWN,true,"""L03y000""	18	0	0	0	""cervical pregnancy""	""February 2009""	""unspecified""",
"""23588""",UNKNOWN,true,"""L414200""	18	0	2	0	""postnatal deep vein thrombosis with postnatal complication""	""February 2009""	""postnatal""",
"""38616""",UNKNOWN,true,"""L442100""	6	0	1	0	""obstetric perineal wound disruption - deliv + p/n comp""	""February 2009""	""unspecified""",
"""34868""",UNKNOWN,true,"""L4...00""	334	0	3	0	""complications of the puerperium""	""February 2009""	""postnatal""",
"""112123""",UNKNOWN,true,"""L170400""	1	0	0	0	""maternal syphilis in puerperium - baby previously delivered""	""September 2017""	""postnatal""",
"""22976""",UNKNOWN,true,"""62B2.00""	1652	0	5	0	""home delivery booked""	""February 2009""	""postnatal""",
"""41414""",UNKNOWN,true,"""62B6.00""	135	0	1	0	""delivery booking place changed""	""February 2009""	""postnatal""",
"""34533""",UNKNOWN,true,"""8HV6.00""	57	0	127	0	""private referral to obstetrician""	""February 2009""	""unspecified""",
"""69814""",UNKNOWN,true,"""Q022000""	3	0	0	0	""fetus or neonate affected by placental dysfunction""	""February 2009""	""late pregnancy""",
"""16706""",UNKNOWN,true,"""ZV72400""	440	0	14	1	""[v]pregnancy examination or test, pregnancy unconfirmed""	""February 2009""	""unspecified""",
"""59650""",UNKNOWN,true,"""Z235300""	1	0	0	0	""transversely enlarged pregnant abdomen""	""February 2009""	""early pregnancy""",
"""69327""",UNKNOWN,true,"""L10yz00""	50	0	3	0	""other haemorrhage in early pregnancy nos""	""February 2009""	""unspecified""",
"""51956""",UNKNOWN,true,"""L212200""	1	0	0	0	""quadruplet pregnancy with antenatal problem""	""February 2009""	""early pregnancy""",
"""116710""",UNKNOWN,true,"""L168200""	0	0	0	0	""fatigue during pregnancy - delivered with postnatal comp""	""March 2025""	""postnatal""",
"""38440""",UNKNOWN,true,"""L462z00""	60	0	0	0	""breast engorgement in pregnancy/puerperium/lactation nos""	""February 2009""	""postnatal""",
"""114071""",UNKNOWN,true,"""L410300""	2	0	0	0	""varicose veins of legs in pregnancy/puerperium + a/n comp""	""August 2019""	""postnatal""",
"""10306""",UNKNOWN,true,"""Z22C314""	38873	0	1047	0	""weeks pregnant""	""February 2009""	""early pregnancy""",
"""45965""",UNKNOWN,true,"""Z22C311""	572	0	0	0	""pregnancy duration""	""February 2009""	""unspecified""",
"""43805""",UNKNOWN,true,"""Z22C312""	140	0	0	1	""duration of gestation""	""February 2009""	""unspecified""",
"""1492""",UNKNOWN,true,"""L36..00""	28264	0	1218	3	""postpartum haemorrhage (pph)""	""February 2009""	""postnatal""",
"""26055""",UNKNOWN,true,"""L263A00""	49	0	2	0	""maternal care for fetal bradycardia during pregnancy""	""February 2009""	""unspecified""",
"""66127""",UNKNOWN,true,"""L244211""	4	0	0	0	""cystocele - delivered with postpartum complication""	""February 2009""	""postnatal""",
"""57581""",UNKNOWN,true,"""L244212""	9	0	1	0	""rectocele - delivered with postpartum complication""	""February 2009""	""postnatal""",
"""35197""",UNKNOWN,true,"""8HLN.00""	107	0	669	0	""obstetric d.v. done""	""February 2009""	""unspecified""",
"""72465""",UNKNOWN,true,"""L246211""	4	0	0	0	""polyp of cervix - baby delivered+postpartum complication""	""February 2009""	""postnatal""",
"""44261""",UNKNOWN,true,"""L353.11""	58	0	0	0	""laceration of cervix - obstetric""	""February 2009""	""unspecified""",
"""6217""",UNKNOWN,true,"""ZV24.11""	14377	0	46	3	""[v]postnatal care and examination""	""February 2009""	""postnatal""",
"""104873""",UNKNOWN,true,"""L143.00""	55	0	0	0	""premature labour and delivery""	""August 2012""	""postnatal""",
"""61301""",UNKNOWN,true,"""L10y000""	50	0	3	0	""other haemorrhage in early pregnancy unspecified""	""February 2009""	""unspecified""",
"""104205""",UNKNOWN,true,"""7F2A100""	8	0	0	0	""obstetric uterine artery doppler""	""June 2012""	""unspecified""",
"""50283""",UNKNOWN,true,"""L44z.00""	30	0	1	0	""complications of the puerperium nos""	""February 2009""	""postnatal""",
"""102802""",UNKNOWN,true,"""7F2By00""	8	0	0	1	""other specified obstetric ultrasound monitoring""	""August 2011""	""unspecified""",
"""10261""",UNKNOWN,true,"""L2...00""	464	0	26	2	""risk factors in pregnancy""	""February 2009""	""unspecified""",
"""106268""",UNKNOWN,true,"""8IEc.00""	895	0	0	0	""pertussis vaccination in pregnancy declined""	""June 2013""	""unspecified""",
"""24944""",UNKNOWN,true,"""L163300""	19	0	4	0	""pregnancy care of habitual aborter""	""February 2009""	""unspecified""",
"""107196""",UNKNOWN,true,"""B911.00""	1	0	0	0	""neoplasm of uncertain behaviour of placenta""	""October 2013""	""late pregnancy""",
"""41747""",UNKNOWN,true,"""L44yz00""	11	0	2	0	""other complications of the puerperium nos""	""February 2009""	""postnatal""",
"""101980""",UNKNOWN,true,"""65QG.00""	59	0	0	12	""antenatal screening shows non sig haemoglobinopathy carrier""	""April 2011""	""early pregnancy""",
"""44828""",UNKNOWN,true,"""L263200""	1	0	0	0	""fetal distress with antenatal problem""	""February 2009""	""early pregnancy""",
"""115090""",UNKNOWN,true,"""Z286.00""	1	0	0	0	""pelvis adequate for delivery""	""August 2020""	""postnatal""",
"""73935""",UNKNOWN,true,"""Lyu7500""	4	0	0	0	""[x]obstetric death of unspecified cause""	""February 2009""	""unspecified""",
"""89557""",UNKNOWN,true,"""L092300""	6	0	0	0	""cervix damage following abortive pregnancy""	""February 2009""	""unspecified""",
"""108595""",UNKNOWN,true,"""9Nij.00""	228	0	0	0	""did not attend postnatal examination""	""September 2014""	""postnatal""",
"""93762""",UNKNOWN,true,"""B42..00""	8	0	0	0	""malignant neoplasm of placenta""	""February 2009""	""late pregnancy""",
"""41961""",UNKNOWN,true,"""L171.00""	17	0	0	0	""maternal gonorrhoea during pregnancy/childbirth/puerperium""	""February 2009""	""postnatal""",
"""50847""",UNKNOWN,true,"""L398600""	115	0	0	0	""caesarean delivery following previous caesarean delivery""	""February 2009""	""postnatal""",
"""34299""",UNKNOWN,true,"""L240.00""	169	0	5	0	""congenital abnormality of uterus in preg/childbirth/puerp""	""February 2009""	""postnatal""",
"""16752""",UNKNOWN,true,"""ZV72900""	10877	0	73	26	""[v]pregnancy examination and test""	""February 2009""	""unspecified""",
"""57891""",UNKNOWN,true,"""7F23.00""	194	0	0	0	""immediate repair of obstetric laceration""	""February 2009""	""unspecified""",
"""58142""",UNKNOWN,true,"""L16A000""	78	0	0	0	""glycosuria during pregnancy unspecified""	""February 2009""	""unspecified""",
"""61835""",UNKNOWN,true,"""L161z00""	2973	0	0	0	""oedema or excessive weight gain in pregnancy nos""	""February 2009""	""unspecified""",
"""14765""",UNKNOWN,true,"""L462400""	52	0	1	0	""breast engorgement in pregnancy/puerperium/lact + p/n comp""	""February 2009""	""postnatal""",
"""18287""",UNKNOWN,true,"""7F22500""	181	0	0	0	""normal delivery of placenta""	""February 2009""	""late pregnancy""",
"""20718""",UNKNOWN,true,"""L412211""	142	0	0	0	""phlebitis - postpartum""	""February 2009""	""postnatal""",
"""39636""",UNKNOWN,true,"""L412212""	47	0	1	0	""puerperal phlebitis""	""February 2009""	""postnatal""",
"""19604""",UNKNOWN,true,"""L342000""	246	0	0	0	""third degree perineal tear during delivery, unspecified""	""February 2009""	""postnatal""",
"""2943""",UNKNOWN,true,"""L222.11""	1244	0	34	0	""assisted breech delivery""	""February 2009""	""postnatal""",
"""15633""",UNKNOWN,true,"""L182000""	176	0	0	0	""anaemia - unspecified whether in pregnancy or the puerperium""	""February 2009""	""postnatal""",
"""23995""",UNKNOWN,true,"""L15..11""	46	0	5	0	""post-term pregnancy""	""February 2009""	""late pregnancy""",
"""23664""",UNKNOWN,true,"""63E..00""	8435	0	1413	0	""labour details""	""February 2009""	""postnatal""",
"""108135""",UNKNOWN,true,"""9Nj8.11""	535	0	0	0	""failed encounter - sms text message delivery failure""	""June 2014""	""postnatal""",
"""28126""",UNKNOWN,true,"""L11..12""	378	0	14	0	""antepartum bleeding""	""February 2009""	""late pregnancy""",
"""2787""",UNKNOWN,true,"""L11..11""	6322	0	1176	3	""antepartum haemorrhage""	""February 2009""	""late pregnancy""",
"""73757""",UNKNOWN,true,"""L247z00""	6	0	0	0	""vaginal abnormality in pregnancy/childbirth/puerperium nos""	""February 2009""	""postnatal""",
"""111888""",UNKNOWN,true,"""Lyu3700""	1	0	0	0	""[x]maternal care/other(suspected)fetal abnormality+damage""	""June 2017""	""unspecified""",
"""99389""",UNKNOWN,true,"""L460300""	2	0	0	0	""retracted nipple in pregnancy/puerperium/lact with a/n comp""	""May 2010""	""postnatal""",
"""11532""",UNKNOWN,true,"""7F14.00""	4906	0	13	0	""breech extraction delivery""	""February 2009""	""postnatal""",
"""100675""",UNKNOWN,true,"""Lyu5700""	8	0	0	0	""[x]assisted single delivery, unspecified""	""September 2010""	""postnatal""",
"""54582""",UNKNOWN,true,"""L35zz00""	16	0	0	0	""obstetric trauma nos""	""February 2009""	""unspecified""",
"""35646""",UNKNOWN,true,"""L123z00""	180	0	0	0	""transient hypertension of pregnancy nos""	""February 2009""	""unspecified""",
"""32368""",UNKNOWN,true,"""Z22C400""	18	0	2	0	""duration of pregnancy at time of previous miscarriage""	""February 2009""	""unspecified""",
"""106136""",UNKNOWN,true,"""Q410200""	8	0	0	0	""fetal placental blood loss""	""May 2013""	""late pregnancy""",
"""8967""",UNKNOWN,true,"""7F19z00""	15779	0	9	0	""normal delivery nos""	""February 2009""	""postnatal""",
"""93895""",UNKNOWN,true,"""Z22B500""	2	0	0	0	""quintuplet pregnancy""	""February 2009""	""unspecified""",
"""114089""",UNKNOWN,true,"""L43y.00""	2	0	0	0	""other obstetric pulmonary embolism""	""August 2019""	""unspecified""",
"""22613""",UNKNOWN,true,"""Z248.00""	225	0	0	0	""normal labour""	""February 2009""	""postnatal""",
"""90775""",UNKNOWN,true,"""Z246.00""	1	0	0	0	""observation of measures of labour""	""February 2009""	""postnatal""",
"""65256""",UNKNOWN,true,"""L164.00""	7	0	2	0	""peripheral neuritis in pregnancy""	""February 2009""	""unspecified""",
"""67975""",UNKNOWN,true,"""L166.00""	2692	0	0	0	""genitourinary tract infections in pregnancy""	""February 2009""	""unspecified""",
"""113244""",UNKNOWN,true,"""L26zz00""	1	0	0	0	""feto-placental problems nos""	""February 2019""	""late pregnancy""",
"""27200""",UNKNOWN,true,"""4443.11""	2	0	0	155	""hpl - human placental lactogen level""	""February 2009""	""late pregnancy""",
"""103090""",UNKNOWN,true,"""Lyu3000""	1	0	0	0	""[x]other multiple gestation""	""October 2011""	""unspecified""",
"""36006""",UNKNOWN,true,"""L16z.00""	496	0	1	0	""pregnancy complication nos""	""February 2009""	""unspecified""",
"""111624""",UNKNOWN,true,"""9mL0.00""	7	0	0	0	""postnatal examination third invitation""	""January 2017""	""postnatal""",
"""24303""",UNKNOWN,true,"""9Ea..00""	313	0	32	0	""reason for termination of pregnancy""	""February 2009""	""unspecified""",
"""13965""",UNKNOWN,true,"""584..13""	8611	0	3760	57853	""ultra-sound scan - obstetric""	""February 2009""	""unspecified""",
"""61466""",UNKNOWN,true,"""Z22A211""	16	0	3	0	""hrp - high risk pregnancy""	""February 2009""	""unspecified""",
"""45091""",UNKNOWN,true,"""62Y..00""	15050	0	18	0	""routine antenatal care""	""February 2009""	""early pregnancy""",
"""7828""",UNKNOWN,true,"""Q432.00""	7074	0	29	0	""preterm delivery associated jaundice""	""February 2009""	""postnatal""",
"""26866""",UNKNOWN,true,"""L2y..00""	90	0	1	0	""other specified risk factors in pregnancy""	""February 2009""	""unspecified""",
"""72732""",UNKNOWN,true,"""L284.00""	15	0	0	0	""amniotic cavity infection""	""February 2009""	""late pregnancy""",
"""35855""",UNKNOWN,true,"""L15z.00""	2	0	0	0	""prolonged pregnancy nos""	""February 2009""	""unspecified""",
"""71862""",UNKNOWN,true,"""L323200""	1	0	0	0	""delayed delivery second twin with antenatal problem""	""February 2009""	""late pregnancy""",
"""2937""",UNKNOWN,true,"""L175.11""	253	0	45	23	""rubella contact in pregnancy""	""February 2009""	""unspecified""",
"""111784""",UNKNOWN,true,"""Z256.00""	3	0	0	0	""observation of third stage of labour""	""April 2017""	""postnatal""",
"""96747""",UNKNOWN,true,"""L360100""	6	0	0	0	""third-stage postpartum haemorrhage - deliv with p/n problem""	""April 2009""	""postnatal""",
"""96343""",UNKNOWN,true,"""7F26y00""	15	0	0	0	""other specified routine obstetric scan""	""April 2009""	""unspecified""",
"""97565""",UNKNOWN,true,"""Lyu3C00""	10	0	0	0	""[x]other placental disorders""	""September 2009""	""late pregnancy""",
"""100451""",UNKNOWN,true,"""7F24100""	3	0	0	0	""obstetric uterine tamponade""	""August 2010""	""unspecified""",
"""50421""",UNKNOWN,true,"""Z22A900""	303	0	48	0	""unwanted pregnancy""	""February 2009""	""unspecified""",
"""54687""",UNKNOWN,true,"""L51X.00""	12	0	0	0	""maternal care/known or suspected fetal problem,unspecifd""	""February 2009""	""unspecified""",
"""27019""",UNKNOWN,true,"""5841.00""	279	0	641	3658	""u-s obstetric scan requested""	""February 2009""	""unspecified""",
"""55757""",UNKNOWN,true,"""L16y200""	4	0	0	0	""other pregnancy complication - delivered with postnatal comp""	""February 2009""	""postnatal""",
"""88892""",UNKNOWN,true,"""Z262300""	6	0	0	0	""small placenta""	""February 2009""	""late pregnancy""",
"""86398""",UNKNOWN,true,"""Z262J00""	5	0	0	0	""placenta infected""	""February 2009""	""late pregnancy""",
"""67635""",UNKNOWN,true,"""L180000""	29	0	0	0	""diabetes mellitus - unspec whether in pregnancy/puerperium""	""February 2009""	""postnatal""",
"""15167""",UNKNOWN,true,"""L142.00""	2406	0	81	0	""early onset of delivery""	""February 2009""	""postnatal""",
"""28928""",UNKNOWN,true,"""L140.00""	171	0	3	0	""threatened premature labour""	""February 2009""	""postnatal""",
"""113657""",UNKNOWN,true,"""68NQ000""	43	0	0	0	""pertussis vaccination in pregnancy contraindicated""	""April 2019""	""unspecified""",
"""21543""",UNKNOWN,true,"""622..00""	5829	0	108	0	""antenatal care: gravida no.""	""February 2009""	""early pregnancy""",
"""51065""",UNKNOWN,true,"""62CZ.00""	31	0	0	0	""delivery booking - stay nos""	""February 2009""	""postnatal""",
"""103283""",UNKNOWN,true,"""L184200""	4	0	0	0	""mental disorder in the puerperium - baby delivered""	""November 2011""	""postnatal""",
"""71794""",UNKNOWN,true,"""L307200""	3	0	0	0	""other failed trial of labour with antenatal problem""	""February 2009""	""early pregnancy""",
"""58686""",UNKNOWN,true,"""L462000""	27	0	0	0	""breast engorgement in pregnancy/puerperium/lactation unspec""	""February 2009""	""postnatal""",
"""87848""",UNKNOWN,true,"""7F2Bz00""	42	0	1	2	""obstetric ultrasound monitoring nos""	""February 2009""	""unspecified""",
"""93205""",UNKNOWN,true,"""Z255F00""	3	0	0	0	""not pushing well in labour""	""February 2009""	""postnatal""",
"""33378""",UNKNOWN,true,"""7F15.00""	317	0	4	0	""other breech delivery""	""February 2009""	""postnatal""",
"""46097""",UNKNOWN,true,"""L111100""	65	0	2	0	""placenta praevia with haemorrhage - delivered""	""February 2009""	""late pregnancy""",
"""53937""",UNKNOWN,true,"""L395000""	698	0	0	0	""forceps delivery unspecified""	""February 2009""	""postnatal""",
"""55683""",UNKNOWN,true,"""Z262A00""	4	0	0	0	""placenta gritty""	""February 2009""	""late pregnancy""",
"""11986""",UNKNOWN,true,"""7E13300""	1750	0	10	0	""excision of ruptured ectopic tubal pregnancy""	""February 2009""	""unspecified""",
"""113401""",UNKNOWN,true,"""L354200""	4	0	0	0	""obstetric high vaginal laceration with postnatal problem""	""February 2019""	""postnatal""",
"""99660""",UNKNOWN,true,"""L300400""	45	0	0	0	""obstructed labour due to face presentation""	""June 2010""	""postnatal""",
"""68930""",UNKNOWN,true,"""L168100""	4	0	0	0	""fatigue during pregnancy - delivered""	""February 2009""	""unspecified""",
"""47686""",UNKNOWN,true,"""L181.00""	90	0	5	0	""thyroid dysfunction in pregnancy/childbirth/puerperium""	""February 2009""	""postnatal""",
"""97034""",UNKNOWN,true,"""67AE.00""	3813	0	2	0	""folic acid advice in first trimester of pregnancy""	""July 2009""	""unspecified""",
"""51432""",UNKNOWN,true,"""62FZ.00""	14	0	1	111	""antenatal amniocentesis nos""	""February 2009""	""early pregnancy""",
"""48274""",UNKNOWN,true,"""Q212200""	5	0	0	0	""liveborn with prelabour meconium in liquor""	""February 2009""	""postnatal""",
"""106737""",UNKNOWN,true,"""9mK2.00""	459	0	0	0	""pertussis vaccination in pregnancy invitation third letter""	""August 2013""	""unspecified""",
"""51639""",UNKNOWN,true,"""L241z11""	75	0	3	0	""uterine fibroid in pregnancy/childbirth/puerperium nos""	""February 2009""	""postnatal""",
"""40978""",UNKNOWN,true,"""Z22A700""	195	0	6	0	""surrogate pregnancy""	""February 2009""	""unspecified""",
"""90497""",UNKNOWN,true,"""L39z400""	2	0	0	0	""complications of labour and delivery nos with p/n problem""	""February 2009""	""postnatal""",
"""91278""",UNKNOWN,true,"""L357000""	31	0	0	0	""obstetric pelvic haematoma unspecified""	""February 2009""	""unspecified""",
"""18944""",UNKNOWN,true,"""7E07011""	318	0	5	0	""dilation cervix uteri & curettage for termination pregnancy""	""February 2009""	""unspecified""",
"""23994""",UNKNOWN,true,"""7F15100""	1840	0	3	0	""assisted breech delivery""	""February 2009""	""postnatal""",
"""69076""",UNKNOWN,true,"""Q031300""	8	0	0	0	""fetus/neonate affected by shoulder presentation - labour/del""	""February 2009""	""postnatal""",
"""102362""",UNKNOWN,true,"""389B.00""	477	0	84	0	""assessment for termination of pregnancy""	""June 2011""	""unspecified""",
"""97523""",UNKNOWN,true,"""68b..00""	2084	0	1	42	""antenatal screening status""	""August 2009""	""early pregnancy""",
"""28290""",UNKNOWN,true,"""L2A3.00""	83	0	2	0	""abnormal ultrasonic finding on antenatal screening of mother""	""February 2009""	""early pregnancy""",
"""55618""",UNKNOWN,true,"""ZV23600""	7	0	4	0	""[v]supervisn/pregnancy wth history insufficnt antenatal care""	""February 2009""	""early pregnancy""",
"""36226""",UNKNOWN,true,"""L2A1.00""	20	0	0	0	""abnormal biochemical finding on antenatal screen of mother""	""February 2009""	""early pregnancy""",
"""113236""",UNKNOWN,true,"""L228100""	1	0	0	0	""multiple pregnancy with malpresentation - delivered""	""January 2019""	""unspecified""",
"""60256""",UNKNOWN,true,"""Z254B00""	4	0	0	0	""brow delivery""	""February 2009""	""postnatal""",
"""60538""",UNKNOWN,true,"""L213100""	38	0	0	0	""multiple delivery, all by forceps and vacuum extractor""	""February 2009""	""postnatal""",
"""37038""",UNKNOWN,true,"""Z23D100""	43	0	1	0	""girth of pregnant abdomen""	""February 2009""	""early pregnancy""",
"""59168""",UNKNOWN,true,"""L267300""	62	0	0	0	""placental transfusion syndromes""	""February 2009""	""late pregnancy""",
"""96885""",UNKNOWN,true,"""7F07000""	9	0	0	0	""endoscop laser ablation placental arterio-venous anastomosis""	""May 2009""	""late pregnancy""",
"""15926""",UNKNOWN,true,"""7F15y00""	207	0	5	0	""other specified other breech delivery""	""February 2009""	""postnatal""",
"""54107""",UNKNOWN,true,"""L10z000""	54	0	4	0	""early pregnancy haemorrhage nos unspecified""	""February 2009""	""unspecified""",
"""93685""",UNKNOWN,true,"""4H4..00""	0	0	0	1	""amniotic fluid chemistry""	""February 2009""	""late pregnancy""",
"""42213""",UNKNOWN,true,"""Q021100""	86	0	0	0	""fetus or neonate affected by abruptio placentae""	""February 2009""	""late pregnancy""",
"""29631""",UNKNOWN,true,"""6222.00""	20241	0	109	0	""antenatal care: 2nd pregnancy""	""February 2009""	""early pregnancy""",
"""19259""",UNKNOWN,true,"""L267.00""	67	0	1	0	""other placental conditions""	""February 2009""	""late pregnancy""",
"""69356""",UNKNOWN,true,"""7L0D100""	36	0	0	0	""correction of obstetric palsy""	""February 2009""	""unspecified""",
"""95780""",UNKNOWN,true,"""Z262600""	8	0	0	0	""complete placenta at delivery""	""February 2009""	""late pregnancy""",
"""24373""",UNKNOWN,true,"""L37..00""	536	0	17	0	""retained placenta or membranes with no haemorrhage""	""February 2009""	""late pregnancy""",
"""70150""",UNKNOWN,true,"""Z246100""	44	0	0	0	""duration of labour""	""February 2009""	""postnatal""",
"""104989""",UNKNOWN,true,"""Q018.00""	3	0	0	0	""fetus or neonate affected by maternal postnatal depression""	""September 2012""	""postnatal""",
"""65702""",UNKNOWN,true,"""L38..00""	11	0	1	0	""complications of anaesthesia during labour and delivery""	""February 2009""	""postnatal""",
"""100502""",UNKNOWN,true,"""L413200""	3	0	0	0	""antenatal deep vein thrombosis with antenatal complication""	""August 2010""	""early pregnancy""",
"""106736""",UNKNOWN,true,"""9mK1.00""	986	0	0	0	""pertussis vaccination in pregnancy invitation second letter""	""August 2013""	""unspecified""",
"""105805""",UNKNOWN,true,"""Lyu6.00""	2	0	0	0	""[x]complications predominantly related to the puerperium""	""February 2013""	""postnatal""",
"""14686""",UNKNOWN,true,"""7F16z00""	29634	0	1084	0	""forceps cephalic delivery nos""	""February 2009""	""postnatal""",
"""27166""",UNKNOWN,true,"""4H5..00""	42	0	21	1566	""amniotic fluid afp""	""February 2009""	""late pregnancy""",
"""59296""",UNKNOWN,true,"""L140000""	23	0	0	0	""threatened premature labour unspecified""	""February 2009""	""postnatal""",
"""9294""",UNKNOWN,true,"""L292.00""	260	0	1	0	""maternal pyrexia during labour, unspecified""	""February 2009""	""postnatal""",
"""65555""",UNKNOWN,true,"""L132.00""	63	0	0	0	""late vomiting of pregnancy""	""February 2009""	""unspecified""",
"""107698""",UNKNOWN,true,"""Z236300""	1	0	0	0	""pregnant uterus displaced laterally""	""February 2014""	""early pregnancy""",
"""67052""",UNKNOWN,true,"""L344100""	23	0	0	0	""unspecified perineal laceration during delivery - delivered""	""February 2009""	""postnatal""",
"""4536""",UNKNOWN,true,"""621..11""	67798	0	9319	12	""pregnancy confirmed""	""February 2009""	""unspecified""",
"""111540""",UNKNOWN,true,"""L415500""	6	0	0	0	""other phlebitis in pregnancy""	""December 2016""	""unspecified""",
"""101959""",UNKNOWN,true,"""7E0B300""	2	0	0	0	""extraamniotic injection of abortifacient nec""	""March 2011""	""late pregnancy""",
"""103610""",UNKNOWN,true,"""9NkN.00""	20334	0	9	0	""seen in early pregnancy unit""	""January 2012""	""unspecified""",
"""61203""",UNKNOWN,true,"""L413z00""	37	0	0	0	""antenatal deep vein thrombosis nos""	""February 2009""	""early pregnancy""",
"""36340""",UNKNOWN,true,"""938..00""	22	0	0	0	""obstetric coop card""	""February 2009""	""unspecified""",
"""42384""",UNKNOWN,true,"""Q031400""	25	0	1	0	""fetus or neonate affected by transverse lie in labour/deliv""	""February 2009""	""postnatal""",
"""55304""",UNKNOWN,true,"""L131z00""	18	0	1	0	""hyperemesis gravidarum with metabolic disturbance nos""	""February 2009""	""early pregnancy""",
"""19327""",UNKNOWN,true,"""L411.11""	13	0	0	0	""perineal obstetric varicose veins""	""February 2009""	""unspecified""",
"""20496""",UNKNOWN,true,"""L411.12""	1103	0	14	0	""vulval obstetric varicose veins""	""February 2009""	""unspecified""",
"""70476""",UNKNOWN,true,"""L132100""	2	0	0	0	""late pregnancy vomiting - delivered""	""February 2009""	""unspecified""",
"""23456""",UNKNOWN,true,"""L412.00""	903	0	6	0	""superficial thrombophlebitis in pregnancy and the puerperium""	""February 2009""	""postnatal""",
"""55352""",UNKNOWN,true,"""7M0f.00""	8187	0	3	26	""gestational age""	""February 2009""	""unspecified""",
"""108013""",UNKNOWN,true,"""ZC2CB00""	7	0	0	0	""dietary advice for gestational diabetes""	""May 2014""	""unspecified""",
"""100578""",UNKNOWN,true,"""L255200""	2	0	0	0	""fetus with drug damage with antenatal problem""	""August 2010""	""early pregnancy""",
"""32493""",UNKNOWN,true,"""Z22AD00""	186	0	12	0	""presentation of pregnancy""	""February 2009""	""unspecified""",
"""44729""",UNKNOWN,true,"""L031000""	256	0	0	0	""fallopian tube pregnancy""	""February 2009""	""unspecified""",
"""11194""",UNKNOWN,true,"""Z257.12""	6682	0	0	0	""spontaneous vaginal delivery""	""February 2009""	""postnatal""",
"""25681""",UNKNOWN,true,"""Z257.13""	11033	0	1	0	""svd - spontaneous vaginal delivery""	""February 2009""	""postnatal""",
"""9383""",UNKNOWN,true,"""Z257.11""	14046	0	16	0	""normal delivery""	""February 2009""	""postnatal""",
"""17492""",UNKNOWN,true,"""Z257.14""	56998	0	0	0	""ftnd - full term normal delivery""	""February 2009""	""postnatal""",
"""43140""",UNKNOWN,true,"""67A2.00""	3090	0	20	0	""diet in pregnancy advice""	""February 2009""	""unspecified""",
"""31780""",UNKNOWN,true,"""L222.13""	74	0	0	0	""spontaneous breech delivery""	""February 2009""	""postnatal""",
"""115193""",UNKNOWN,true,"""Z253.11""	3	0	0	0	""speed of delivery""	""October 2020""	""postnatal""",
"""23418""",UNKNOWN,true,"""L28y.13""	619	0	213	0	""amniotic fluid leaking""	""February 2009""	""late pregnancy""",
"""27650""",UNKNOWN,true,"""L384.00""	152	0	0	0	""obstetric spinal and epidural anaesthesia-induced headache""	""February 2009""	""unspecified""",
"""63755""",UNKNOWN,true,"""L451000""	40	0	1	0	""obstetric breast abscess unspecified""	""February 2009""	""unspecified""",
"""67377""",UNKNOWN,true,"""L463z00""	20	0	0	0	""other breast disorder in pregnancy/puerperium/lactation nos""	""February 2009""	""postnatal""",
"""72757""",UNKNOWN,true,"""Q007100""	18	0	0	0	""fetus/neonate affected by placental/breast transfer alcohol""	""February 2009""	""late pregnancy""",
"""50137""",UNKNOWN,true,"""L443.00""	99	0	3	0	""other complication of obstetric surgical wound""	""February 2009""	""unspecified""",
"""21526""",UNKNOWN,true,"""L123500""	5875	0	21	0	""gestational hypertension""	""February 2009""	""unspecified""",
"""91888""",UNKNOWN,true,"""L181300""	10	0	1	0	""thyroid dysfunction in pregnancy - baby not yet delivered""	""February 2009""	""unspecified""",
"""103000""",UNKNOWN,true,"""L29yz00""	1	0	0	0	""other problems affecting labour nos""	""September 2011""	""postnatal""",
"""51296""",UNKNOWN,true,"""Q03y200""	52	0	0	0	""fetus or neonate affected by induction of labour""	""February 2009""	""postnatal""",
"""23403""",UNKNOWN,true,"""445Z.00""	3016	0	388	2871	""serum pregnancy test nos""	""February 2009""	""unspecified""",
"""12837""",UNKNOWN,true,"""7F2B100""	10316	0	1402	6	""ultrasound monitoring of early pregnancy""	""February 2009""	""unspecified""",
"""30351""",UNKNOWN,true,"""67A6.00""	912	0	2	0	""drugs in pregnancy advice""	""February 2009""	""unspecified""",
"""94736""",UNKNOWN,true,"""L096600""	9	0	0	0	""septic embolism following abortive pregnancy""	""February 2009""	""unspecified""",
"""15567""",UNKNOWN,true,"""6218.00""	11601	0	5481	1	""pregnant -unplanned-not wanted""	""February 2009""	""early pregnancy""",
"""116102""",UNKNOWN,true,"""L28yz00""	1	0	0	0	""other problem of amniotic cavity and membranes nos""	""July 2022""	""late pregnancy""",
"""94353""",UNKNOWN,true,"""L175000""	6	0	0	0	""maternal rubella, unspecified whether pregnancy/puerperium""	""February 2009""	""postnatal""",
"""64127""",UNKNOWN,true,"""L121000""	7	0	0	0	""renal hypertension in pregnancy/childbirth/puerp unspecified""	""February 2009""	""postnatal""",
"""99594""",UNKNOWN,true,"""L415000""	1	0	0	0	""other phlebitis/thrombosis in pregnancy/puerperium unsp""	""May 2010""	""postnatal""",
"""62318""",UNKNOWN,true,"""7F17300""	4	0	0	0	""trial of vacuum delivery""	""February 2009""	""postnatal""",
"""97272""",UNKNOWN,true,"""L401200""	1	0	0	0	""puerperal salpingitis with postnatal complication""	""August 2009""	""postnatal""",
"""50093""",UNKNOWN,true,"""L093000""	8	0	1	0	""oliguria following abortive pregnancy""	""February 2009""	""unspecified""",
"""69433""",UNKNOWN,true,"""L393200""	3	0	0	0	""post-delivery acute renal failure with postnatal problem""	""February 2009""	""postnatal""",
"""72944""",UNKNOWN,true,"""L176.00""	6	0	0	0	""other maternal viral dis. in pregnancy/childbirth/puerperium""	""February 2009""	""postnatal""",
"""49390""",UNKNOWN,true,"""L174.00""	5	0	0	0	""maternal malaria in pregnancy, childbirth and the puerperium""	""February 2009""	""postnatal""",
"""97629""",UNKNOWN,true,"""L246z00""	6	0	1	0	""other cervical abnormality in pregnancy/childbirth/puerp nos""	""September 2009""	""postnatal""",
"""26690""",UNKNOWN,true,"""623Z.00""	1237	0	6	1	""a/n care: obstetric risk nos""	""February 2009""	""unspecified""",
"""57419""",UNKNOWN,true,"""L167100""	7	0	0	0	""liver disorder in pregnancy - delivered""	""February 2009""	""unspecified""",
"""112841""",UNKNOWN,true,"""7F1B500""	1	0	0	0	""deinfibulation of vulva to facilitate delivery""	""August 2018""	""postnatal""",
"""73927""",UNKNOWN,true,"""L175z00""	8	0	0	0	""maternal rubella in pregnancy/childbirth/puerperium nos""	""February 2009""	""postnatal""",
"""33724""",UNKNOWN,true,"""L03z.00""	1739	0	22	0	""ectopic pregnancy nos""	""February 2009""	""unspecified""",
"""109789""",UNKNOWN,true,"""9mL1.00""	25	0	0	0	""postnatal examination second invitation""	""June 2015""	""postnatal""",
"""28830""",UNKNOWN,true,"""Z242.00""	22	0	0	0	""labour not established""	""February 2009""	""postnatal""",
"""54089""",UNKNOWN,true,"""L466000""	70	0	0	0	""galactorrhoea in pregnancy and the puerperium unspecified""	""February 2009""	""postnatal""",
"""20118""",UNKNOWN,true,"""62O..12""	257	0	28	0	""static weight gain pregnancy""	""February 2009""	""unspecified""",
"""66567""",UNKNOWN,true,"""L122.00""	19	0	0	0	""other pre-existing hypertension in preg/childbirth/puerp""	""February 2009""	""postnatal""",
"""94718""",UNKNOWN,true,"""L121z00""	1	0	0	0	""renal hypertension in pregnancy/childbirth/puerperium nos""	""February 2009""	""postnatal""",
"""73899""",UNKNOWN,true,"""4H53.00""	2	0	1	36	""amniotic fluid afp abnormal""	""February 2009""	""late pregnancy""",
"""112558""",UNKNOWN,true,"""L412300""	3	0	0	0	""superficial thrombophlebitis in preg/puerperium + a/n comp""	""April 2018""	""postnatal""",
"""104206""",UNKNOWN,true,"""L29z000""	1	0	0	0	""problems affecting labour nos unspecified""	""June 2012""	""postnatal""",
"""71251""",UNKNOWN,true,"""L361.00""	216	0	0	0	""other immediate postpartum haemorrhage""	""February 2009""	""postnatal""",
"""100892""",UNKNOWN,true,"""Lyu2400""	1	0	0	0	""[x]other+unspcf genitourinary tract infection in pregnancy""	""November 2010""	""unspecified""",
"""52151""",UNKNOWN,true,"""Lyu4800""	35	0	2	0	""[x]labour+delivery complicat/oth evidence of fetal distress""	""February 2009""	""postnatal""",
"""49617""",UNKNOWN,true,"""622Z.00""	3711	0	2	0	""antenatal care: gravida nos""	""February 2009""	""early pregnancy""",
"""39319""",UNKNOWN,true,"""8HE7.00""	299	0	82	0	""discharged from hospital within 6 hours of delivery""	""February 2009""	""postnatal""",
"""127""",UNKNOWN,true,"""62...00""	1811313	0	312392	2925	""patient pregnant""	""February 2009""	""early pregnancy""",
"""27670""",UNKNOWN,true,"""L255300""	31	0	2	0	""maternal care for (suspected) damage to fetus from alcohol""	""February 2009""	""unspecified""",
"""28312""",UNKNOWN,true,"""L466z00""	226	0	0	0	""galactorrhoea in pregnancy and the puerperium nos""	""February 2009""	""postnatal""",
"""92824""",UNKNOWN,true,"""Q031z11""	2	0	0	0	""fetus or neonate affected by obstructed labour nec""	""February 2009""	""postnatal""",
"""99473""",UNKNOWN,true,"""Q007.00""	1	0	0	0	""fetus/neonate affected by poison transferred placenta/breast""	""May 2010""	""late pregnancy""",
"""73048""",UNKNOWN,true,"""7F14y00""	28	0	0	0	""other specified breech extraction delivery""	""February 2009""	""postnatal""",
"""105918""",UNKNOWN,true,"""L09y400""	2	0	0	0	""urinary tract infection following abortive pregnancy""	""April 2013""	""unspecified""",
"""59264""",UNKNOWN,true,"""4452.00""	0	0	0	27	""serum pregnancy test equivocal""	""February 2009""	""unspecified""",
"""9542""",UNKNOWN,true,"""L265311""	837	0	21	0	""maternal care for intrauterine growth retardation""	""February 2009""	""unspecified""",
"""28700""",UNKNOWN,true,"""7F1..11""	7	0	0	0	""labour operations""	""February 2009""	""postnatal""",
"""17000""",UNKNOWN,true,"""8HTA.00""	209	0	125	0	""referral to postnatal clinic""	""February 2009""	""postnatal""",
"""112796""",UNKNOWN,true,"""L257200""	2	0	0	0	""fetus with damage due to iucd with antenatal problem""	""July 2018""	""early pregnancy""",
"""43628""",UNKNOWN,true,"""L247011""	7	0	0	0	""septate vagina affecting obstetric care""	""February 2009""	""unspecified""",
"""30326""",UNKNOWN,true,"""L090000""	358	0	4	0	""endometritis following abortive pregnancy""	""February 2009""	""unspecified""",
"""24018""",UNKNOWN,true,"""L442.00""	727	0	35	2	""obstetric perineal wound disruption""	""February 2009""	""unspecified""",
"""109452""",UNKNOWN,true,"""7F1By00""	1	0	0	0	""other specified other operation to facilitate delivery""	""March 2015""	""postnatal""",
"""11988""",UNKNOWN,true,"""8H57.00""	82908	0	116441	0	""obstetric referral""	""February 2009""	""unspecified""",
"""11204""",UNKNOWN,true,"""271..12""	741	0	5	0	""o/e - uterus size - obstetric""	""February 2009""	""unspecified""",
"""72836""",UNKNOWN,true,"""Q007w00""	2	0	0	0	""fetus/neonate affected-placenta/breast transfer medicine nec""	""February 2009""	""late pregnancy""",
"""13672""",UNKNOWN,true,"""8HHf.00""	6918	0	8037	0	""refer to early pregnancy unit""	""February 2009""	""unspecified""",
"""30001""",UNKNOWN,true,"""L313.00""	106	0	2	0	""precipitate labour""	""February 2009""	""postnatal""",
"""47542""",UNKNOWN,true,"""L362200""	17	0	1	0	""secondary postpartum haemorrhage with postnatal problem""	""February 2009""	""postnatal""",
"""23583""",UNKNOWN,true,"""L112100""	256	0	13	0	""placental abruption - delivered""	""February 2009""	""late pregnancy""",
"""26873""",UNKNOWN,true,"""L413.11""	413	0	10	0	""dvt - deep venous thrombosis, antenatal""	""February 2009""	""early pregnancy""",
"""50774""",UNKNOWN,true,"""4H45.00""	2	0	0	35	""amniotic fluid cholinesterase""	""February 2009""	""late pregnancy""",
"""104716""",UNKNOWN,true,"""Z255E11""	2	0	0	0	""pushing well in labour""	""August 2012""	""postnatal""",
"""38022""",UNKNOWN,true,"""Z22CF00""	84	0	0	0	""date symptom of pregnancy first noted""	""February 2009""	""unspecified""",
"""69365""",UNKNOWN,true,"""L30z100""	2	0	0	0	""obstructed labour nos - delivered""	""February 2009""	""postnatal""",
"""68577""",UNKNOWN,true,"""Q037100""	1	0	0	0	""fetus or neonate affected by hypertonic labour""	""February 2009""	""postnatal""",
"""98918""",UNKNOWN,true,"""Z247100""	2	0	0	0	""expulsion of iucd during third stage of labour""	""April 2010""	""postnatal""",
"""52011""",UNKNOWN,true,"""7F04.11""	3	0	0	0	""diagnostic percutaneous examination of placenta""	""February 2009""	""late pregnancy""",
"""69703""",UNKNOWN,true,"""L185100""	2	0	0	0	""congenital cardiovasc dis in pregnancy - baby delivered""	""February 2009""	""unspecified""",
"""32073""",UNKNOWN,true,"""L0...00""	1510	0	4	0	""pregnancy with abortive outcome""	""February 2009""	""unspecified""",
"""64292""",UNKNOWN,true,"""L16y300""	10	0	0	0	""other pregnancy complication - not delivered""	""February 2009""	""unspecified""",
"""62600""",UNKNOWN,true,"""L29zz00""	2	0	0	0	""problems affecting labour nos""	""February 2009""	""postnatal""",
"""112625""",UNKNOWN,true,"""L39y000""	3	0	0	0	""other complications of labour and delivery unspecified""	""April 2018""	""postnatal""",
"""24067""",UNKNOWN,true,"""L110.00""	559	0	8	0	""placenta praevia without haemorrhage""	""February 2009""	""late pregnancy""",
"""69911""",UNKNOWN,true,"""L18zz00""	8	0	0	0	""medical condition nos in pregnancy/childb/puerp nos""	""February 2009""	""unspecified""",
"""8067""",UNKNOWN,true,"""L112.00""	2199	0	15	0	""placental abruption""	""February 2009""	""late pregnancy""",
"""112108""",UNKNOWN,true,"""L093300""	1	0	0	0	""renal tubular necrosis following abortive pregnancy""	""September 2017""	""unspecified""",
"""70132""",UNKNOWN,true,"""L11yz00""	17	0	0	0	""other antepartum haemorrhage nos""	""February 2009""	""late pregnancy""",
"""69920""",UNKNOWN,true,"""L39z.00""	36	0	0	0	""complications of labour and delivery nos""	""February 2009""	""postnatal""",
"""30929""",UNKNOWN,true,"""ZV24.00""	3091	0	6	0	""[v]postpartum care and examination""	""February 2009""	""postnatal""",
"""57652""",UNKNOWN,true,"""L343z00""	38	0	0	0	""fourth degree perineal tear during delivery nos""	""February 2009""	""postnatal""",
