code,code_system,include,term,notes
"""prodcode""",UNKNOWN,true,"""therapyevents""	""productname""	""ingredient""	""strength""	""formulation""	""route""	""bnftext""	""Antihypertensives""",
"""91314""",UNKNOWN,true,"9	""Bimatoprost 300micrograms/ml / Timolol 5mg/ml eye drops (Aspire Pharma Ltd)""	""Timolol""	""300microgram/1ml + 5mg/1ml""	""Eye drops""	""Ocular""	""Prostaglandin Analogues (In Glaucoma)""	""Timolol""",
"""709""",UNKNOWN,true,"11121766	""Ramipril 2.5mg capsules""	""Ramipril""	""2.5mg""	""Oral capsule""	""Oral""	""Angiotensin-Converting Enzyme Inhibitors (ACE Inhibitors)""	""Ramipril""",
"""47018""",UNKNOWN,true,"2733	""Spironolactone 25mg/5ml oral suspension""	""Spironolactone""	""5mg/1ml""	""Oral suspension""	""Oral""	""Potassium-Sparing Diuretics And Aldosterone Antagonists""	""Spironolactone""",
"""83544""",UNKNOWN,true,"21	""Spironolactone oral solution""	""Spironolactone""	NA	""Oral solution""	""Oral""	""Potassium-Sparing Diuretics And Aldosterone Antagonists""	""Spironolactone""",
"""17462""",UNKNOWN,true,"773	""Bisoprolol 10mg / Hydrochlorothiazide 6.25mg tablets""	""Hydrochlorothiazide""	""10mg + 6.25mg""	""Oral tablet""	""Oral""	""Unknown""	""Hydrochlorothiazide""",
"""28586""",UNKNOWN,true,"9684	""Lopace 5mg capsules (Discovery Pharmaceuticals)""	""Ramipril""	""5mg""	""Oral capsule""	""Oral""	""Angiotensin-Converting Enzyme Inhibitors (ACE Inhibitors)""	""Ramipril""",
"""85283""",UNKNOWN,true,"0	""Cosopt 20mg/ml / 5mg/ml eye drops 0.2ml unit dose preservative free (CST Pharma Ltd)""	""Timolol""	""5mg/1ml + 20mg/1ml""	""Eye drops""	""Ocular""	""Beta-Blockers (In Glaucoma)/Carbonic Anhydrase Inhibitors And Systemic Drugs (In Glaucoma)""	""Timolol""",
"""15121""",UNKNOWN,true,"1992	""Moexipril 7.5mg tablets""	""Moexipril""	""7.5mg""	""Oral tablet""	""Oral""	""Angiotensin-Converting Enzyme Inhibitors (ACE Inhibitors)""	""Moexipril""",
"""42908""",UNKNOWN,true,"58	""Enalapril 5mg tablets (IVAX Pharmaceuticals UK Ltd)""	""Enalapril""	""5mg""	""Oral tablet""	""Oral""	""Angiotensin-Converting Enzyme Inhibitors (ACE Inhibitors)""	""Enalapril""",
"""86378""",UNKNOWN,true,"2	""Bedranol 160mg tablets (Ennogen Pharma Ltd)""	""Propranolol""	""160mg""	""Oral tablet""	""Oral""	""Beta-Adrenoceptor Blockers/Prophylaxis Of Migraine/Drugs For Essential Tremor, Chorea, Tics, And Related Disorders/Antithyroid Products""	""Propranolol""",
"""53033""",UNKNOWN,true,"0	""Doxzogen XL 4mg tablets (Viatris UK Healthcare Ltd)""	""Doxazosin""	""4mg""	""Modified-release tablet""	""Oral""	""Alpha-Adrenoceptor Blockers/Alpha-Blockers (In Urinary Retention)""	""Doxazosin""",
"""28949""",UNKNOWN,true,"55	""Bi-carzem sr 120mg Modified-release capsule (Tillomed Laboratories Ltd)""	""Diltiazem""	""120mg""	""Modified-Release Capsule""	""Oral""	""Calcium-Channel Blockers""	""Diltiazem""",
"""26237""",UNKNOWN,true,"84	""Alphavase 500microgram Tablet (Ashbourne Pharmaceuticals Ltd)""	""Prazosin""	""500microgram""	""Oral tablet""	""Oral""	""Alpha-Adrenoceptor Blockers/Alpha-Blockers (In Urinary Retention)""	""Prazosin""",
"""74627""",UNKNOWN,true,"16	""Captopril 25mg Tablet (C P Pharmaceuticals Ltd)""	""Captopril""	""25mg""	""Oral tablet""	""Oral""	""Angiotensin-Converting Enzyme Inhibitors (ACE Inhibitors)""	""Captopril""",
"""64907""",UNKNOWN,true,"1	""Bendroflumethiazide 5mg tablets (Almus Pharmaceuticals Ltd)""	""Bendroflumethiazide""	""5mg""	""Oral tablet""	""Oral""	""Thiazides And Related Diuretics""	""Bendroflumethiazide""",
"""81042""",UNKNOWN,true,"33	""Propranolol 40mg/5ml oral solution sugar free (Syri Ltd)""	""Propranolol""	""8mg/1ml""	""Oral solution""	""Oral""	""Beta-Adrenoceptor Blockers/Prophylaxis Of Migraine/Drugs For Essential Tremor, Chorea, Tics, And Related Disorders/Antithyroid Products""	""Propranolol""",
"""24228""",UNKNOWN,true,"2704	""Nimodrel 20mg modified-release tablet (Opus Pharmaceuticals Ltd)""	""Nifedipine""	""20mg""	""Modified-Release Tablet""	""Oral""	""Calcium-Channel Blockers""	""Nifedipine""",
"""34382""",UNKNOWN,true,"9	""Ramipril 5mg capsules (Zentiva Pharma UK Ltd)""	""Ramipril""	""5mg""	""Oral capsule""	""Oral""	""Angiotensin-Converting Enzyme Inhibitors (ACE Inhibitors)""	""Ramipril""",
"""26252""",UNKNOWN,true,"40	""Berkatens 160mg Tablet (Berk Pharmaceuticals Ltd)""	""Verapamil""	""160mg""	""Oral tablet""	""Oral""	""Supraventricular Arrhythmias/Calcium-Channel Blockers""	""Verapamil""",
"""1288""",UNKNOWN,true,"352142	""Tenoret 50mg/12.5mg tablets (Atnahs Pharma UK Ltd)""	""Chlortalidone/Atenolol""	""12.5mg + 50mg""	""Oral tablet""	""Oral""	""Thiazides And Related Diuretics/Beta-Adrenoceptor Blockers""	""Chlortalidone/Atenolol""",
"""24196""",UNKNOWN,true,"2434	""Dopamet 250mg Tablet (Berk Pharmaceuticals Ltd)""	""Methyldopa""	""250mg""	""Oral tablet""	""Oral""	""Centrally Acting Antihypertensive Products""	""Methyldopa""",
"""1294""",UNKNOWN,true,"5668475	""Doxazosin 4mg tablets""	""Doxazosin""	""4mg""	""Oral tablet""	""Oral""	""Alpha-Adrenoceptor Blockers/Alpha-Blockers (In Urinary Retention)""	""Doxazosin""",
"""52017""",UNKNOWN,true,"267	""Adalat LA 30 tablets (Mawdsley-Brooks & Company Ltd)""	""Nifedipine""	""30mg""	""Modified-release tablet""	""Oral""	""Calcium-Channel Blockers""	""Nifedipine""",
"""40257""",UNKNOWN,true,"111302	""Azarga 10mg/ml / 5mg/ml eye drops (Novartis Pharmaceuticals UK Ltd)""	""Timolol""	""5mg/1ml + 10mg/1ml""	""Eye drops""	""Ocular""	""Carbonic Anhydrase Inhibitors And Systemic Drugs (In Glaucoma)""	""Timolol""",
"""5181""",UNKNOWN,true,"12519	""Angiopine MR 20mg tablets (Ashbourne Pharmaceuticals Ltd)""	""Nifedipine""	""20mg""	""Modified-release tablet""	""Oral""	""Calcium-Channel Blockers""	""Nifedipine""",
"""57658""",UNKNOWN,true,"0	""Ramipril 1.25mg tablets (A A H Pharmaceuticals Ltd)""	""Ramipril""	""1.25mg""	""Oral tablet""	""Oral""	""Angiotensin-Converting Enzyme Inhibitors (ACE Inhibitors)""	""Ramipril""",
"""38995""",UNKNOWN,true,"25570	""Zestoretic 20 tablets (Atnahs Pharma UK Ltd)""	""Hydrochlorothiazide/Lisinopril""	""20mg + 12.5mg""	""Oral tablet""	""Oral""	""Thiazides And Related Diuretics/Angiotensin-Converting Enzyme Inhibitors (ACE Inhibitors)""	""Hydrochlorothiazide/Lisinopril""",
"""48214""",UNKNOWN,true,"0	""Perindopril erbumine 4mg tablets (Actavis UK Ltd)""	""Perindopril""	""4mg""	""Oral tablet""	""Oral""	""Angiotensin-Converting Enzyme Inhibitors (ACE Inhibitors)""	""Perindopril""",
"""25965""",UNKNOWN,true,"181	""Co-amilofruse 2.5mg/20mg tablets (Wockhardt UK Ltd)""	""Amiloride""	""2.5mg + 20mg""	""Oral tablet""	""Oral""	""Potassium-Sparing Diuretics With Other Diuretics""	""Amiloride""",
"""60020""",UNKNOWN,true,"0	""Indapamide 1.5mg modified-release tablets (Waymade Healthcare Plc)""	""Indapamide""	""1.5mg""	""Modified-release tablet""	""Oral""	""Thiazides And Related Diuretics""	""Indapamide""",
"""4694""",UNKNOWN,true,"3054	""Terazosin 2mg tablets and Terazosin 1mg tablets""	""Terazosin""	NA	""Not applicable""	""Route of administration not applicable""	""Alpha-Adrenoceptor Blockers/Alpha-Blockers (In Urinary Retention)""	""Terazosin""",
"""68372""",UNKNOWN,true,"3	""Ramipril 5mg tablets (Accord-UK Ltd)""	""Ramipril""	""5mg""	""Oral tablet""	""Oral""	""Angiotensin-Converting Enzyme Inhibitors (ACE Inhibitors)""	""Ramipril""",
"""26788""",UNKNOWN,true,"1	""PROPRANOLOL 2.5 MG ELI""	""Propranolol""	NA	NA	NA	""Unknown""	""Propranolol""",
"""34227""",UNKNOWN,true,"1554	""Timolol 0.50% Eye drops (Lennon Pharmaceuticals)""	""Timolol""	""5mg/1ml""	""Eye drops""	""Ocular""	""Beta-Blockers (In Glaucoma)""	""Timolol""",
"""7338""",UNKNOWN,true,"34440	""Aprovel 75mg tablets (Sanofi)""	""Irbesartan""	""75mg""	""Oral tablet""	""Oral""	""Angiotensin-II Receptor Antagonists""	""Irbesartan""",
"""26217""",UNKNOWN,true,"1945	""Berkamil 5mg Tablet (Berk Pharmaceuticals Ltd)""	""Amiloride""	""5mg""	""Oral tablet""	""Oral""	""Potassium-Sparing Diuretics And Aldosterone Antagonists""	""Amiloride""",
"""74215""",UNKNOWN,true,"0	""Losartan 50mg / Hydrochlorothiazide 12.5mg tablets (DE Pharmaceuticals)""	""Hydrochlorothiazide/Losartan""	""50mg + 12.5mg""	""Oral tablet""	""Oral""	""Angiotensin-II Receptor Antagonists With Diuretic""	""Hydrochlorothiazide/Losartan""",
"""47998""",UNKNOWN,true,"19	""Ramipril 2.5mg capsules (Accord-UK Ltd)""	""Ramipril""	""2.5mg""	""Oral capsule""	""Oral""	""Angiotensin-Converting Enzyme Inhibitors (ACE Inhibitors)""	""Ramipril""",
"""22289""",UNKNOWN,true,"1	""GUANETHIDINE 3%/ADRENALINE 0.5% EYE""	""Guanethidine""	NA	NA	NA	""Unknown""	""Guanethidine""",
"""66517""",UNKNOWN,true,"1	""Bendroflumethiazide 1.25mg/5ml oral suspension""	""Bendroflumethiazide""	""250microgram/1ml""	""Oral suspension""	""Oral""	""Thiazides And Related Diuretics/Hypercalcaemia And Hypercalciuria""	""Bendroflumethiazide""",
"""76593""",UNKNOWN,true,"0	""Atenolol 25mg/5ml oral solution sugar free (DE Pharmaceuticals)""	""Atenolol""	""5mg/1ml""	""Oral solution""	""Oral""	""Beta-Adrenoceptor Blockers""	""Atenolol""",
"""52399""",UNKNOWN,true,"0	""Ramipril 1.25mg capsules (Kent Pharma (UK) Ltd)""	""Ramipril""	""1.25mg""	""Oral capsule""	""Oral""	""Angiotensin-Converting Enzyme Inhibitors (ACE Inhibitors)""	""Ramipril""",
"""56850""",UNKNOWN,true,"3	""Ecopace 12.5mg tablets (Advanz Pharma)""	""Captopril""	""12.5mg""	""Oral tablet""	""Oral""	""Angiotensin-Converting Enzyme Inhibitors (ACE Inhibitors)""	""Captopril""",
"""21182""",UNKNOWN,true,"5465	""Hydrochlorothiazide with timolol and amiloride 25mg with 10mg with 2.5mg Tablet""	""Hydrochlorothiazide/Amiloride/Timolol""	""25mg + 10mg + 2.5mg""	""Tablet""	""Oral""	""Thiazides And Related Diuretics/Beta-Adrenoceptor Blockers""	""Hydrochlorothiazide/Amiloride/Timolol""",
"""17902""",UNKNOWN,true,"358	""Spirolone 100mg Tablet (Berk Pharmaceuticals Ltd)""	""Spironolactone""	""100mg""	""Oral tablet""	""Oral""	""Potassium-Sparing Diuretics And Aldosterone Antagonists""	""Spironolactone""",
"""11983""",UNKNOWN,true,"2569	""Perindopril erbumine 4mg/5ml oral suspension""	""Perindopril""	""800microgram/1ml""	""Oral suspension""	""Oral""	""Angiotensin-Converting Enzyme Inhibitors (ACE Inhibitors)""	""Perindopril""",
"""34378""",UNKNOWN,true,"70	""Propranolol 10mg tablets (A A H Pharmaceuticals Ltd)""	""Propranolol""	""10mg""	""Oral tablet""	""Oral""	""Beta-Adrenoceptor Blockers/Prophylaxis Of Migraine/Drugs For Essential Tremor, Chorea, Tics, And Related Disorders/Antithyroid Products""	""Propranolol""",
"""11966""",UNKNOWN,true,"61939	""Motens 2mg tablets (GlaxoSmithKline UK Ltd)""	""Lacidipine""	""2mg""	""Oral tablet""	""Oral""	""Calcium-Channel Blockers""	""Lacidipine""",
"""18903""",UNKNOWN,true,"7204	""Olmesartan medoxomil 20mg / Hydrochlorothiazide 25mg tablets""	""Hydrochlorothiazide/Olmesartan""	""25mg + 20mg""	""Oral tablet""	""Oral""	""Thiazides And Related Diuretics/Angiotensin-II Receptor Antagonists""	""Hydrochlorothiazide/Olmesartan""",
"""6694""",UNKNOWN,true,"4792	""Clonidine 300microgram tablets""	""Clonidine""	""300microgram""	""Oral tablet""	""Oral""	""Centrally Acting Antihypertensive Products""	""Clonidine""",
"""5513""",UNKNOWN,true,"22170	""Dilzem sr 60mg Capsule (Elan Pharma)""	""Diltiazem""	""60mg""	""Modified-release capsule""	""Oral""	""Calcium-Channel Blockers""	""Diltiazem""",
"""65936""",UNKNOWN,true,"25	""Ramipril 5mg capsules (DE Pharmaceuticals)""	""Ramipril""	""5mg""	""Oral capsule""	""Oral""	""Angiotensin-Converting Enzyme Inhibitors (ACE Inhibitors)""	""Ramipril""",
"""7543""",UNKNOWN,true,"77364	""Kalten capsules (M & A Pharmachem Ltd)""	""Hydrochlorothiazide/Amiloride/Atenolol""	""50mg + 2.5mg + 25mg""	""Oral capsule""	""Oral""	""Beta-Blockers With Diuretics""	""Hydrochlorothiazide/Amiloride/Atenolol""",
"""13589""",UNKNOWN,true,"34320	""Staril 20mg tablets (Bristol-Myers Squibb Pharmaceuticals Ltd)""	""Fosinopril""	""20mg""	""Oral tablet""	""Oral""	""Angiotensin-Converting Enzyme Inhibitors (ACE Inhibitors)""	""Fosinopril""",
"""56505""",UNKNOWN,true,"2014	""Zestril 5mg tablets (Lexon (UK) Ltd)""	""Lisinopril""	""5mg""	""Oral tablet""	""Oral""	""Angiotensin-Converting Enzyme Inhibitors (ACE Inhibitors)""	""Lisinopril""",
"""88655""",UNKNOWN,true,"7	""Hydralazine 50mg tablets (Morningside Healthcare Ltd)""	""Hydralazine""	""50mg""	""Oral tablet""	""Oral""	""Vasodilator Antihypertensive Products""	""Hydralazine""",
"""67664""",UNKNOWN,true,"1	""Valsartan 160mg / Hydrochlorothiazide 12.5mg tablets (Teva UK Ltd)""	""Hydrochlorothiazide/Valsartan""	""160mg + 12.5mg""	""Oral tablet""	""Oral""	""Angiotensin-II Receptor Antagonists With Diuretic""	""Hydrochlorothiazide/Valsartan""",
"""38964""",UNKNOWN,true,"18393	""Adizem-SR 120mg tablets (Napp Pharmaceuticals Ltd)""	""Diltiazem""	""120mg""	""Modified-release tablet""	""Oral""	""Calcium-Channel Blockers""	""Diltiazem""",
"""1211""",UNKNOWN,true,"24551	""Bendroflumethiazide 2.5mg / Potassium chloride 630mg (potassium 8.4mmol) modified-release tablets""	""Bendroflumethiazide""	""2.5mg + 630mg""	""Modified-release tablet""	""Oral""	""Unknown""	""Bendroflumethiazide""",
"""13246""",UNKNOWN,true,"348	""Chlorothiazide 150mg/5ml oral suspension""	""Chlorothiazide""	""30mg/1ml""	""Oral suspension""	""Oral""	""Thiazides And Related Diuretics""	""Chlorothiazide""",
"""3924""",UNKNOWN,true,"129069	""Terazosin 5mg tablets""	""Terazosin""	""5mg""	""Oral tablet""	""Oral""	""Alpha-Adrenoceptor Blockers/Alpha-Blockers (In Urinary Retention)""	""Terazosin""",
"""47844""",UNKNOWN,true,"2275	""Bendroflumethiazide 2.5mg tablets (Kent Pharma (UK) Ltd)""	""Bendroflumethiazide""	""2.5mg""	""Oral tablet""	""Oral""	""Thiazides And Related Diuretics/Hypercalcaemia And Hypercalciuria""	""Bendroflumethiazide""",
"""47647""",UNKNOWN,true,"14	""Co-amilofruse oral liquid""	""Amiloride""	NA	""Oral Liquid""	""Oral""	""Loop Diuretics/Potassium-Sparing Diuretics And Aldosterone Antagonists""	""Amiloride""",
"""81241""",UNKNOWN,true,"0	""Adalat LA 30 tablets (Pilsco Ltd)""	""Nifedipine""	""30mg""	""Modified-release tablet""	""Oral""	""Calcium-Channel Blockers""	""Nifedipine""",
"""21231""",UNKNOWN,true,"6	""Caralpha 20mg/12.5mg tablets (Actavis UK Ltd)""	""Hydrochlorothiazide/Lisinopril""	""20mg + 12.5mg""	""Oral tablet""	""Oral""	""Angiotensin-Converting Enzyme Inhibitors (ACE Inhibitors)""	""Hydrochlorothiazide/Lisinopril""",
"""75387""",UNKNOWN,true,"132	""Amlodipine 5mg tablets (Arrow Generics Ltd)""	""Amlodipine""	""5mg""	""Oral tablet""	""Oral""	""Calcium-Channel Blockers""	""Amlodipine""",
"""38308""",UNKNOWN,true,"8043	""Ramipril 2.5/5mg/10mg tablet""	""Ramipril""	""2.5mg + 5mg + 10mg""	""Tablets""	""Oral""	""Angiotensin-Converting Enzyme Inhibitors (ACE Inhibitors)""	""Ramipril""",
"""26""",UNKNOWN,true,"10217468	""Atenolol 25mg tablets""	""Atenolol""	""25mg""	""Oral tablet""	""Oral""	""Beta-Adrenoceptor Blockers""	""Atenolol""",
"""54414""",UNKNOWN,true,"0	""Candesartan 16mg tablets (Krka UK Ltd)""	""Candesartan""	""16mg""	""Oral tablet""	""Oral""	""Angiotensin-II Receptor Antagonists""	""Candesartan""",
"""66834""",UNKNOWN,true,"1	""Uard 240XL capsules (Ennogen Healthcare Ltd)""	""Diltiazem""	""240mg""	""Modified-release capsule""	""Oral""	""Calcium-Channel Blockers""	""Diltiazem""",
"""79005""",UNKNOWN,true,"0	""Perindopril erbumine 4mg tablets (Waymade Healthcare Plc)""	""Perindopril""	""4mg""	""Oral tablet""	""Oral""	""Angiotensin-Converting Enzyme Inhibitors (ACE Inhibitors)""	""Perindopril""",
"""61270""",UNKNOWN,true,"34	""Perindopril erbumine 4mg tablets (Accord-UK Ltd)""	""Perindopril""	""4mg""	""Oral tablet""	""Oral""	""Angiotensin-Converting Enzyme Inhibitors (ACE Inhibitors)""	""Perindopril""",
"""4068""",UNKNOWN,true,"3721	""Dytac 50mg capsules (Advanz Pharma)""	""Triamterene""	""50mg""	""Oral capsule""	""Oral""	""Potassium-Sparing Diuretics And Aldosterone Antagonists""	""Triamterene""",
"""3676""",UNKNOWN,true,"33529	""Dilzem xl mr 180mg Modified-release capsule (Elan Pharma)""	""Diltiazem""	""180mg""	""Modified-Release Capsule""	""Oral""	""Calcium-Channel Blockers""	""Diltiazem""",
"""46233""",UNKNOWN,true,"27	""Amlodipine Oral solution""	""Amlodipine""	NA	""Oral Solution""	""Oral""	""Calcium-Channel Blockers""	""Amlodipine""",
"""19690""",UNKNOWN,true,"7736	""Verapamil 180mg modified-release / Trandolapril 2mg capsules""	""Trandolapril/Verapamil""	""180mg + 2mg""	""Modified-release capsule""	""Oral""	""Unknown""	""Trandolapril/Verapamil""",
"""21872""",UNKNOWN,true,"456	""Angiopine 5mg Capsule (Ashbourne Pharmaceuticals Ltd)""	""Nifedipine""	""5mg""	""Oral capsule""	""Oral""	""Calcium-Channel Blockers""	""Nifedipine""",
"""16531""",UNKNOWN,true,"121371	""Eplerenone 50mg tablets""	""Eplerenone""	""50mg""	""Oral tablet""	""Oral""	""Potassium-Sparing Diuretics And Aldosterone Antagonists""	""Eplerenone""",
"""34453""",UNKNOWN,true,"91	""Enalapril 20mg tablets (Viatris UK Healthcare Ltd)""	""Enalapril""	""20mg""	""Oral tablet""	""Oral""	""Angiotensin-Converting Enzyme Inhibitors (ACE Inhibitors)""	""Enalapril""",
"""86962""",UNKNOWN,true,"1314	""Xaqua 5mg tablets (Renascience Pharma Ltd)""	""Metolazone""	""5mg""	""Oral tablet""	""Oral""	""Thiazides And Related Diuretics""	""Metolazone""",
"""85693""",UNKNOWN,true,"93	""Amlodipine 10mg tablets (Dowelhurst Ltd)""	""Amlodipine""	""10mg""	""Oral tablet""	""Oral""	""Calcium-Channel Blockers""	""Amlodipine""",
"""15096""",UNKNOWN,true,"4834	""Accupro 40mg tablets (Pfizer Ltd)""	""Quinapril""	""40mg""	""Oral tablet""	""Oral""	""Angiotensin-Converting Enzyme Inhibitors (ACE Inhibitors)""	""Quinapril""",
"""71744""",UNKNOWN,true,"9	""Diltiazem 0.4% cream""	""Diltiazem""	""4mg/1gram""	""Cream""	""Route of administration not applicable""	""Local Products For Anal Or Rectal Problems/Calcium-Channel Blockers""	""Diltiazem""",
"""55416""",UNKNOWN,true,"2	""Propranolol 40mg tablets (Almus Pharmaceuticals Ltd)""	""Propranolol""	""40mg""	""Oral tablet""	""Oral""	""Beta-Adrenoceptor Blockers/Prophylaxis Of Migraine/Drugs For Essential Tremor, Chorea, Tics, And Related Disorders/Antithyroid Products""	""Propranolol""",
"""27135""",UNKNOWN,true,"760	""Diltiazem sr 90mg Capsule (Hillcross Pharmaceuticals Ltd)""	""Diltiazem""	""90mg""	""Modified-release capsule""	""Oral""	""Calcium-Channel Blockers""	""Diltiazem""",
"""61066""",UNKNOWN,true,"0	""Doxazosin 2mg tablets (Bristol Laboratories Ltd)""	""Doxazosin""	""2mg""	""Oral tablet""	""Oral""	""Alpha-Adrenoceptor Blockers/Alpha-Blockers (In Urinary Retention)""	""Doxazosin""",
"""75040""",UNKNOWN,true,"4	""Riociguat 1mg tablets""	""Riociguat""	""1mg""	""Oral tablet""	""Oral""	""Vasodilator Antihypertensive Products""	""Riociguat""",
"""31820""",UNKNOWN,true,"2412	""Bendroflumethiazide 5mg tablets (Wockhardt UK Ltd)""	""Bendroflumethiazide""	""5mg""	""Oral tablet""	""Oral""	""Thiazides And Related Diuretics""	""Bendroflumethiazide""",
"""77361""",UNKNOWN,true,"865	""Capoten 25mg tablets (Waymade Healthcare Plc)""	""Captopril""	""25mg""	""Oral tablet""	""Oral""	""Angiotensin-Converting Enzyme Inhibitors (ACE Inhibitors)""	""Captopril""",
"""5721""",UNKNOWN,true,"659348	""Co-tenidone 100mg/25mg tablets""	""Chlortalidone/Atenolol""	""100mg + 25mg""	""Oral tablet""	""Oral""	""Thiazides And Related Diuretics/Beta-Adrenoceptor Blockers""	""Chlortalidone/Atenolol""",
"""23010""",UNKNOWN,true,"453	""Rogitine 10mg/1ml solution for injection ampoules (Alliance Pharmaceuticals Ltd)""	""Phentolamine""	""10mg/1ml""	""Solution for injection""	""Intramuscular/Intravenous""	""Alpha-Adrenoceptor Blockers""	""Phentolamine""",
"""70732""",UNKNOWN,true,"9	""Lercanidipine 20mg tablets (Alliance Healthcare (Distribution) Ltd)""	""Lercanidipine""	""20mg""	""Oral tablet""	""Oral""	""Calcium-Channel Blockers""	""Lercanidipine""",
"""654""",UNKNOWN,true,"31125	""Ramipril 2.5/5mg/10mg capsule""	""Ramipril""	""2.5mg + 5mg + 10mg""	""Capsules""	""Oral""	""Angiotensin-Converting Enzyme Inhibitors (ACE Inhibitors)""	""Ramipril""",
"""79428""",UNKNOWN,true,"0	""Candesartan 4mg tablets (Sun Pharma UK Ltd)""	""Candesartan""	""4mg""	""Oral tablet""	""Oral""	""Angiotensin-II Receptor Antagonists""	""Candesartan""",
"""12392""",UNKNOWN,true,"34474	""Univer 180mg modified-release capsules (Teva UK Ltd)""	""Verapamil""	""180mg""	""Modified-release capsule""	""Oral""	""Calcium-Channel Blockers""	""Verapamil""",
"""59209""",UNKNOWN,true,"0	""Doxazosin 1mg tablets (Kent Pharma (UK) Ltd)""	""Doxazosin""	""1mg""	""Oral tablet""	""Oral""	""Alpha-Adrenoceptor Blockers/Alpha-Blockers (In Urinary Retention)""	""Doxazosin""",
"""4685""",UNKNOWN,true,"39669	""Amias 4mg tablets (Neon Healthcare Ltd)""	""Candesartan""	""4mg""	""Oral tablet""	""Oral""	""Angiotensin-II Receptor Antagonists""	""Candesartan""",
"""89941""",UNKNOWN,true,"1	""Dorzolamide 20mg/ml / Timolol 5mg/ml eye drops (Alliance Healthcare (Distribution) Ltd)""	""Timolol""	""20mg/1ml + 5mg/1ml""	""Eye drops""	""Ocular""	""Beta-Blockers (In Glaucoma)/Carbonic Anhydrase Inhibitors And Systemic Drugs (In Glaucoma)""	""Timolol""",
"""66850""",UNKNOWN,true,"6	""Diltiazem 240mg modified-release capsules (Icarus Pharmaceuticals Ltd)""	""Diltiazem""	""240mg""	""Modified-release capsule""	""Oral""	""Calcium-Channel Blockers""	""Diltiazem""",
"""51328""",UNKNOWN,true,"12	""Iloprost 50micrograms/0.5ml solution for infusion ampoules""	""Iloprost""	""100microgram/1ml""	""Solution for infusion""	""Intravenous""	""Vasodilator Antihypertensive Products""	""Iloprost""",
"""82526""",UNKNOWN,true,"97	""Half Inderal LA 80mg capsules (Waymade Healthcare Plc)""	""Propranolol""	""80mg""	""Modified-release capsule""	""Oral""	""Beta-Adrenoceptor Blockers/Prophylaxis Of Migraine/Drugs For Essential Tremor, Chorea, Tics, And Related Disorders/Antithyroid Products""	""Propranolol""",
"""23458""",UNKNOWN,true,"0	""VERAPAMIL SR""	""Verapamil""	NA	NA	NA	""Unknown""	""Verapamil""",
"""40167""",UNKNOWN,true,"136	""Metoprolol 100mg tablets (IVAX Pharmaceuticals UK Ltd)""	""Metoprolol""	""100mg""	""Oral tablet""	""Oral""	""Beta-Adrenoceptor Blockers/Prophylaxis Of Migraine""	""Metoprolol""",
"""59356""",UNKNOWN,true,"27	""Dorzolamide 20mg/ml / Timolol 5mg/ml eye drops 0.2ml unit dose preservative free (Teva UK Ltd)""	""Timolol""	""5mg/1ml + 20mg/1ml""	""Eye drops""	""Ocular""	""Beta-Blockers (In Glaucoma)/Carbonic Anhydrase Inhibitors And Systemic Drugs (In Glaucoma)""	""Timolol""",
"""26337""",UNKNOWN,true,"96	""Cabren 10mg modified-release tablets (Teva UK Ltd)""	""Felodipine""	""10mg""	""Modified-release tablet""	""Oral""	""Calcium-Channel Blockers""	""Felodipine""",
"""25646""",UNKNOWN,true,"92	""Nivaten retard 20mg Modified-release tablet (Actavis UK Ltd)""	""Nifedipine""	""20mg""	""Modified-Release Tablet""	""Oral""	""Calcium-Channel Blockers""	""Nifedipine""",
"""71150""",UNKNOWN,true,"86	""Propranolol 5mg/5ml oral solution""	""Propranolol""	""1mg/1ml""	""Oral solution""	""Oral""	""Beta-Adrenoceptor Blockers/Prophylaxis Of Migraine/Drugs For Essential Tremor, Chorea, Tics, And Related Disorders/Antithyroid Products""	""Propranolol""",
"""68948""",UNKNOWN,true,"175	""Valsartan 160mg capsules (Actavis UK Ltd)""	""Valsartan""	""160mg""	""Oral capsule""	""Oral""	""Angiotensin-II Receptor Antagonists""	""Valsartan""",
"""2811""",UNKNOWN,true,"57862	""Adizem sr 180mg Modified-release capsule (Napp Pharmaceuticals Ltd)""	""Diltiazem""	""180mg""	""Modified-Release Capsule""	""Oral""	""Calcium-Channel Blockers""	""Diltiazem""",
"""18861""",UNKNOWN,true,"425	""Hydralazine 10mg/5ml oral suspension""	""Hydralazine""	""2mg/1ml""	""Oral suspension""	""Oral""	""Vasodilator Antihypertensive Products""	""Hydralazine""",
"""47415""",UNKNOWN,true,"11	""Diltiazem sr 60mg Capsule (Hillcross Pharmaceuticals Ltd)""	""Diltiazem""	""60mg""	""Modified-release capsule""	""Oral""	""Calcium-Channel Blockers""	""Diltiazem""",
"""55849""",UNKNOWN,true,"1	""Propranolol 160mg tablets (Viatris UK Healthcare Ltd)""	""Propranolol""	""160mg""	""Oral tablet""	""Oral""	""Beta-Adrenoceptor Blockers/Prophylaxis Of Migraine/Drugs For Essential Tremor, Chorea, Tics, And Related Disorders/Antithyroid Products""	""Propranolol""",
"""57556""",UNKNOWN,true,"60	""Spironolactone 12mg/5ml oral solution""	""Spironolactone""	""2.4mg/1ml""	""Oral solution""	""Oral""	""Potassium-Sparing Diuretics And Aldosterone Antagonists""	""Spironolactone""",
"""16708""",UNKNOWN,true,"2227	""Enalapril titration pack""	""Enalapril""	NA	""Titration Pack""	""Oral""	""Angiotensin-Converting Enzyme Inhibitors (ACE Inhibitors)""	""Enalapril""",
"""4637""",UNKNOWN,true,"112893	""Terazosin 2mg tablets""	""Terazosin""	""2mg""	""Oral tablet""	""Oral""	""Alpha-Adrenoceptor Blockers/Alpha-Blockers (In Urinary Retention)""	""Terazosin""",
"""25730""",UNKNOWN,true,"335	""Timolol maleate with amiloride and hydrochlorothiazide Tablet""	""Hydrochlorothiazide/Amiloride/Timolol""	NA	""Tablet""	""Oral""	""Thiazides And Related Diuretics/Beta-Adrenoceptor Blockers""	""Hydrochlorothiazide/Amiloride/Timolol""",
"""89652""",UNKNOWN,true,"0	""Spironolactone 100mg tablets (Bristol Laboratories Ltd)""	""Spironolactone""	""100mg""	""Oral tablet""	""Oral""	""Potassium-Sparing Diuretics And Aldosterone Antagonists""	""Spironolactone""",
"""7952""",UNKNOWN,true,"24940	""Aldactone 100mg tablets (Pfizer Ltd)""	""Spironolactone""	""100mg""	""Oral tablet""	""Oral""	""Potassium-Sparing Diuretics And Aldosterone Antagonists""	""Spironolactone""",
"""2833""",UNKNOWN,true,"17219	""CYCLOPENTHIAZIDE -K tablets""	""Cyclopenthiazide""	NA	""Tablets""	""Oral""	""Thiazides And Related Diuretics""	""Cyclopenthiazide""",
"""18247""",UNKNOWN,true,"1313	""Esbatal 10mg Tablet (Wellcome Medical Division)""	""Betanidine""	""10mg""	""Tablet""	""Oral""	""Adrenergic Neurone Blockers""	""Betanidine""",
"""21839""",UNKNOWN,true,"1165	""Berkolol 80mg Tablet (Berk Pharmaceuticals Ltd)""	""Propranolol""	""80mg""	""Oral tablet""	""Oral""	""Supraventricular Arrhythmias/Beta-Adrenoceptor Blockers""	""Propranolol""",
"""62249""",UNKNOWN,true,"0	""Co-amilozide 5mg/50mg tablets (Alliance Healthcare (Distribution) Ltd)""	""Hydrochlorothiazide/Amiloride""	""50mg + 5mg""	""Oral tablet""	""Oral""	""Potassium-Sparing Diuretics With Other Diuretics""	""Hydrochlorothiazide/Amiloride""",
"""58649""",UNKNOWN,true,"0	""Losartan 25mg tablets (Bristol Laboratories Ltd)""	""Losartan""	""25mg""	""Oral tablet""	""Oral""	""Angiotensin-II Receptor Antagonists""	""Losartan""",
"""35592""",UNKNOWN,true,"193939	""Cardioplen XL 2.5mg tablets (Chiesi Ltd)""	""Felodipine""	""2.5mg""	""Modified-release tablet""	""Oral""	""Calcium-Channel Blockers""	""Felodipine""",
"""19055""",UNKNOWN,true,"1364	""Chlortalidone 12.5mg with Atenolol 50mg tablets""	""Chlortalidone/Atenolol""	""12.5mg+50mg""	""Tablets""	""Oral""	""Thiazides And Related Diuretics/Beta-Adrenoceptor Blockers""	""Chlortalidone/Atenolol""",
"""12517""",UNKNOWN,true,"114	""Timolol maleate with bendroflumethiazide 20mg + 5mg Tablet""	""Bendroflumethiazide/Timolol""	""20mg + 5mg""	""Tablet""	""Oral""	""Thiazides And Related Diuretics/Beta-Adrenoceptor Blockers""	""Bendroflumethiazide/Timolol""",
"""39447""",UNKNOWN,true,"148	""Varbim XL 1.5mg tablets (Teva UK Ltd)""	""Indapamide""	""1.5mg""	""Modified-release tablet""	""Oral""	""Thiazides And Related Diuretics""	""Indapamide""",
"""37650""",UNKNOWN,true,"48827	""Losartan 100mg / Hydrochlorothiazide 12.5mg tablets""	""Hydrochlorothiazide/Losartan""	""12.5mg + 100mg""	""Oral tablet""	""Oral""	""Angiotensin-II Receptor Antagonists With Diuretic""	""Hydrochlorothiazide/Losartan""",
"""8800""",UNKNOWN,true,"121389	""Innovace 5mg tablets (Organon Pharma (UK) Ltd)""	""Enalapril""	""5mg""	""Oral tablet""	""Oral""	""Angiotensin-Converting Enzyme Inhibitors (ACE Inhibitors)""	""Enalapril""",
"""32590""",UNKNOWN,true,"39	""Verapamil 40mg tablets (Viatris UK Healthcare Ltd)""	""Verapamil""	""40mg""	""Oral tablet""	""Oral""	""Calcium-Channel Blockers""	""Verapamil""",
"""56485""",UNKNOWN,true,"333	""Celectol 200mg tablets (Waymade Healthcare Plc)""	""Celiprolol""	""200mg""	""Oral tablet""	""Oral""	""Beta-Adrenoceptor Blockers""	""Celiprolol""",
"""77604""",UNKNOWN,true,"4	""Spironolactone 7.5mg/5ml oral suspension""	""Spironolactone""	""1.5mg/1ml""	""Oral suspension""	""Oral""	""Potassium-Sparing Diuretics And Aldosterone Antagonists""	""Spironolactone""",
"""82494""",UNKNOWN,true,"95	""Aprovel 150mg tablets (Waymade Healthcare Plc)""	""Irbesartan""	""150mg""	""Oral tablet""	""Oral""	""Angiotensin-II Receptor Antagonists""	""Irbesartan""",
"""54120""",UNKNOWN,true,"37	""Spironolactone 4mg/5ml oral suspension""	""Spironolactone""	""800microgram/1ml""	""Oral suspension""	""Oral""	""Potassium-Sparing Diuretics And Aldosterone Antagonists""	""Spironolactone""",
"""67929""",UNKNOWN,true,"0	""Candesartan 16mg tablets (Tillomed Laboratories Ltd)""	""Candesartan""	""16mg""	""Oral tablet""	""Oral""	""Angiotensin-II Receptor Antagonists""	""Candesartan""",
"""54986""",UNKNOWN,true,"67	""Perindopril erbumine 8mg/5ml oral suspension""	""Perindopril""	""1.6mg/1ml""	""Oral suspension""	""Oral""	""Angiotensin-Converting Enzyme Inhibitors (ACE Inhibitors)""	""Perindopril""",
"""34818""",UNKNOWN,true,"51	""Timolol 0.25% eye drops (IVAX Pharmaceuticals UK Ltd)""	""Timolol""	""2.5mg/1ml""	""Eye drops""	""Ocular""	""Beta-Blockers (In Glaucoma)""	""Timolol""",
"""73528""",UNKNOWN,true,"0	""Candesartan 4mg tablets (Milpharm Ltd)""	""Candesartan""	""4mg""	""Oral tablet""	""Oral""	""Angiotensin-II Receptor Antagonists""	""Candesartan""",
"""58297""",UNKNOWN,true,"1	""Propranolol 10mg tablets (Kent Pharma (UK) Ltd)""	""Propranolol""	""10mg""	""Oral tablet""	""Oral""	""Beta-Adrenoceptor Blockers/Prophylaxis Of Migraine/Drugs For Essential Tremor, Chorea, Tics, And Related Disorders/Antithyroid Products""	""Propranolol""",
"""40528""",UNKNOWN,true,"52	""Ambrisentan 5mg tablets""	""Ambrisentan""	""5mg""	""Oral tablet""	""Oral""	""Vasodilator Antihypertensive Products""	""Ambrisentan""",
"""59770""",UNKNOWN,true,"0	""Perindopril erbumine 4mg tablets (Milpharm Ltd)""	""Perindopril""	""4mg""	""Oral tablet""	""Oral""	""Angiotensin-Converting Enzyme Inhibitors (ACE Inhibitors)""	""Perindopril""",
"""41592""",UNKNOWN,true,"69	""Spironolactone 100mg tablets (Actavis UK Ltd)""	""Spironolactone""	""100mg""	""Oral tablet""	""Oral""	""Potassium-Sparing Diuretics And Aldosterone Antagonists""	""Spironolactone""",
"""61844""",UNKNOWN,true,"5	""Invicorp 2 solution for injection (Senetek Plc)""	""Phentolamine""	""71.43microgram/1ml + 5.71mg/1ml""	""Solution for injection""	""Intracavernous""	""Drugs For Erectile Dysfunction""	""Phentolamine""",
"""11864""",UNKNOWN,true,"56195	""Valsartan 160mg / Hydrochlorothiazide 12.5mg tablets""	""Hydrochlorothiazide/Valsartan""	""160mg + 12.5mg""	""Oral tablet""	""Oral""	""Angiotensin-II Receptor Antagonists With Diuretic""	""Hydrochlorothiazide/Valsartan""",
"""71413""",UNKNOWN,true,"29	""Diltiazem 120mg modified-release capsules (A A H Pharmaceuticals Ltd)""	""Diltiazem""	""120mg""	""Modified-release capsule""	""Oral""	""Calcium-Channel Blockers""	""Diltiazem""",
"""3056""",UNKNOWN,true,"125556	""Natrilix SR 1.5mg tablets (Servier Laboratories Ltd)""	""Indapamide""	""1.5mg""	""Modified-release tablet""	""Oral""	""Thiazides And Related Diuretics""	""Indapamide""",
"""74904""",UNKNOWN,true,"0	""Losartan 25mg tablets (DE Pharmaceuticals)""	""Losartan""	""25mg""	""Oral tablet""	""Oral""	""Angiotensin-II Receptor Antagonists""	""Losartan""",
"""4983""",UNKNOWN,true,"10315	""Atenolol with amiloride and hydrochlorothiazide capsules""	""Hydrochlorothiazide/Amiloride/Atenolol""	NA	""Capsules""	""Oral""	""Thiazides And Related Diuretics/Beta-Adrenoceptor Blockers""	""Hydrochlorothiazide/Amiloride/Atenolol""",
"""35304""",UNKNOWN,true,"2125	""Valsartan 160mg with amlodipine 10mg tablets""	""Amlodipine/Valsartan""	""160mg + 10mg""	""Tablets""	""Oral""	""Angiotensin-II Receptor Antagonists/Calcium-Channel Blockers""	""Amlodipine/Valsartan""",
"""43523""",UNKNOWN,true,"20	""Amiloride 5mg tablets (Viatris UK Healthcare Ltd)""	""Amiloride""	""5mg""	""Oral tablet""	""Oral""	""Potassium-Sparing Diuretics And Aldosterone Antagonists""	""Amiloride""",
"""1262""",UNKNOWN,true,"1274020	""Nifedipine 12 20mg Modified-release tablet""	""Nifedipine""	""20mg""	""Modified-Release Tablet""	""Oral""	""Calcium-Channel Blockers""	""Nifedipine""",
"""87646""",UNKNOWN,true,"25	""Amlodipine 5mg tablets (Zentiva Pharma UK Ltd)""	""Amlodipine""	""5mg""	""Oral tablet""	""Oral""	""Calcium-Channel Blockers""	""Amlodipine""",
"""34522""",UNKNOWN,true,"120	""Nifedipine 5mg capsules (A A H Pharmaceuticals Ltd)""	""Nifedipine""	""5mg""	""Oral capsule""	""Oral""	""Calcium-Channel Blockers""	""Nifedipine""",
"""75207""",UNKNOWN,true,"2299	""Clonidine 50micrograms/5ml oral solution sugar free""	""Clonidine""	""10microgram/1ml""	""Oral solution""	""Oral""	""Prophylaxis Of Migraine/Oestrogens And HRT""	""Clonidine""",
"""67074""",UNKNOWN,true,"0	""Adalat 10mg capsules (DE Pharmaceuticals)""	""Nifedipine""	""10mg""	""Oral capsule""	""Oral""	""Calcium-Channel Blockers""	""Nifedipine""",
"""8310""",UNKNOWN,true,"19210	""Isradipine 2.5mg tablets""	""Isradipine""	""2.5mg""	""Oral tablet""	""Oral""	""Calcium-Channel Blockers""	""Isradipine""",
"""53322""",UNKNOWN,true,"0	""Doxazosin 4mg tablets (Bristol Laboratories Ltd)""	""Doxazosin""	""4mg""	""Oral tablet""	""Oral""	""Alpha-Adrenoceptor Blockers/Alpha-Blockers (In Urinary Retention)""	""Doxazosin""",
"""68529""",UNKNOWN,true,"6462	""Guanfacine 3mg modified-release tablets""	""Guanfacine""	""3mg""	""Modified-release tablet""	""Oral""	""Centrally Acting Antihypertensive Products""	""Guanfacine""",
"""89516""",UNKNOWN,true,"41	""Co-amilofruse 2.5mg/20mg tablets (DE Pharmaceuticals)""	""Amiloride""	""2.5mg + 20mg""	""Oral tablet""	""Oral""	""Potassium-Sparing Diuretics With Other Diuretics""	""Amiloride""",
"""60856""",UNKNOWN,true,"19	""Nifedipine 10mg modified-release tablets (Sigma Pharmaceuticals Plc)""	""Nifedipine""	""10mg""	""Modified-release tablet""	""Oral""	""Calcium-Channel Blockers""	""Nifedipine""",
"""5496""",UNKNOWN,true,"1291734	""Doxazosin 8mg modified-release tablets""	""Doxazosin""	""8mg""	""Modified-release tablet""	""Oral""	""Alpha-Adrenoceptor Blockers/Alpha-Blockers (In Urinary Retention)""	""Doxazosin""",
"""30197""",UNKNOWN,true,"25378	""Diltiazem 120mg modified-release capsules""	""Diltiazem""	""120mg""	""Modified-release capsule""	""Oral""	""Calcium-Channel Blockers""	""Diltiazem""",
"""75593""",UNKNOWN,true,"7	""Spironolactone 10mg/5ml Oral solution sugar free (Rosemont Pharmaceuticals Ltd)""	""Spironolactone""	""10mg/5ml""	""Oral Solution""	""Oral""	""Potassium-Sparing Diuretics And Aldosterone Antagonists""	""Spironolactone""",
"""68094""",UNKNOWN,true,"0	""Lisinopril 5mg tablets (Sigma Pharmaceuticals Plc)""	""Lisinopril""	""5mg""	""Oral tablet""	""Oral""	""Angiotensin-Converting Enzyme Inhibitors (ACE Inhibitors)""	""Lisinopril""",
"""67767""",UNKNOWN,true,"0	""Lisinopril 10mg / Hydrochlorothiazide 12.5mg tablets (Almus Pharmaceuticals Ltd)""	""Hydrochlorothiazide/Lisinopril""	""10mg + 12.5mg""	""Oral tablet""	""Oral""	""Thiazides And Related Diuretics/Angiotensin-Converting Enzyme Inhibitors (ACE Inhibitors)""	""Hydrochlorothiazide/Lisinopril""",
"""1048""",UNKNOWN,true,"35494	""Inderal 80mg tablets (AstraZeneca UK Ltd)""	""Propranolol""	""80mg""	""Oral tablet""	""Oral""	""Beta-Adrenoceptor Blockers/Prophylaxis Of Migraine/Drugs For Essential Tremor, Chorea, Tics, And Related Disorders/Antithyroid Products""	""Propranolol""",
"""25382""",UNKNOWN,true,"6191	""Co-Diovan 160mg/25mg tablets (Novartis Pharmaceuticals UK Ltd)""	""Hydrochlorothiazide/Valsartan""	""160mg + 25mg""	""Oral tablet""	""Oral""	""Angiotensin-II Receptor Antagonists With Diuretic""	""Hydrochlorothiazide/Valsartan""",
"""75418""",UNKNOWN,true,"0	""Candesartan 16mg tablets (Viatris UK Healthcare Ltd)""	""Candesartan""	""16mg""	""Oral tablet""	""Oral""	""Angiotensin-II Receptor Antagonists""	""Candesartan""",
"""4542""",UNKNOWN,true,"76424	""Atenolol 50mg / Nifedipine 20mg modified-release capsules""	""Nifedipine/Atenolol""	""50mg + 20mg""	""Modified-release capsule""	""Oral""	""Beta-Adrenoceptor Blockers/Calcium-Channel Blockers""	""Nifedipine/Atenolol""",
"""57026""",UNKNOWN,true,"90	""Candesartan 8mg tablets (Waymade Healthcare Plc)""	""Candesartan""	""8mg""	""Oral tablet""	""Oral""	""Angiotensin-II Receptor Antagonists""	""Candesartan""",
"""43516""",UNKNOWN,true,"125	""Indapamide 2.5mg tablets (Actavis UK Ltd)""	""Indapamide""	""2.5mg""	""Oral tablet""	""Oral""	""Thiazides And Related Diuretics""	""Indapamide""",
"""51601""",UNKNOWN,true,"0	""Losartan 50mg tablets (Actavis UK Ltd)""	""Losartan""	""50mg""	""Oral tablet""	""Oral""	""Angiotensin-II Receptor Antagonists""	""Losartan""",
"""74237""",UNKNOWN,true,"40	""Enalapril 25mg/5ml oral solution""	""Enalapril""	""5mg/1ml""	""Oral solution""	""Oral""	""Angiotensin-Converting Enzyme Inhibitors (ACE Inhibitors)""	""Enalapril""",
"""11526""",UNKNOWN,true,"61462	""CoAprovel 300mg/12.5mg tablets (Sanofi)""	""Hydrochlorothiazide/Irbesartan""	""300mg + 12.5mg""	""Oral tablet""	""Oral""	""Thiazides And Related Diuretics/Angiotensin-II Receptor Antagonists With Diuretic""	""Hydrochlorothiazide/Irbesartan""",
"""71398""",UNKNOWN,true,"10	""Spironolactone 12.5mg/5ml oral solution""	""Spironolactone""	""2.5mg/1ml""	""Oral solution""	""Oral""	""Potassium-Sparing Diuretics And Aldosterone Antagonists""	""Spironolactone""",
"""40310""",UNKNOWN,true,"97	""Moxonidine 200microgram tablets (Teva UK Ltd)""	""Moxonidine""	""200microgram""	""Oral tablet""	""Oral""	""Centrally Acting Antihypertensive Products""	""Moxonidine""",
"""25026""",UNKNOWN,true,"1	""NIFEDIPINE RETARD""	""Nifedipine""	NA	NA	NA	""Unknown""	""Nifedipine""",
"""25044""",UNKNOWN,true,"0	""NIFEDIPINE RETARD""	""Nifedipine""	NA	NA	NA	""Unknown""	""Nifedipine""",
"""21943""",UNKNOWN,true,"146	""Kaplon 12.5mg tablets (Teva UK Ltd)""	""Captopril""	""12.5mg""	""Oral tablet""	""Oral""	""Angiotensin-Converting Enzyme Inhibitors (ACE Inhibitors)""	""Captopril""",
"""34094""",UNKNOWN,true,"11769	""Metoprolol 50mg tablets (A A H Pharmaceuticals Ltd)""	""Metoprolol""	""50mg""	""Oral tablet""	""Oral""	""Beta-Adrenoceptor Blockers/Prophylaxis Of Migraine""	""Metoprolol""",
"""64166""",UNKNOWN,true,"7338	""Amlodipine 5mg/5ml oral solution sugar free""	""Amlodipine""	""1mg/1ml""	""Oral solution""	""Oral""	""Calcium-Channel Blockers""	""Amlodipine""",
"""3050""",UNKNOWN,true,"41243	""Furosemide with triamterene 40mgwith50mg Tablet""	""Triamterene""	""40mg + 50mg""	""Tablet""	""Oral""	""Loop Diuretics/Potassium-Sparing Diuretics With Other Diuretics""	""Triamterene""",
"""63158""",UNKNOWN,true,"0	""Doxazosin 2mg tablets (Almus Pharmaceuticals Ltd)""	""Doxazosin""	""2mg""	""Oral tablet""	""Oral""	""Alpha-Adrenoceptor Blockers/Alpha-Blockers (In Urinary Retention)""	""Doxazosin""",
"""34449""",UNKNOWN,true,"4	""Co-tenidone 50mg/12.5mg tablets (Viatris UK Healthcare Ltd)""	""Chlortalidone/Atenolol""	""12.5mg + 50mg""	""Oral tablet""	""Oral""	""Thiazides And Related Diuretics/Beta-Adrenoceptor Blockers""	""Chlortalidone/Atenolol""",
"""55821""",UNKNOWN,true,"0	""Valsartan 160mg capsules (Teva UK Ltd)""	""Valsartan""	""160mg""	""Oral capsule""	""Oral""	""Unknown""	""Valsartan""",
"""61611""",UNKNOWN,true,"0	""Lercanidipine 10mg tablets (DE Pharmaceuticals)""	""Lercanidipine""	""10mg""	""Oral tablet""	""Oral""	""Calcium-Channel Blockers""	""Lercanidipine""",
"""59616""",UNKNOWN,true,"72	""Rawel XL 1.5mg tablets (Krka UK Ltd)""	""Indapamide""	""1.5mg""	""Modified-release tablet""	""Oral""	""Thiazides And Related Diuretics""	""Indapamide""",
"""67780""",UNKNOWN,true,"0	""Bendroflumethiazide 5mg tablets (DE Pharmaceuticals)""	""Bendroflumethiazide""	""5mg""	""Oral tablet""	""Oral""	""Thiazides And Related Diuretics""	""Bendroflumethiazide""",
"""3061""",UNKNOWN,true,"76878	""Diltiazem 12hr 180mg modified-release capsules""	""Diltiazem""	""180mg""	""12 Hour Modified Release Capsules""	""Oral""	""Calcium-Channel Blockers""	""Diltiazem""",
"""36742""",UNKNOWN,true,"44	""Captopril 2mg/5ml oral suspension""	""Captopril""	""2mg/5ml""	""Oral Suspension""	""Oral""	""Angiotensin-Converting Enzyme Inhibitors (ACE Inhibitors)""	""Captopril""",
"""34146""",UNKNOWN,true,"1024	""Nifedipine mr 10mg Modified-release tablet (IVAX Pharmaceuticals UK Ltd)""	""Nifedipine""	""10mg""	""Modified-release tablet""	""Oral""	""Calcium-Channel Blockers""	""Nifedipine""",
"""13352""",UNKNOWN,true,"8060	""Midamor 5mg Tablet (MSD Thomas Morson Pharmaceuticals)""	""Amiloride""	""5mg""	""Oral tablet""	""Oral""	""Potassium-Sparing Diuretics And Aldosterone Antagonists""	""Amiloride""",
"""13139""",UNKNOWN,true,"160129	""Adipine XL 30mg tablets (Chiesi Ltd)""	""Nifedipine""	""30mg""	""Modified-release tablet""	""Oral""	""Calcium-Channel Blockers""	""Nifedipine""",
"""81979""",UNKNOWN,true,"0	""Amlodipine 10mg tablets (Drugsrus Ltd)""	""Amlodipine""	""10mg""	""Oral tablet""	""Oral""	""Calcium-Channel Blockers""	""Amlodipine""",
"""493""",UNKNOWN,true,"3412735	""Doxazosin 2mg tablets""	""Doxazosin""	""2mg""	""Oral tablet""	""Oral""	""Alpha-Adrenoceptor Blockers/Alpha-Blockers (In Urinary Retention)""	""Doxazosin""",
"""22439""",UNKNOWN,true,"8	""Ednyt 20mg Tablet (Dominion Pharma)""	""Enalapril""	""20mg""	""Oral tablet""	""Oral""	""Angiotensin-Converting Enzyme Inhibitors (ACE Inhibitors)""	""Enalapril""",
"""47996""",UNKNOWN,true,"30	""Diltiazem 2% gel""	""Diltiazem""	""20mg/1gram""	""Gel""	""Route of administration not applicable""	""Local Products For Anal Or Rectal Problems/Calcium-Channel Blockers""	""Diltiazem""",
"""5275""",UNKNOWN,true,"31293	""Tritace 2.5mg capsules (Sanofi)""	""Ramipril""	""2.5mg""	""Oral capsule""	""Oral""	""Angiotensin-Converting Enzyme Inhibitors (ACE Inhibitors)""	""Ramipril""",
"""71277""",UNKNOWN,true,"2	""Captopril 7.5mg/5ml oral suspension""	""Captopril""	""1.5mg/1ml""	""Oral suspension""	""Oral""	""Angiotensin-Converting Enzyme Inhibitors (ACE Inhibitors)""	""Captopril""",
"""86292""",UNKNOWN,true,"2	""Propranolol 40mg/5ml oral solution sugar free (Rosemont Pharmaceuticals Ltd)""	""Propranolol""	""8mg/1ml""	""Oral solution""	""Oral""	""Beta-Adrenoceptor Blockers/Prophylaxis Of Migraine/Drugs For Essential Tremor, Chorea, Tics, And Related Disorders/Antithyroid Products""	""Propranolol""",
"""31773""",UNKNOWN,true,"853	""Co-amilofruse 5mg/40mg tablets (Wockhardt UK Ltd)""	""Amiloride""	""5mg + 40mg""	""Oral tablet""	""Oral""	""Potassium-Sparing Diuretics With Other Diuretics""	""Amiloride""",
"""83112""",UNKNOWN,true,"5	""Timolol 0.5% eye drops (FDC International Ltd)""	""Timolol""	""5mg/1ml""	""Eye drops""	""Ocular""	""Beta-Blockers (In Glaucoma)""	""Timolol""",
"""51998""",UNKNOWN,true,"85	""Atenolol 25mg tablets (Strides Pharma UK Ltd)""	""Atenolol""	""25mg""	""Oral tablet""	""Oral""	""Beta-Adrenoceptor Blockers""	""Atenolol""",
"""43413""",UNKNOWN,true,"611	""Lisinopril 20mg tablets (A A H Pharmaceuticals Ltd)""	""Lisinopril""	""20mg""	""Oral tablet""	""Oral""	""Angiotensin-Converting Enzyme Inhibitors (ACE Inhibitors)""	""Lisinopril""",
"""14144""",UNKNOWN,true,"2488	""Inspra 25mg tablets (Viatris UK Healthcare Ltd)""	""Eplerenone""	""25mg""	""Oral tablet""	""Oral""	""Potassium-Sparing Diuretics And Aldosterone Antagonists""	""Eplerenone""",
"""22619""",UNKNOWN,true,"1831	""Britiazim 60mg Modified-release tablet (Thames Laboratories Ltd)""	""Diltiazem""	""60mg""	""Modified-release tablet""	""Oral""	""Calcium-Channel Blockers""	""Diltiazem""",
"""79241""",UNKNOWN,true,"0	""Irbesartan 150mg tablets (Viatris UK Healthcare Ltd)""	""Irbesartan""	""150mg""	""Oral tablet""	""Oral""	""Angiotensin-II Receptor Antagonists""	""Irbesartan""",
"""60660""",UNKNOWN,true,"5	""Spironolactone 3mg/5ml oral suspension""	""Spironolactone""	""600microgram/1ml""	""Oral suspension""	""Oral""	""Potassium-Sparing Diuretics And Aldosterone Antagonists""	""Spironolactone""",
"""84750""",UNKNOWN,true,"0	""Lisinopril 10mg tablets (Lupin Healthcare (UK) Ltd)""	""Lisinopril""	""10mg""	""Oral tablet""	""Oral""	""Angiotensin-Converting Enzyme Inhibitors (ACE Inhibitors)""	""Lisinopril""",
"""52970""",UNKNOWN,true,"203	""Spironolactone 10mg/5ml oral solution""	""Spironolactone""	""2mg/1ml""	""Oral solution""	""Oral""	""Potassium-Sparing Diuretics And Aldosterone Antagonists""	""Spironolactone""",
"""70827""",UNKNOWN,true,"616	""Lercanidipine 10mg tablets (Teva UK Ltd)""	""Lercanidipine""	""10mg""	""Oral tablet""	""Oral""	""Calcium-Channel Blockers""	""Lercanidipine""",
"""81619""",UNKNOWN,true,"27	""Prazosin 2mg tablets (IVAX Pharmaceuticals UK Ltd)""	""Prazosin""	""2mg""	""Oral tablet""	""Oral""	""Alpha-Adrenoceptor Blockers/Alpha-Blockers (In Urinary Retention)""	""Prazosin""",
"""71682""",UNKNOWN,true,"0	""Losartan 100mg / Hydrochlorothiazide 25mg tablets (Mawdsley-Brooks & Company Ltd)""	""Hydrochlorothiazide/Losartan""	""100mg + 25mg""	""Oral tablet""	""Oral""	""Angiotensin-II Receptor Antagonists With Diuretic""	""Hydrochlorothiazide/Losartan""",
"""3167""",UNKNOWN,true,"50978	""Propranolol 160mg tablets""	""Propranolol""	""160mg""	""Oral tablet""	""Oral""	""Beta-Adrenoceptor Blockers/Prophylaxis Of Migraine/Drugs For Essential Tremor, Chorea, Tics, And Related Disorders/Antithyroid Products""	""Propranolol""",
"""91823""",UNKNOWN,true,"0	""Felodipine 10mg modified-release tablets (Teva UK Ltd)""	""Felodipine""	""10mg""	""Modified-release tablet""	""Oral""	""Calcium-Channel Blockers""	""Felodipine""",
"""32913""",UNKNOWN,true,"64	""Methyldopa 250mg tablets (Accord-UK Ltd)""	""Methyldopa""	""250mg""	""Oral tablet""	""Oral""	""Centrally Acting Antihypertensive Products""	""Methyldopa""",
"""34798""",UNKNOWN,true,"31	""Enalapril 20mg tablets (Sandoz Ltd)""	""Enalapril""	""20mg""	""Oral tablet""	""Oral""	""Angiotensin-Converting Enzyme Inhibitors (ACE Inhibitors)""	""Enalapril""",
"""86323""",UNKNOWN,true,"9	""Minipress 2mg tablets (Imported (Australia))""	""Prazosin""	""2mg""	""Oral tablet""	""Oral""	""Alpha-Adrenoceptor Blockers/Alpha-Blockers (In Urinary Retention)""	""Prazosin""",
"""8558""",UNKNOWN,true,"149972	""Adizem xl 120mg Capsule (Napp Pharmaceuticals Ltd)""	""Diltiazem""	""120mg""	""Capsule""	""Oral""	""Calcium-Channel Blockers""	""Diltiazem""",
"""38519""",UNKNOWN,true,"30	""Ventavis 10micrograms/ml nebuliser solution 1ml ampoules (Bayer Plc)""	""Iloprost""	""10microgram/1ml""	""Nebuliser liquid""	""Inhalation""	""Vasodilator Antihypertensive Products""	""Iloprost""",
"""91817""",UNKNOWN,true,"21	""DuoTrav 40micrograms/ml / 5mg/ml eye drops (Mawdsley-Brooks & Company Ltd)""	""Timolol""	""5mg/1ml + 40microgram/1ml""	""Eye drops""	""Ocular""	""Beta-Blockers (In Glaucoma)/Prostaglandin Analogues (In Glaucoma)""	""Timolol""",
"""35603""",UNKNOWN,true,"847	""Doxazosin 4mg/5ml oral suspension""	""Doxazosin""	""800microgram/1ml""	""Oral suspension""	""Oral""	""Alpha-Adrenoceptor Blockers/Alpha-Blockers (In Urinary Retention)""	""Doxazosin""",
"""6518""",UNKNOWN,true,"24536	""Diovan 160mg capsules (Novartis Pharmaceuticals UK Ltd)""	""Valsartan""	""160mg""	""Oral capsule""	""Oral""	""Angiotensin-II Receptor Antagonists""	""Valsartan""",
"""52010""",UNKNOWN,true,"0	""Enalapril 10mg tablets (Alliance Healthcare (Distribution) Ltd)""	""Enalapril""	""10mg""	""Oral tablet""	""Oral""	""Angiotensin-Converting Enzyme Inhibitors (ACE Inhibitors)""	""Enalapril""",
"""71910""",UNKNOWN,true,"0	""Losartan 50mg tablets (Necessity Supplies Ltd)""	""Losartan""	""50mg""	""Oral tablet""	""Oral""	""Angiotensin-II Receptor Antagonists""	""Losartan""",
"""43531""",UNKNOWN,true,"91	""Moxonidine 400microgram tablets (Sandoz Ltd)""	""Moxonidine""	""400microgram""	""Oral tablet""	""Oral""	""Centrally Acting Antihypertensive Products""	""Moxonidine""",
"""20311""",UNKNOWN,true,"612	""Nifedipress mr 20mg Modified-release tablet (Generics (UK) Ltd)""	""Nifedipine""	""20mg""	""Modified-Release Tablet""	""Oral""	""Calcium-Channel Blockers""	""Nifedipine""",
"""74800""",UNKNOWN,true,"334	""Frumil 40mg/5mg tablets (Lexon (UK) Ltd)""	""Amiloride""	""5mg + 40mg""	""Oral tablet""	""Oral""	""Potassium-Sparing Diuretics With Other Diuretics""	""Amiloride""",
"""76202""",UNKNOWN,true,"200	""Irbesartan 150mg/5ml oral suspension""	""Irbesartan""	""30mg/1ml""	""Oral suspension""	""Oral""	""Angiotensin-II Receptor Antagonists""	""Irbesartan""",
"""79078""",UNKNOWN,true,"2	""Ramipril 10mg tablets (Niche Generics Ltd)""	""Ramipril""	""10mg""	""Oral tablet""	""Oral""	""Angiotensin-Converting Enzyme Inhibitors (ACE Inhibitors)""	""Ramipril""",
"""9935""",UNKNOWN,true,"8552	""Amiloride 5mg/5ml oral solution sugar free""	""Amiloride""	""1mg/1ml""	""Oral solution""	""Oral""	""Potassium-Sparing Diuretics And Aldosterone Antagonists""	""Amiloride""",
"""41232""",UNKNOWN,true,"52	""Cozaar 2.5mg/ml oral suspension (Organon Pharma (UK) Ltd)""	""Losartan""	""2.5mg/1ml""	""Oral suspension""	""Oral""	""Angiotensin-II Receptor Antagonists""	""Losartan""",
"""38461""",UNKNOWN,true,"38	""Cardozin XL 4mg tablets (Arrow Generics Ltd)""	""Doxazosin""	""4mg""	""Modified-release tablet""	""Oral""	""Alpha-Adrenoceptor Blockers/Alpha-Blockers (In Urinary Retention)""	""Doxazosin""",
"""35938""",UNKNOWN,true,"1743	""Propranolol 80mg modified-release capsules (A A H Pharmaceuticals Ltd)""	""Propranolol""	""80mg""	""Modified-release capsule""	""Oral""	""Beta-Adrenoceptor Blockers/Prophylaxis Of Migraine/Drugs For Essential Tremor, Chorea, Tics, And Related Disorders/Antithyroid Products""	""Propranolol""",
"""3691""",UNKNOWN,true,"14744	""Sotalol 160mg with hydrochlorothiazide 25mg tablet""	""Hydrochlorothiazide""	""160mg + 25mg""	""Tablets""	""Oral""	""Beta-Adrenoceptor Blockers""	""Hydrochlorothiazide""",
"""67662""",UNKNOWN,true,"0	""Istin 10mg tablets (DE Pharmaceuticals)""	""Amlodipine""	""10mg""	""Oral tablet""	""Oral""	""Calcium-Channel Blockers""	""Amlodipine""",
"""20459""",UNKNOWN,true,"247	""Felendil xl 10mg Modified-release tablet (Ratiopharm UK Ltd)""	""Felodipine""	""10mg""	""Modified-release tablet""	""Oral""	""Calcium-Channel Blockers""	""Felodipine""",
"""5183""",UNKNOWN,true,"39605	""Hypovase 2mg tablets (Pfizer Ltd)""	""Prazosin""	""2mg""	""Oral tablet""	""Oral""	""Alpha-Adrenoceptor Blockers/Alpha-Blockers (In Urinary Retention)""	""Prazosin""",
"""66095""",UNKNOWN,true,"4	""Felodipine 5mg modified-release tablets (Mawdsley-Brooks & Company Ltd)""	""Felodipine""	""5mg""	""Modified-release tablet""	""Oral""	""Calcium-Channel Blockers""	""Felodipine""",
"""15221""",UNKNOWN,true,"8	""Dilcardia xl 180mg Modified-release capsule (Generics (UK) Ltd)""	""Diltiazem""	""180mg""	""Modified-Release Capsule""	""Oral""	""Calcium-Channel Blockers""	""Diltiazem""",
"""23604""",UNKNOWN,true,"11	""PROPRANOLOL S/R""	""Propranolol""	NA	NA	NA	""Unknown""	""Propranolol""",
"""46009""",UNKNOWN,true,"5	""Verapamil 120mg tablets (Kent Pharma (UK) Ltd)""	""Verapamil""	""120mg""	""Oral tablet""	""Oral""	""Calcium-Channel Blockers""	""Verapamil""",
"""34785""",UNKNOWN,true,"278	""Timolol 0.5% eye drops (Viatris UK Healthcare Ltd)""	""Timolol""	""5mg/1ml""	""Eye drops""	""Ocular""	""Beta-Blockers (In Glaucoma)""	""Timolol""",
"""63411""",UNKNOWN,true,"3	""Irbesartan 300mg tablets (Alliance Healthcare (Distribution) Ltd)""	""Irbesartan""	""300mg""	""Oral tablet""	""Oral""	""Angiotensin-II Receptor Antagonists""	""Irbesartan""",
"""77090""",UNKNOWN,true,"1	""Anoheal 2% cream (S.L.A. Pharma (UK) Ltd)""	""Diltiazem""	""20mg/1gram""	""Cream""	""Route of administration not applicable""	""Local Products For Anal Or Rectal Problems""	""Diltiazem""",
"""34583""",UNKNOWN,true,"18	""Ramipril 10mg Capsule (Dexcel-Pharma Ltd)""	""Ramipril""	""10mg""	""Oral capsule""	""Oral""	""Angiotensin-Converting Enzyme Inhibitors (ACE Inhibitors)""	""Ramipril""",
"""89731""",UNKNOWN,true,"367	""Losartan 100mg tablets (Sovereign Medical Ltd)""	""Losartan""	""100mg""	""Oral tablet""	""Oral""	""Angiotensin-II Receptor Antagonists""	""Losartan""",
"""23730""",UNKNOWN,true,"1	""VERAPAMIL 100 MG TAB""	""Verapamil""	NA	""Tablet""	""Oral""	""Unknown""	""Verapamil""",
"""46675""",UNKNOWN,true,"8	""Indapamide 1.5mg modified-release tablets (A A H Pharmaceuticals Ltd)""	""Indapamide""	""1.5mg""	""Modified-release tablet""	""Oral""	""Thiazides And Related Diuretics""	""Indapamide""",
"""16196""",UNKNOWN,true,"4768	""Vascace 5mg tablets (Roche Products Ltd)""	""Cilazapril""	""5mg""	""Oral tablet""	""Oral""	""Angiotensin-Converting Enzyme Inhibitors (ACE Inhibitors)""	""Cilazapril""",
"""66172""",UNKNOWN,true,"2	""Uard 180XL capsules (Ennogen Healthcare Ltd)""	""Diltiazem""	""180mg""	""Modified-release capsule""	""Oral""	""Calcium-Channel Blockers""	""Diltiazem""",
"""60823""",UNKNOWN,true,"392	""Noyada 5mg/5ml oral solution (Martindale Pharmaceuticals Ltd)""	""Captopril""	""1mg/1ml""	""Oral solution""	""Oral""	""Angiotensin-Converting Enzyme Inhibitors (ACE Inhibitors)""	""Captopril""",
"""21423""",UNKNOWN,true,"12598	""Cozaar-Comp 100mg/25mg tablets (Organon Pharma (UK) Ltd)""	""Hydrochlorothiazide/Losartan""	""100mg + 25mg""	""Oral tablet""	""Oral""	""Angiotensin-II Receptor Antagonists With Diuretic""	""Hydrochlorothiazide/Losartan""",
"""33650""",UNKNOWN,true,"680	""Atenolol 50mg tablets (Viatris UK Healthcare Ltd)""	""Atenolol""	""50mg""	""Oral tablet""	""Oral""	""Beta-Adrenoceptor Blockers""	""Atenolol""",
"""8147""",UNKNOWN,true,"5590	""Lopresoretic Tablet (Novartis Pharmaceuticals UK Ltd)""	""Chlortalidone/Metoprolol""	NA	""Tablet""	""Oral""	""Thiazides And Related Diuretics/Beta-Adrenoceptor Blockers""	""Chlortalidone/Metoprolol""",
"""46952""",UNKNOWN,true,"120	""Co-tenidone 100mg/25mg tablets (Actavis UK Ltd)""	""Chlortalidone/Atenolol""	""100mg + 25mg""	""Oral tablet""	""Oral""	""Thiazides And Related Diuretics/Beta-Adrenoceptor Blockers""	""Chlortalidone/Atenolol""",
"""58201""",UNKNOWN,true,"1	""Irbesartan 150mg tablets (Actavis UK Ltd)""	""Irbesartan""	""150mg""	""Oral tablet""	""Oral""	""Angiotensin-II Receptor Antagonists""	""Irbesartan""",
"""19457""",UNKNOWN,true,"27	""Ranvera MR 240mg tablets (Sun Pharma UK Ltd)""	""Verapamil""	""240mg""	""Modified-release tablet""	""Oral""	""Calcium-Channel Blockers""	""Verapamil""",
"""32837""",UNKNOWN,true,"173	""Spironolactone 50mg tablets (Teva UK Ltd)""	""Spironolactone""	""50mg""	""Oral tablet""	""Oral""	""Potassium-Sparing Diuretics And Aldosterone Antagonists""	""Spironolactone""",
"""51489""",UNKNOWN,true,"1477	""Anoheal 2% cream (S.L.A. Pharma (UK) Ltd)""	""Diltiazem""	""20mg/1gram""	""Cream""	""Route of administration not applicable""	""Local Products For Anal Or Rectal Problems/Calcium-Channel Blockers""	""Diltiazem""",
"""74000""",UNKNOWN,true,"469	""Cardura XL 4mg tablets (Waymade Healthcare Plc)""	""Doxazosin""	""4mg""	""Modified-release tablet""	""Oral""	""Alpha-Adrenoceptor Blockers/Alpha-Blockers (In Urinary Retention)""	""Doxazosin""",
"""45578""",UNKNOWN,true,"26	""Clonidine 25microgram tablets (A A H Pharmaceuticals Ltd)""	""Clonidine""	""25microgram""	""Oral tablet""	""Oral""	""Prophylaxis Of Migraine/Oestrogens And HRT""	""Clonidine""",
"""67808""",UNKNOWN,true,"43	""Physiotens 200microgram tablets (Actavis UK Ltd)""	""Moxonidine""	""200microgram""	""Oral tablet""	""Oral""	""Centrally Acting Antihypertensive Products""	""Moxonidine""",
"""71173""",UNKNOWN,true,"0	""Propranolol 80mg modified-release capsules (Mawdsley-Brooks & Company Ltd)""	""Propranolol""	""80mg""	""Modified-release capsule""	""Oral""	""Beta-Adrenoceptor Blockers/Prophylaxis Of Migraine/Drugs For Essential Tremor, Chorea, Tics, And Related Disorders/Antithyroid Products""	""Propranolol""",
"""29397""",UNKNOWN,true,"1	""Spiretic 100mg Tablet (DDSA Pharmaceuticals Ltd)""	""Spironolactone""	""100mg""	""Oral tablet""	""Oral""	""Potassium-Sparing Diuretics And Aldosterone Antagonists""	""Spironolactone""",
"""36878""",UNKNOWN,true,"5258	""Rasilez 150mg tablets (Noden Pharma DAC)""	""Aliskiren""	""150mg""	""Oral tablet""	""Oral""	""Renin Inhibitors""	""Aliskiren""",
"""6786""",UNKNOWN,true,"199194	""Lisinopril 10mg / Hydrochlorothiazide 12.5mg tablets""	""Hydrochlorothiazide/Lisinopril""	""10mg + 12.5mg""	""Oral tablet""	""Oral""	""Thiazides And Related Diuretics/Angiotensin-Converting Enzyme Inhibitors (ACE Inhibitors)""	""Hydrochlorothiazide/Lisinopril""",
"""21918""",UNKNOWN,true,"356	""Optil 60mg modified-release tablets (Opus Pharmaceuticals Ltd)""	""Diltiazem""	""60mg""	""Modified-release tablet""	""Oral""	""Calcium-Channel Blockers""	""Diltiazem""",
"""452""",UNKNOWN,true,"539368	""Nifedipine 10mg capsules""	""Nifedipine""	""10mg""	""Oral capsule""	""Oral""	""Calcium-Channel Blockers""	""Nifedipine""",
"""78012""",UNKNOWN,true,"3	""Ifirmasta 150mg tablets (Krka UK Ltd)""	""Irbesartan""	""150mg""	""Oral tablet""	""Oral""	""Angiotensin-II Receptor Antagonists""	""Irbesartan""",
"""87266""",UNKNOWN,true,"1340	""Delofine XL 2.5mg tablets (Morningside Healthcare Ltd)""	""Felodipine""	""2.5mg""	""Modified-release tablet""	""Oral""	""Calcium-Channel Blockers""	""Felodipine""",
"""3839""",UNKNOWN,true,"52349	""Capoten 50mg tablets (Bristol-Myers Squibb Pharmaceuticals Ltd)""	""Captopril""	""50mg""	""Oral tablet""	""Oral""	""Angiotensin-Converting Enzyme Inhibitors (ACE Inhibitors)""	""Captopril""",
"""74172""",UNKNOWN,true,"0	""Indapamide 1.5mg modified-release tablets (Sigma Pharmaceuticals Plc)""	""Indapamide""	""1.5mg""	""Modified-release tablet""	""Oral""	""Thiazides And Related Diuretics""	""Indapamide""",
"""11177""",UNKNOWN,true,"31593	""Physiotens 200microgram tablets (Viatris UK Healthcare Ltd)""	""Moxonidine""	""200microgram""	""Oral tablet""	""Oral""	""Centrally Acting Antihypertensive Products""	""Moxonidine""",
"""14319""",UNKNOWN,true,"141507	""DuoTrav 40micrograms/ml / 5mg/ml eye drops (Novartis Pharmaceuticals UK Ltd)""	""Timolol""	""5mg/1ml + 40microgram/1ml""	""Eye drops""	""Ocular""	""Beta-Blockers (In Glaucoma)/Prostaglandin Analogues (In Glaucoma)""	""Timolol""",
"""89696""",UNKNOWN,true,"6	""Aprovel 150mg tablets (Sigma Pharmaceuticals Plc)""	""Irbesartan""	""150mg""	""Oral tablet""	""Oral""	""Angiotensin-II Receptor Antagonists""	""Irbesartan""",
"""78247""",UNKNOWN,true,"0	""Doxazosin 2mg tablets (Milpharm Ltd)""	""Doxazosin""	""2mg""	""Oral tablet""	""Oral""	""Alpha-Adrenoceptor Blockers/Alpha-Blockers (In Urinary Retention)""	""Doxazosin""",
"""29145""",UNKNOWN,true,"195	""Felendil xl 2.5mg Modified-release tablet (Ratiopharm UK Ltd)""	""Felodipine""	""2.5mg""	""Modified-release tablet""	""Oral""	""Calcium-Channel Blockers""	""Felodipine""",
"""25132""",UNKNOWN,true,"300	""Nifopress MR 20mg tablets (Teva UK Ltd)""	""Nifedipine""	""20mg""	""Modified-release tablet""	""Oral""	""Calcium-Channel Blockers""	""Nifedipine""",
"""55989""",UNKNOWN,true,"9	""Diazoxide 25mg/5ml oral solution""	""Diazoxide""	""5mg/1ml""	""Oral solution""	""Oral""	""Treatment Of Hypoglycaemia""	""Diazoxide""",
"""74648""",UNKNOWN,true,"1	""Nifedipine 10mg Capsule (C P Pharmaceuticals Ltd)""	""Nifedipine""	""10mg""	""Oral capsule""	""Oral""	""Calcium-Channel Blockers""	""Nifedipine""",
"""4406""",UNKNOWN,true,"258	""Decaserpyl plus Tablet (Roussel Laboratories Ltd)""	""Methoserpidine""	NA	""Tablet""	""Oral""	""Centrally Acting Antihypertensive Products""	""Methoserpidine""",
"""82378""",UNKNOWN,true,"0	""Valsartan 80mg / Hydrochlorothiazide 12.5mg tablets (Arrow Generics Ltd)""	""Hydrochlorothiazide/Valsartan""	""80mg + 12.5mg""	""Oral tablet""	""Oral""	""Angiotensin-II Receptor Antagonists With Diuretic""	""Hydrochlorothiazide/Valsartan""",
"""2343""",UNKNOWN,true,"1245899	""Adalat retard 20mg tablets (Bayer Plc)""	""Nifedipine""	""20mg""	""Modified-release tablet""	""Oral""	""Calcium-Channel Blockers""	""Nifedipine""",
"""57908""",UNKNOWN,true,"1	""Co-amilofruse 5mg/40mg tablets (Kent Pharma (UK) Ltd)""	""Amiloride""	""5mg + 40mg""	""Oral tablet""	""Oral""	""Potassium-Sparing Diuretics With Other Diuretics""	""Amiloride""",
"""58090""",UNKNOWN,true,"62	""Clonidine 75micrograms/5ml oral solution""	""Clonidine""	""15microgram/1ml""	""Oral solution""	""Oral""	""Centrally Acting Antihypertensive Products/Prophylaxis Of Migraine/Oestrogens And HRT""	""Clonidine""",
"""75109""",UNKNOWN,true,"8	""Nifedipine 10mg Modified-release tablet (Berk Pharmaceuticals Ltd)""	""Nifedipine""	""10mg""	""Modified-release tablet""	""Oral""	""Calcium-Channel Blockers""	""Nifedipine""",
"""11519""",UNKNOWN,true,"7455	""Spironolactone 25mg/5ml oral suspension sugar free""	""Spironolactone""	""25mg/5ml""	""Suspension Sugar-Free""	""Oral""	""Potassium-Sparing Diuretics And Aldosterone Antagonists""	""Spironolactone""",
"""91900""",UNKNOWN,true,"0	""Candesartan 32mg tablets (Crescent Pharma Ltd)""	""Candesartan""	""32mg""	""Oral tablet""	""Oral""	""Angiotensin-II Receptor Antagonists""	""Candesartan""",
"""89536""",UNKNOWN,true,"2	""Amlodipine 2.5mg tablets (Medihealth (Northern) Ltd)""	""Amlodipine""	""2.5mg""	""Oral tablet""	""Oral""	""Calcium-Channel Blockers""	""Amlodipine""",
"""58874""",UNKNOWN,true,"0	""Perindopril erbumine 2mg tablets (Somex Pharma)""	""Perindopril""	""2mg""	""Oral tablet""	""Oral""	""Angiotensin-Converting Enzyme Inhibitors (ACE Inhibitors)""	""Perindopril""",
"""18223""",UNKNOWN,true,"882	""Trandolapril with verapamil 2mg + 180mg Modified-release capsule""	""Trandolapril/Verapamil""	""2mg + 180mg""	""Modified-Release Capsule""	""Oral""	""Angiotensin-Converting Enzyme Inhibitors (ACE Inhibitors)/Calcium-Channel Blockers""	""Trandolapril/Verapamil""",
"""4856""",UNKNOWN,true,"272126	""Coracten SR 20mg capsules (Teofarma S.r.l.)""	""Nifedipine""	""20mg""	""Modified-release capsule""	""Oral""	""Calcium-Channel Blockers""	""Nifedipine""",
"""13394""",UNKNOWN,true,"5821	""Tenormin 25mg/5ml syrup (AstraZeneca UK Ltd)""	""Atenolol""	""5mg/1ml""	""Oral solution""	""Oral""	""Beta-Adrenoceptor Blockers""	""Atenolol""",
"""504""",UNKNOWN,true,"47	""Hydralazine 20mg powder for solution for injection ampoules""	""Hydralazine""	""20mg""	""Powder for solution for injection""	""Intravenous""	""Vasodilator Antihypertensive Products""	""Hydralazine""",
"""9185""",UNKNOWN,true,"232	""Propranolol 80mg/5ml oral solution""	""Propranolol""	""80mg/5ml""	""Oral Solution""	""Oral""	""Supraventricular Arrhythmias/Beta-Adrenoceptor Blockers""	""Propranolol""",
"""29803""",UNKNOWN,true,"2	""PROPRANOLOL 3 MG ELI""	""Propranolol""	NA	NA	NA	""Unknown""	""Propranolol""",
"""72253""",UNKNOWN,true,"0	""Nifedipine 30mg modified-release tablets (Sigma Pharmaceuticals Plc)""	""Nifedipine""	""30mg""	""Modified-release tablet""	""Oral""	""Calcium-Channel Blockers""	""Nifedipine""",
"""84491""",UNKNOWN,true,"29	""Half Inderal LA 80mg capsules (Mawdsley-Brooks & Company Ltd)""	""Propranolol""	""80mg""	""Modified-release capsule""	""Oral""	""Beta-Adrenoceptor Blockers/Prophylaxis Of Migraine/Drugs For Essential Tremor, Chorea, Tics, And Related Disorders/Antithyroid Products""	""Propranolol""",
"""74942""",UNKNOWN,true,"2	""Chlortalidone 50mg/5ml oral suspension""	""Chlortalidone""	""10mg/1ml""	""Oral suspension""	""Oral""	""Thiazides And Related Diuretics""	""Chlortalidone""",
"""92120""",UNKNOWN,true,"0	""Felodipine 5mg modified-release tablets (Teva UK Ltd)""	""Felodipine""	""5mg""	""Modified-release tablet""	""Oral""	""Calcium-Channel Blockers""	""Felodipine""",
"""30592""",UNKNOWN,true,"1	""CHLOROTHIAZIDE / SPIRONOLACTONE / GLUCOS 60 MG POW""	""Chlorothiazide/Spironolactone""	NA	NA	NA	""Unknown""	""Chlorothiazide/Spironolactone""",
"""30991""",UNKNOWN,true,"87	""Cabren 5mg modified-release tablets (Teva UK Ltd)""	""Felodipine""	""5mg""	""Modified-release tablet""	""Oral""	""Calcium-Channel Blockers""	""Felodipine""",
"""23456""",UNKNOWN,true,"377	""Hydrochlorothiazide with valsartan 25mg with 160mg Tablet""	""Hydrochlorothiazide/Valsartan""	""25mg + 160mg""	""Tablet""	""Oral""	""Thiazides And Related Diuretics/Angiotensin-II Receptor Antagonists""	""Hydrochlorothiazide/Valsartan""",
"""42152""",UNKNOWN,true,"215	""Syprol 50mg/5ml oral solution (Rosemont Pharmaceuticals Ltd)""	""Propranolol""	""10mg/1ml""	""Oral solution""	""Oral""	""Beta-Adrenoceptor Blockers/Prophylaxis Of Migraine/Drugs For Essential Tremor, Chorea, Tics, And Related Disorders/Antithyroid Products""	""Propranolol""",
"""29044""",UNKNOWN,true,"81	""Neofel XL 10mg tablets (Kent Pharma (UK) Ltd)""	""Felodipine""	""10mg""	""Modified-release tablet""	""Oral""	""Calcium-Channel Blockers""	""Felodipine""",
"""54288""",UNKNOWN,true,"0	""Lisinopril 10mg tablets (Arrow Generics Ltd)""	""Lisinopril""	""10mg""	""Oral tablet""	""Oral""	""Angiotensin-Converting Enzyme Inhibitors (ACE Inhibitors)""	""Lisinopril""",
"""47807""",UNKNOWN,true,"2701	""Doxazosin xl 4mg Tablet (Hillcross Pharmaceuticals Ltd)""	""Doxazosin""	""4mg""	""Modified-release tablet""	""Oral""	""Alpha-Adrenoceptor Blockers/Alpha-Blockers (In Urinary Retention)""	""Doxazosin""",
"""9094""",UNKNOWN,true,"4416	""DILTIAZEM HCl SR 300 MG CAP""	""Diltiazem""	NA	NA	NA	""Unknown""	""Diltiazem""",
"""32241""",UNKNOWN,true,"288	""Enalapril 10mg tablets (A A H Pharmaceuticals Ltd)""	""Enalapril""	""10mg""	""Oral tablet""	""Oral""	""Angiotensin-Converting Enzyme Inhibitors (ACE Inhibitors)""	""Enalapril""",
"""60620""",UNKNOWN,true,"0	""Adizem-XL 240mg capsules (Waymade Healthcare Plc)""	""Diltiazem""	""240mg""	""Modified-release capsule""	""Oral""	""Calcium-Channel Blockers""	""Diltiazem""",
"""57208""",UNKNOWN,true,"5	""Diltiazem 120mg modified-release capsules (Cubic Pharmaceuticals Ltd)""	""Diltiazem""	""120mg""	""Modified-release capsule""	""Oral""	""Calcium-Channel Blockers""	""Diltiazem""",
"""21133""",UNKNOWN,true,"50	""Atenamin 50mg Tablet (OPD Pharm)""	""Atenolol""	""50mg""	""Oral tablet""	""Oral""	""Beta-Adrenoceptor Blockers""	""Atenolol""",
"""7911""",UNKNOWN,true,"8907	""Declinax 10mg Tablet (Roche Products Ltd)""	""Debrisoquine""	""10mg""	""Oral tablet""	""Oral""	""Adrenergic Neurone Blockers""	""Debrisoquine""",
"""81449""",UNKNOWN,true,"4	""Enalapril 1mg/5ml oral solution""	""Enalapril""	""200microgram/1ml""	""Oral solution""	""Oral""	""Angiotensin-Converting Enzyme Inhibitors (ACE Inhibitors)""	""Enalapril""",
"""2605""",UNKNOWN,true,"303637	""Nifedipine 10mg modified-release capsules""	""Nifedipine""	""10mg""	""Modified-release capsule""	""Oral""	""Calcium-Channel Blockers""	""Nifedipine""",
"""55399""",UNKNOWN,true,"32	""Lisinopril 20mg / Hydrochlorothiazide 12.5mg tablets (A A H Pharmaceuticals Ltd)""	""Hydrochlorothiazide/Lisinopril""	""20mg + 12.5mg""	""Oral tablet""	""Oral""	""Thiazides And Related Diuretics/Angiotensin-Converting Enzyme Inhibitors (ACE Inhibitors)""	""Hydrochlorothiazide/Lisinopril""",
"""65570""",UNKNOWN,true,"0	""Trandolapril 4mg capsules (Teva UK Ltd)""	""Trandolapril""	""4mg""	""Oral capsule""	""Oral""	""Angiotensin-Converting Enzyme Inhibitors (ACE Inhibitors)""	""Trandolapril""",
"""529""",UNKNOWN,true,"853719	""Candesartan 2mg tablets""	""Candesartan""	""2mg""	""Oral tablet""	""Oral""	""Angiotensin-II Receptor Antagonists""	""Candesartan""",
"""82490""",UNKNOWN,true,"119	""CoAprovel 150mg/12.5mg tablets (Waymade Healthcare Plc)""	""Hydrochlorothiazide/Irbesartan""	""150mg + 12.5mg""	""Oral tablet""	""Oral""	""Thiazides And Related Diuretics/Angiotensin-II Receptor Antagonists With Diuretic""	""Hydrochlorothiazide/Irbesartan""",
"""54544""",UNKNOWN,true,"55	""Captopril 25mg/5ml oral suspension""	""Captopril""	""5mg/1ml""	""Oral suspension""	""Oral""	""Angiotensin-Converting Enzyme Inhibitors (ACE Inhibitors)""	""Captopril""",
"""69269""",UNKNOWN,true,"0	""Lisinopril 20mg tablets (Waymade Healthcare Plc)""	""Lisinopril""	""20mg""	""Oral tablet""	""Oral""	""Angiotensin-Converting Enzyme Inhibitors (ACE Inhibitors)""	""Lisinopril""",
"""65442""",UNKNOWN,true,"23	""Terazosin 5mg tablets (Viatris UK Healthcare Ltd)""	""Terazosin""	""5mg""	""Oral tablet""	""Oral""	""Alpha-Adrenoceptor Blockers/Alpha-Blockers (In Urinary Retention)""	""Terazosin""",
"""60143""",UNKNOWN,true,"0	""Enalapril 5mg tablets (Medreich Plc)""	""Enalapril""	""5mg""	""Oral tablet""	""Oral""	""Angiotensin-Converting Enzyme Inhibitors (ACE Inhibitors)""	""Enalapril""",
"""53896""",UNKNOWN,true,"13	""Iloprost 100micrograms/1ml solution for infusion ampoules""	""Iloprost""	""100microgram/1ml""	""Solution for infusion""	""Intravenous""	""Vasodilator Antihypertensive Products""	""Iloprost""",
"""77947""",UNKNOWN,true,"3	""Diltiazem 120mg/5ml oral solution""	""Diltiazem""	""24mg/1ml""	""Oral solution""	""Oral""	""Calcium-Channel Blockers""	""Diltiazem""",
"""5570""",UNKNOWN,true,"73614	""Zanidip 10mg tablets (Recordati Pharmaceuticals Ltd)""	""Lercanidipine""	""10mg""	""Oral tablet""	""Oral""	""Calcium-Channel Blockers""	""Lercanidipine""",
"""793""",UNKNOWN,true,"221786	""Adizem xl 240mg Capsule (Napp Pharmaceuticals Ltd)""	""Diltiazem""	""240mg""	""Modified-release capsule""	""Oral""	""Calcium-Channel Blockers""	""Diltiazem""",
"""74036""",UNKNOWN,true,"157	""Cosopt 20mg/ml / 5mg/ml eye drops (Waymade Healthcare Plc)""	""Timolol""	""20mg/1ml + 5mg/1ml""	""Eye drops""	""Ocular""	""Beta-Blockers (In Glaucoma)/Carbonic Anhydrase Inhibitors And Systemic Drugs (In Glaucoma)""	""Timolol""",
"""41889""",UNKNOWN,true,"0	""TRIAMTERENE 50MG HYDROCHLOROTHIAZIDE25MG""	""Triamterene""	NA	NA	NA	""Unknown""	""Triamterene""",
"""80841""",UNKNOWN,true,"0	""Irbesartan 150mg tablets (Accord-UK Ltd)""	""Irbesartan""	""150mg""	""Oral tablet""	""Oral""	""Angiotensin-II Receptor Antagonists""	""Irbesartan""",
"""4044""",UNKNOWN,true,"39137	""Diurexan 20mg tablets (Viatris UK Healthcare Ltd)""	""Xipamide""	""20mg""	""Oral tablet""	""Oral""	""Thiazides And Related Diuretics""	""Xipamide""",
"""16498""",UNKNOWN,true,"2499	""Kalspare tablets (DHP Healthcare Ltd)""	""Chlortalidone/Triamterene""	""50mg + 50mg""	""Oral tablet""	""Oral""	""Potassium-Sparing Diuretics With Other Diuretics""	""Chlortalidone/Triamterene""",
"""83763""",UNKNOWN,true,"96	""Telmisartan 80mg tablets (Teva UK Ltd)""	""Telmisartan""	""80mg""	""Oral tablet""	""Oral""	""Angiotensin-II Receptor Antagonists""	""Telmisartan""",
"""85829""",UNKNOWN,true,"0	""Phenoxybenzamine 10mg capsules (Alliance Healthcare (Distribution) Ltd)""	""Phenoxybenzamine""	""10mg""	""Oral capsule""	""Oral""	""Alpha-Adrenoceptor Blockers""	""Phenoxybenzamine""",
"""52972""",UNKNOWN,true,"0	""Irbesartan 300mg tablets (Sigma Pharmaceuticals Plc)""	""Irbesartan""	""300mg""	""Oral tablet""	""Oral""	""Angiotensin-II Receptor Antagonists""	""Irbesartan""",
"""46908""",UNKNOWN,true,"35	""Atenolol 100mg tablets (Kent Pharma (UK) Ltd)""	""Atenolol""	""100mg""	""Oral tablet""	""Oral""	""Beta-Adrenoceptor Blockers""	""Atenolol""",
"""33085""",UNKNOWN,true,"1586	""Atenolol 100mg tablets (A A H Pharmaceuticals Ltd)""	""Atenolol""	""100mg""	""Oral tablet""	""Oral""	""Beta-Adrenoceptor Blockers""	""Atenolol""",
"""17720""",UNKNOWN,true,"4057	""Saluric 500mg Tablet (Merck Sharp & Dohme Ltd)""	""Chlorothiazide""	""500mg""	""Tablet""	""Oral""	""Thiazides And Related Diuretics""	""Chlorothiazide""",
"""79380""",UNKNOWN,true,"20	""Ramipril 1.25mg Capsule (Sovereign Medical Ltd)""	""Ramipril""	""1.25mg""	""Oral capsule""	""Oral""	""Angiotensin-Converting Enzyme Inhibitors (ACE Inhibitors)""	""Ramipril""",
"""72199""",UNKNOWN,true,"0	""Amlodipine 5mg tablets (Milpharm Ltd)""	""Amlodipine""	""5mg""	""Oral tablet""	""Oral""	""Calcium-Channel Blockers""	""Amlodipine""",
"""28738""",UNKNOWN,true,"98	""Methyldopa with hydrochlorothiazide Tablet""	""Hydrochlorothiazide/Methyldopa""	NA	""Tablet""	""Oral""	""Centrally Acting Antihypertensive Products""	""Hydrochlorothiazide/Methyldopa""",
"""6314""",UNKNOWN,true,"310585	""Ramipril 2.5mg tablets""	""Ramipril""	""2.5mg""	""Oral tablet""	""Oral""	""Angiotensin-Converting Enzyme Inhibitors (ACE Inhibitors)""	""Ramipril""",
"""56244""",UNKNOWN,true,"0	""Lisinopril 20mg / Hydrochlorothiazide 12.5mg tablets (Tillomed Laboratories Ltd)""	""Hydrochlorothiazide/Lisinopril""	""20mg + 12.5mg""	""Oral tablet""	""Oral""	""Thiazides And Related Diuretics/Angiotensin-Converting Enzyme Inhibitors (ACE Inhibitors)""	""Hydrochlorothiazide/Lisinopril""",
"""4875""",UNKNOWN,true,"62477	""Terazosin 10mg tablets""	""Terazosin""	""10mg""	""Oral tablet""	""Oral""	""Alpha-Adrenoceptor Blockers/Alpha-Blockers (In Urinary Retention)""	""Terazosin""",
"""59863""",UNKNOWN,true,"134	""Dilzem XL 240 capsules (Lexon (UK) Ltd)""	""Diltiazem""	""240mg""	""Modified-release capsule""	""Oral""	""Calcium-Channel Blockers""	""Diltiazem""",
"""79849""",UNKNOWN,true,"0	""Ramipril 1.25mg capsules (Wockhardt UK Ltd)""	""Ramipril""	""1.25mg""	""Oral capsule""	""Oral""	""Angiotensin-Converting Enzyme Inhibitors (ACE Inhibitors)""	""Ramipril""",
"""29991""",UNKNOWN,true,"91	""Centyl 5mg Tablet (Edwin Burgess Ltd)""	""Bendroflumethiazide""	""5mg""	""Oral tablet""	""Oral""	""Thiazides And Related Diuretics""	""Bendroflumethiazide""",
"""42795""",UNKNOWN,true,"28	""Celiprolol 200mg tablets (Viatris UK Healthcare Ltd)""	""Celiprolol""	""200mg""	""Oral tablet""	""Oral""	""Beta-Adrenoceptor Blockers""	""Celiprolol""",
"""45342""",UNKNOWN,true,"1	""Doxazosin 4mg tablets (Sandoz Ltd)""	""Doxazosin""	""4mg""	""Oral tablet""	""Oral""	""Alpha-Adrenoceptor Blockers/Drugs For Genito-Urinary Disorders""	""Doxazosin""",
"""54404""",UNKNOWN,true,"212	""Losartan 100mg tablets (Actavis UK Ltd)""	""Losartan""	""100mg""	""Oral tablet""	""Oral""	""Angiotensin-II Receptor Antagonists""	""Losartan""",
"""11469""",UNKNOWN,true,"189313	""Irbesartan 300mg / Hydrochlorothiazide 12.5mg tablets""	""Hydrochlorothiazide/Irbesartan""	""300mg + 12.5mg""	""Oral tablet""	""Oral""	""Thiazides And Related Diuretics/Angiotensin-II Receptor Antagonists With Diuretic""	""Hydrochlorothiazide/Irbesartan""",
"""13075""",UNKNOWN,true,"97914	""Dilzem XL 180 capsules (Teva UK Ltd)""	""Diltiazem""	""180mg""	""Modified-release capsule""	""Oral""	""Calcium-Channel Blockers""	""Diltiazem""",
"""74017""",UNKNOWN,true,"689	""Moduretic 5mg/50mg tablets (Waymade Healthcare Plc)""	""Hydrochlorothiazide/Amiloride""	""50mg + 5mg""	""Oral tablet""	""Oral""	""Potassium-Sparing Diuretics With Other Diuretics""	""Hydrochlorothiazide/Amiloride""",
"""64798""",UNKNOWN,true,"1	""Chlorothiazide 120mg/5ml oral solution""	""Chlorothiazide""	""24mg/1ml""	""Oral solution""	""Oral""	""Thiazides And Related Diuretics""	""Chlorothiazide""",
"""4847""",UNKNOWN,true,"561702	""Timolol 0.5% eye drops""	""Timolol""	""5mg/1ml""	""Eye drops""	""Ocular""	""Beta-Blockers (In Glaucoma)""	""Timolol""",
"""53357""",UNKNOWN,true,"126	""Nifedipine 10mg/5ml oral suspension""	""Nifedipine""	""2mg/1ml""	""Oral suspension""	""Oral""	""Calcium-Channel Blockers""	""Nifedipine""",
"""4796""",UNKNOWN,true,"20873	""Inderetic 80mg/2.5mg capsules (AstraZeneca UK Ltd)""	""Bendroflumethiazide/Propranolol""	""80mg + 2.5mg""	""Oral capsule""	""Oral""	""Unknown""	""Bendroflumethiazide/Propranolol""",
"""90266""",UNKNOWN,true,"20	""Amiloride 5mg Tablet (Celltech Pharma Europe Ltd)""	""Amiloride""	""5mg""	""Oral tablet""	""Oral""	""Potassium-Sparing Diuretics And Aldosterone Antagonists""	""Amiloride""",
"""80571""",UNKNOWN,true,"6	""Diltiazem 0.4% ointment""	""Diltiazem""	""4mg/1gram""	""Ointment""	""Route of administration not applicable""	""Local Products For Anal Or Rectal Problems/Calcium-Channel Blockers""	""Diltiazem""",
"""13033""",UNKNOWN,true,"44751	""Angitil XL 240 capsules (Ethypharm UK Ltd)""	""Diltiazem""	""240mg""	""Modified-release capsule""	""Oral""	""Calcium-Channel Blockers""	""Diltiazem""",
"""24797""",UNKNOWN,true,"95	""Regaine for Men Regular Strength 2% solution (McNeil Products Ltd)""	""Minoxidil""	""20mg/1ml""	""Cutaneous solution""	""Cutaneous""	""Vasodilator Antihypertensive Products/Androgenetic Alopecia""	""Minoxidil""",
"""13251""",UNKNOWN,true,"1532	""Vera-Til SR 240mg tablets (Tillomed Laboratories Ltd)""	""Verapamil""	""240mg""	""Modified-release tablet""	""Oral""	""Calcium-Channel Blockers""	""Verapamil""",
"""11973""",UNKNOWN,true,"5976	""Calcicard CR 120mg tablets (Teva UK Ltd)""	""Diltiazem""	""120mg""	""Modified-release tablet""	""Oral""	""Calcium-Channel Blockers""	""Diltiazem""",
"""59001""",UNKNOWN,true,"0	""Amlodipine 10mg tablets (Viatris UK Healthcare Ltd)""	""Amlodipine""	""10mg""	""Oral tablet""	""Oral""	""Calcium-Channel Blockers""	""Amlodipine""",
"""26995""",UNKNOWN,true,"344	""Kaplon 25mg tablets (Teva UK Ltd)""	""Captopril""	""25mg""	""Oral tablet""	""Oral""	""Angiotensin-Converting Enzyme Inhibitors (ACE Inhibitors)""	""Captopril""",
"""65274""",UNKNOWN,true,"0	""Telmisartan 40mg tablets (Accord-UK Ltd)""	""Telmisartan""	""40mg""	""Oral tablet""	""Oral""	""Angiotensin-II Receptor Antagonists""	""Telmisartan""",
"""18852""",UNKNOWN,true,"1322	""Disogram SR 120mg capsules (Sun Pharma UK Ltd)""	""Diltiazem""	""120mg""	""Modified-release capsule""	""Oral""	""Calcium-Channel Blockers""	""Diltiazem""",
"""72914""",UNKNOWN,true,"0	""Bendroflumethiazide 2.5mg Tablet (Celltech Pharma Europe Ltd)""	""Bendroflumethiazide""	""2.5mg""	""Oral tablet""	""Oral""	""Thiazides And Related Diuretics""	""Bendroflumethiazide""",
"""5618""",UNKNOWN,true,"141628	""Cardura XL 8mg tablets (Viatris UK Healthcare Ltd)""	""Doxazosin""	""8mg""	""Modified-release tablet""	""Oral""	""Alpha-Adrenoceptor Blockers/Alpha-Blockers (In Urinary Retention)""	""Doxazosin""",
"""31150""",UNKNOWN,true,"135	""Co-amilozide 5mg/50mg tablets (IVAX Pharmaceuticals UK Ltd)""	""Hydrochlorothiazide/Amiloride""	""50mg + 5mg""	""Oral tablet""	""Oral""	""Potassium-Sparing Diuretics With Other Diuretics""	""Hydrochlorothiazide/Amiloride""",
"""31470""",UNKNOWN,true,"29	""Tenchlor 50mg/12.5mg tablets (Teva UK Ltd)""	""Chlortalidone/Atenolol""	""12.5mg + 50mg""	""Oral tablet""	""Oral""	""Thiazides And Related Diuretics/Beta-Adrenoceptor Blockers""	""Chlortalidone/Atenolol""",
"""84946""",UNKNOWN,true,"0	""Atenolol 25mg tablets (Genesis Pharmaceuticals Ltd)""	""Atenolol""	""25mg""	""Oral tablet""	""Oral""	""Beta-Adrenoceptor Blockers""	""Atenolol""",
"""55299""",UNKNOWN,true,"4	""Ramipril 1.25mg capsules (A A H Pharmaceuticals Ltd)""	""Ramipril""	""1.25mg""	""Oral capsule""	""Oral""	""Angiotensin-Converting Enzyme Inhibitors (ACE Inhibitors)""	""Ramipril""",
"""26463""",UNKNOWN,true,"6	""Zemret xl 240mg Capsule (Neo Laboratories Ltd)""	""Diltiazem""	""240mg""	""Modified-release capsule""	""Oral""	""Calcium-Channel Blockers""	""Diltiazem""",
"""77615""",UNKNOWN,true,"4	""Ramipril 1.25mg/5ml oral solution""	""Ramipril""	""250microgram/1ml""	""Oral solution""	""Oral""	""Angiotensin-Converting Enzyme Inhibitors (ACE Inhibitors)""	""Ramipril""",
"""75345""",UNKNOWN,true,"16	""Felodipine 2.5mg/5ml oral suspension""	""Felodipine""	""500microgram/1ml""	""Oral suspension""	""Oral""	""Calcium-Channel Blockers""	""Felodipine""",
"""82606""",UNKNOWN,true,"0	""Lisinopril 20mg tablets (Arrow Generics Ltd)""	""Lisinopril""	""20mg""	""Oral tablet""	""Oral""	""Angiotensin-Converting Enzyme Inhibitors (ACE Inhibitors)""	""Lisinopril""",
"""67516""",UNKNOWN,true,"7266	""Guanfacine 2mg modified-release tablets""	""Guanfacine""	""2mg""	""Modified-release tablet""	""Oral""	""Centrally Acting Antihypertensive Products""	""Guanfacine""",
"""44192""",UNKNOWN,true,"246	""Zemret 240 XL capsules (Tillomed Laboratories Ltd)""	""Diltiazem""	""240mg""	""Modified-release capsule""	""Oral""	""Calcium-Channel Blockers""	""Diltiazem""",
"""59111""",UNKNOWN,true,"0	""Lisinopril 20mg tablets (Alliance Healthcare (Distribution) Ltd)""	""Lisinopril""	""20mg""	""Oral tablet""	""Oral""	""Angiotensin-Converting Enzyme Inhibitors (ACE Inhibitors)""	""Lisinopril""",
"""18631""",UNKNOWN,true,"4	""VERAPAMIL HCL MR""	""Verapamil""	NA	NA	NA	""Unknown""	""Verapamil""",
"""38634""",UNKNOWN,true,"216599	""Adizem-XL 300mg capsules (Napp Pharmaceuticals Ltd)""	""Diltiazem""	""300mg""	""Modified-release capsule""	""Oral""	""Calcium-Channel Blockers""	""Diltiazem""",
"""79427""",UNKNOWN,true,"0	""Half Inderal LA 80mg capsules (Necessity Supplies Ltd)""	""Propranolol""	""80mg""	""Modified-release capsule""	""Oral""	""Beta-Adrenoceptor Blockers/Prophylaxis Of Migraine/Drugs For Essential Tremor, Chorea, Tics, And Related Disorders/Antithyroid Products""	""Propranolol""",
"""52659""",UNKNOWN,true,"100	""Losartan 50mg/5ml oral solution""	""Losartan""	""10mg/1ml""	""Oral solution""	""Oral""	""Angiotensin-II Receptor Antagonists""	""Losartan""",
"""89711""",UNKNOWN,true,"3	""Propranolol 80mg tablets (Boston Healthcare Ltd)""	""Propranolol""	""80mg""	""Oral tablet""	""Oral""	""Beta-Adrenoceptor Blockers/Prophylaxis Of Migraine/Drugs For Essential Tremor, Chorea, Tics, And Related Disorders/Antithyroid Products""	""Propranolol""",
"""66997""",UNKNOWN,true,"0	""MicardisPlus 40mg/12.5mg tablets (Waymade Healthcare Plc)""	""Hydrochlorothiazide/Telmisartan""	""40mg + 12.5mg""	""Oral tablet""	""Oral""	""Angiotensin-II Receptor Antagonists With Diuretic""	""Hydrochlorothiazide/Telmisartan""",
"""47222""",UNKNOWN,true,"103	""Verapamil 120mg modified-release tablets (A A H Pharmaceuticals Ltd)""	""Verapamil""	""120mg""	""Modified-release tablet""	""Oral""	""Calcium-Channel Blockers""	""Verapamil""",
"""77690""",UNKNOWN,true,"168	""Enalapril 10mg tablets (IVAX Pharmaceuticals UK Ltd)""	""Enalapril""	""10mg""	""Oral tablet""	""Oral""	""Angiotensin-Converting Enzyme Inhibitors (ACE Inhibitors)""	""Enalapril""",
"""76016""",UNKNOWN,true,"6137	""Latanoprost 50micrograms/ml / Timolol 5mg/ml eye drops 0.2ml unit dose preservative free""	""Timolol""	""50microgram/1ml + 5mg/1ml""	""Eye drops""	""Ocular""	""Beta-Blockers (In Glaucoma)/Prostaglandin Analogues (In Glaucoma)""	""Timolol""",
"""10714""",UNKNOWN,true,"4	""Methoserpidine 5mg Tablet""	""Methoserpidine""	""5mg""	""Tablet""	""Oral""	""Centrally Acting Antihypertensive Products""	""Methoserpidine""",
"""56271""",UNKNOWN,true,"131	""Diltiazem 0.2% cream (Drug Tariff Special Order)""	""Diltiazem""	""2mg/1gram""	""Cream""	""Route of administration not applicable""	""Local Products For Anal Or Rectal Problems/Calcium-Channel Blockers""	""Diltiazem""",
"""34657""",UNKNOWN,true,"29	""Ramipril 10mg capsules (Zentiva Pharma UK Ltd)""	""Ramipril""	""10mg""	""Oral capsule""	""Oral""	""Angiotensin-Converting Enzyme Inhibitors (ACE Inhibitors)""	""Ramipril""",
"""59982""",UNKNOWN,true,"7	""Atenolol 25mg tablets (Accord-UK Ltd)""	""Atenolol""	""25mg""	""Oral tablet""	""Oral""	""Beta-Adrenoceptor Blockers""	""Atenolol""",
"""85458""",UNKNOWN,true,"3	""Atenolol 25mg/5ml oral solution sugar free (Syri Ltd)""	""Atenolol""	""5mg/1ml""	""Oral solution""	""Oral""	""Beta-Adrenoceptor Blockers""	""Atenolol""",
"""77402""",UNKNOWN,true,"737	""Zestril 5mg tablets (Dowelhurst Ltd)""	""Lisinopril""	""5mg""	""Oral tablet""	""Oral""	""Angiotensin-Converting Enzyme Inhibitors (ACE Inhibitors)""	""Lisinopril""",
"""2255""",UNKNOWN,true,"438640	""Navispare 2.5mg/250microgram tablets (Advanz Pharma)""	""Cyclopenthiazide/Amiloride""	""2.5mg + 250microgram""	""Oral tablet""	""Oral""	""Potassium-Sparing Diuretics With Other Diuretics""	""Cyclopenthiazide/Amiloride""",
"""29763""",UNKNOWN,true,"59	""Propanix 160mg Tablet (Ashbourne Pharmaceuticals Ltd)""	""Propranolol""	""160mg""	""Oral tablet""	""Oral""	""Supraventricular Arrhythmias/Beta-Adrenoceptor Blockers""	""Propranolol""",
"""6217""",UNKNOWN,true,"395478	""Olmesartan medoxomil 10mg tablets""	""Olmesartan""	""10mg""	""Oral tablet""	""Oral""	""Angiotensin-II Receptor Antagonists""	""Olmesartan""",
"""8673""",UNKNOWN,true,"12248	""Oxprenolol with cyclopenthiazide 160mg+0.25mg Modified-release tablet""	""Cyclopenthiazide""	""160mg+0.25mg""	""Modified-Release Tablet""	""Oral""	""Thiazides And Related Diuretics/Beta-Adrenoceptor Blockers""	""Cyclopenthiazide""",
"""58843""",UNKNOWN,true,"1	""Perindopril erbumine 2mg tablets (Kent Pharma (UK) Ltd)""	""Perindopril""	""2mg""	""Oral tablet""	""Oral""	""Angiotensin-Converting Enzyme Inhibitors (ACE Inhibitors)""	""Perindopril""",
"""88968""",UNKNOWN,true,"58	""Visublend 0.3mg/ml / 5mg/ml eye drops (Visufarma UK Ltd)""	""Timolol""	""300microgram/1ml + 5mg/1ml""	""Eye drops""	""Ocular""	""Prostaglandin Analogues (In Glaucoma)""	""Timolol""",
"""45297""",UNKNOWN,true,"1	""Propranolol 40mg tablets (IVAX Pharmaceuticals UK Ltd)""	""Propranolol""	""40mg""	""Oral tablet""	""Oral""	""Beta-Adrenoceptor Blockers/Prophylaxis Of Migraine/Drugs For Essential Tremor, Chorea, Tics, And Related Disorders/Antithyroid Products""	""Propranolol""",
"""83578""",UNKNOWN,true,"6	""Doxazosin 1mg tablets (Milpharm Ltd)""	""Doxazosin""	""1mg""	""Oral tablet""	""Oral""	""Alpha-Adrenoceptor Blockers/Alpha-Blockers (In Urinary Retention)""	""Doxazosin""",
"""56162""",UNKNOWN,true,"0	""Perindopril erbumine 4mg tablets (Krka UK Ltd)""	""Perindopril""	""4mg""	""Oral tablet""	""Oral""	""Angiotensin-Converting Enzyme Inhibitors (ACE Inhibitors)""	""Perindopril""",
"""17686""",UNKNOWN,true,"5515	""Micardis 20mg tablets (Boehringer Ingelheim Ltd)""	""Telmisartan""	""20mg""	""Oral tablet""	""Oral""	""Angiotensin-II Receptor Antagonists""	""Telmisartan""",
"""7698""",UNKNOWN,true,"81677	""Aprinox 5mg tablets (Amdipharm Plc)""	""Bendroflumethiazide""	""5mg""	""Oral tablet""	""Oral""	""Thiazides And Related Diuretics""	""Bendroflumethiazide""",
"""8765""",UNKNOWN,true,"477	""ATENOLOL/CHLORTHALIDONE 50 MG TAB""	""Atenolol""	NA	""Tablet""	""Oral""	""Unknown""	""Atenolol""",
"""83469""",UNKNOWN,true,"0	""Metoprolol 50mg tablets (Almus Pharmaceuticals Ltd)""	""Metoprolol""	""50mg""	""Oral tablet""	""Oral""	""Beta-Adrenoceptor Blockers/Prophylaxis Of Migraine""	""Metoprolol""",
"""91583""",UNKNOWN,true,"0	""Ramipril 1.25mg capsules (DE Pharmaceuticals)""	""Ramipril""	""1.25mg""	""Oral capsule""	""Oral""	""Angiotensin-Converting Enzyme Inhibitors (ACE Inhibitors)""	""Ramipril""",
"""53755""",UNKNOWN,true,"2	""Candesartan 4mg tablets (Teva UK Ltd)""	""Candesartan""	""4mg""	""Oral tablet""	""Oral""	""Angiotensin-II Receptor Antagonists""	""Candesartan""",
"""79030""",UNKNOWN,true,"18	""Propranolol 80mg tablets (Actavis UK Ltd)""	""Propranolol""	""80mg""	""Oral tablet""	""Oral""	""Beta-Adrenoceptor Blockers/Prophylaxis Of Migraine/Drugs For Essential Tremor, Chorea, Tics, And Related Disorders/Antithyroid Products""	""Propranolol""",
"""923""",UNKNOWN,true,"850339	""Co-amilozide 5mg/50mg tablets""	""Hydrochlorothiazide/Amiloride""	""50mg + 5mg""	""Oral tablet""	""Oral""	""Potassium-Sparing Diuretics With Other Diuretics""	""Hydrochlorothiazide/Amiloride""",
"""3285""",UNKNOWN,true,"1071	""AMILORIDE S/F 5 MG/5ML SOL""	""Amiloride""	NA	NA	NA	""Unknown""	""Amiloride""",
"""77442""",UNKNOWN,true,"832	""Tildiem 60mg modified-release tablets (Dowelhurst Ltd)""	""Diltiazem""	""60mg""	""Modified-release tablet""	""Oral""	""Calcium-Channel Blockers""	""Diltiazem""",
"""33471""",UNKNOWN,true,"67	""Verapamil 40mg tablets (Accord-UK Ltd)""	""Verapamil""	""40mg""	""Oral tablet""	""Oral""	""Calcium-Channel Blockers""	""Verapamil""",
"""11769""",UNKNOWN,true,"6654	""Calchan MR 20 tablets (Sun Pharma UK Ltd)""	""Nifedipine""	""20mg""	""Modified-release tablet""	""Oral""	""Calcium-Channel Blockers""	""Nifedipine""",
"""70709""",UNKNOWN,true,"0	""Ramipril 10mg tablets (Accord-UK Ltd)""	""Ramipril""	""10mg""	""Oral tablet""	""Oral""	""Angiotensin-Converting Enzyme Inhibitors (ACE Inhibitors)""	""Ramipril""",
"""19892""",UNKNOWN,true,"944	""Serpasil -esidrex Tablet (Novartis Pharmaceuticals UK Ltd)""	""Hydrochlorothiazide/Reserpine""	NA	""Tablet""	""Oral""	""Centrally Acting Antihypertensive Products""	""Hydrochlorothiazide/Reserpine""",
"""79012""",UNKNOWN,true,"9	""Pindolol 5mg tablets (Viatris UK Healthcare Ltd)""	""Pindolol""	""5mg""	""Oral tablet""	""Oral""	""Beta-Adrenoceptor Blockers""	""Pindolol""",
"""34365""",UNKNOWN,true,"15290	""Atenolol 50mg tablets (Teva UK Ltd)""	""Atenolol""	""50mg""	""Oral tablet""	""Oral""	""Beta-Adrenoceptor Blockers""	""Atenolol""",
"""69667""",UNKNOWN,true,"29	""Losartan 100mg/5ml oral solution""	""Losartan""	""20mg/1ml""	""Oral solution""	""Oral""	""Angiotensin-II Receptor Antagonists""	""Losartan""",
"""57859""",UNKNOWN,true,"169	""Diltiazem 90mg modified-release tablets (Cubic Pharmaceuticals Ltd)""	""Diltiazem""	""90mg""	""Modified-release tablet""	""Oral""	""Calcium-Channel Blockers""	""Diltiazem""",
"""74534""",UNKNOWN,true,"1	""Clonidine 250micrograms/5ml oral suspension""	""Clonidine""	""50microgram/1ml""	""Oral suspension""	""Oral""	""Centrally Acting Antihypertensive Products/Prophylaxis Of Migraine/Oestrogens And HRT""	""Clonidine""",
"""593""",UNKNOWN,true,"3813817	""Perindopril erbumine 2mg tablets""	""Perindopril""	""2mg""	""Oral tablet""	""Oral""	""Angiotensin-Converting Enzyme Inhibitors (ACE Inhibitors)""	""Perindopril""",
"""14300""",UNKNOWN,true,"6786	""Zanidip 20mg tablets (Recordati Pharmaceuticals Ltd)""	""Lercanidipine""	""20mg""	""Oral tablet""	""Oral""	""Calcium-Channel Blockers""	""Lercanidipine""",
"""31833""",UNKNOWN,true,"1	""Angilol 80mg Tablet (DDSA Pharmaceuticals Ltd)""	""Propranolol""	""80mg""	""Oral tablet""	""Oral""	""Supraventricular Arrhythmias/Beta-Adrenoceptor Blockers""	""Propranolol""",
"""24280""",UNKNOWN,true,"30	""Totaretic 100mg+25mg Tablet (C P Pharmaceuticals Ltd)""	""Chlortalidone/Atenolol""	""100mg + 25mg""	""Oral tablet""	""Oral""	""Thiazides And Related Diuretics/Beta-Adrenoceptor Blockers""	""Chlortalidone/Atenolol""",
"""8262""",UNKNOWN,true,"247688	""Celiprolol 200mg tablets""	""Celiprolol""	""200mg""	""Oral tablet""	""Oral""	""Beta-Adrenoceptor Blockers""	""Celiprolol""",
"""2979""",UNKNOWN,true,"28733	""Centyl k Tablet (Edwin Burgess Ltd)""	""Bendroflumethiazide""	""2.5mg + 630mg""	""Modified-release tablet""	""Oral""	""Diuretics With Potassium""	""Bendroflumethiazide""",
"""19003""",UNKNOWN,true,"11	""SPIRONOLACTONE/PROPRANOLOL 50 MG TAB""	""Spironolactone/Propranolol""	NA	""Tablet""	""Oral""	""Unknown""	""Spironolactone/Propranolol""",
"""22708""",UNKNOWN,true,"1266	""Enalapril 5mg wafer""	""Enalapril""	""5mg""	""Wafer""	NA	""Angiotensin-Converting Enzyme Inhibitors (ACE Inhibitors)""	""Enalapril""",
"""37294""",UNKNOWN,true,"1	""Triamterene with chlortalidone 50mg + 25mg Tablet""	""Chlortalidone/Triamterene""	""50mg + 25mg""	""Tablet""	""Oral""	""Thiazides And Related Diuretics/Potassium-Sparing Diuretics With Other Diuretics""	""Chlortalidone/Triamterene""",
"""2680""",UNKNOWN,true,"13350	""Apresoline 50mg Tablet (Sovereign Medical Ltd)""	""Hydralazine""	""50mg""	""Oral tablet""	""Oral""	""Vasodilator Antihypertensive Products""	""Hydralazine""",
"""43988""",UNKNOWN,true,"5542	""Aldomet 250mg tablets (Aspen Pharma Trading Ltd)""	""Methyldopa""	""250mg""	""Oral tablet""	""Oral""	""Centrally Acting Antihypertensive Products""	""Methyldopa""",
"""76539""",UNKNOWN,true,"10	""Nifedipin-ratiopharm 20mg/ml oral drops (Imported (Germany))""	""Nifedipine""	""20mg/1ml""	""Oral drops""	""Oral""	""Calcium-Channel Blockers""	""Nifedipine""",
"""6408""",UNKNOWN,true,"1403	""Tanatril 5mg tablets (Northumbria Pharma Ltd)""	""Imidapril""	""5mg""	""Oral tablet""	""Oral""	""Angiotensin-Converting Enzyme Inhibitors (ACE Inhibitors)""	""Imidapril""",
"""68531""",UNKNOWN,true,"1	""Verapamil 40mg/5ml oral suspension""	""Verapamil""	""8mg/1ml""	""Oral suspension""	""Oral""	""Calcium-Channel Blockers""	""Verapamil""",
"""83005""",UNKNOWN,true,"7	""Riociguat 2.5mg tablets""	""Riociguat""	""2.5mg""	""Oral tablet""	""Oral""	""Vasodilator Antihypertensive Products""	""Riociguat""",
"""21886""",UNKNOWN,true,"2185	""Nifedipress MR 20 tablets (Actavis UK Ltd)""	""Nifedipine""	""20mg""	""Modified-release tablet""	""Oral""	""Calcium-Channel Blockers""	""Nifedipine""",
"""68247""",UNKNOWN,true,"265	""Lisinopril 5mg tablets (Bristol Laboratories Ltd)""	""Lisinopril""	""5mg""	""Oral tablet""	""Oral""	""Angiotensin-Converting Enzyme Inhibitors (ACE Inhibitors)""	""Lisinopril""",
"""7961""",UNKNOWN,true,"922	""Spironolactone 50mg with hydroflumethiazide 50mg tablet""	""Spironolactone""	""50mg+50mg""	""Tablets""	""Oral""	""Thiazides And Related Diuretics/Potassium-Sparing Diuretics With Other Diuretics""	""Spironolactone""",
"""58662""",UNKNOWN,true,"26017	""Bimatoprost 300micrograms/ml / Timolol 5mg/ml eye drops 0.4ml unit dose preservative free""	""Timolol""	""5mg/1ml + 300microgram/1ml""	""Eye drops""	""Ocular""	""Prostaglandin Analogues (In Glaucoma)""	""Timolol""",
"""54679""",UNKNOWN,true,"145	""Chlorothiazide 250mg tablets""	""Chlorothiazide""	""250mg""	""Oral tablet""	""Oral""	""Thiazides And Related Diuretics""	""Chlorothiazide""",
"""91555""",UNKNOWN,true,"4	""Urospir 25mg/5ml oral solution (Rosemont Pharmaceuticals Ltd)""	""Spironolactone""	""5mg/1ml""	""Oral solution""	""Oral""	""Potassium-Sparing Diuretics And Aldosterone Antagonists""	""Spironolactone""",
"""13123""",UNKNOWN,true,"94095	""Eprosartan 400mg tablets""	""Eprosartan""	""400mg""	""Oral tablet""	""Oral""	""Angiotensin-II Receptor Antagonists""	""Eprosartan""",
"""12836""",UNKNOWN,true,"229371	""Eprosartan 600mg tablets""	""Eprosartan""	""600mg""	""Oral tablet""	""Oral""	""Angiotensin-II Receptor Antagonists""	""Eprosartan""",
"""49001""",UNKNOWN,true,"1050	""Diltiazem 120mg modified-release tablets (Alliance Healthcare (Distribution) Ltd)""	""Diltiazem""	""120mg""	""Modified-release tablet""	""Oral""	""Calcium-Channel Blockers""	""Diltiazem""",
"""34553""",UNKNOWN,true,"270	""Doxazosin 4mg tablets (Viatris UK Healthcare Ltd)""	""Doxazosin""	""4mg""	""Oral tablet""	""Oral""	""Alpha-Adrenoceptor Blockers/Alpha-Blockers (In Urinary Retention)""	""Doxazosin""",
"""62853""",UNKNOWN,true,"0	""Moxonidine 200microgram tablets (A A H Pharmaceuticals Ltd)""	""Moxonidine""	""200microgram""	""Oral tablet""	""Oral""	""Centrally Acting Antihypertensive Products""	""Moxonidine""",
"""27136""",UNKNOWN,true,"1433	""Diltiazem 90mg modified-release tablets (A A H Pharmaceuticals Ltd)""	""Diltiazem""	""90mg""	""Modified-release tablet""	""Oral""	""Calcium-Channel Blockers""	""Diltiazem""",
"""8759""",UNKNOWN,true,"9908	""Verapamil hcl 120mg modified release tablets""	""Verapamil""	""120mg""	""Modified Release Tablet""	""Oral""	""Supraventricular Arrhythmias/Calcium-Channel Blockers""	""Verapamil""",
"""76516""",UNKNOWN,true,"2	""Selexipag 200microgram tablets""	""Selexipag""	""200microgram""	""Oral tablet""	""Oral""	""Vasodilator Antihypertensive Products""	""Selexipag""",
"""5988""",UNKNOWN,true,"402240	""Telmisartan 40mg tablets""	""Telmisartan""	""40mg""	""Oral tablet""	""Oral""	""Angiotensin-II Receptor Antagonists""	""Telmisartan""",
"""9431""",UNKNOWN,true,"122	""Frusemek 40mg+5mg Tablet (Approved Prescription Services Ltd)""	""Amiloride""	""5mg + 40mg""	""Oral tablet""	""Oral""	""Loop Diuretics/Potassium-Sparing Diuretics With Other Diuretics""	""Amiloride""",
"""79828""",UNKNOWN,true,"0	""Perindopril 4mg Tablet (Servier Laboratories Ltd)""	""Perindopril""	""4mg""	""Oral tablet""	""Oral""	""Angiotensin-Converting Enzyme Inhibitors (ACE Inhibitors)""	""Perindopril""",
"""14438""",UNKNOWN,true,"2733	""Corgaretic 80mg tablets (Sanofi-Synthelabo Ltd)""	""Bendroflumethiazide/Nadolol""	""5mg + 80mg""	""Oral tablet""	""Oral""	""Unknown""	""Bendroflumethiazide/Nadolol""",
"""58557""",UNKNOWN,true,"0	""Adalat LA 20mg tablets (Necessity Supplies Ltd)""	""Nifedipine""	""20mg""	""Modified-release tablet""	""Oral""	""Calcium-Channel Blockers""	""Nifedipine""",
"""47727""",UNKNOWN,true,"406	""Sevikar HCT 40mg/5mg/25mg tablets (Daiichi Sankyo UK Ltd)""	""Amlodipine/Hydrochlorothiazide/Olmesartan""	""40mg + 5mg + 25mg""	""Oral tablet""	""Oral""	""Angiotensin-II Receptor Antagonists""	""Amlodipine/Hydrochlorothiazide/Olmesartan""",
"""31536""",UNKNOWN,true,"71	""Atenolol 25mg tablets (Kent Pharma (UK) Ltd)""	""Atenolol""	""25mg""	""Oral tablet""	""Oral""	""Beta-Adrenoceptor Blockers""	""Atenolol""",
"""6510""",UNKNOWN,true,"79880	""Univer 120mg modified-release capsules (Teva UK Ltd)""	""Verapamil""	""120mg""	""Modified-release capsule""	""Oral""	""Calcium-Channel Blockers""	""Verapamil""",
"""16248""",UNKNOWN,true,"409	""Clonidine 150micrograms/1ml solution for injection ampoules""	""Clonidine""	""150microgram/1ml""	""Solution for injection""	""Intravenous""	""Centrally Acting Antihypertensive Products""	""Clonidine""",
"""27295""",UNKNOWN,true,"2	""Securon IV 5mg/2ml solution for injection ampoules (Viatris UK Healthcare Ltd)""	""Verapamil""	""2.5mg/1ml""	""Solution for injection""	""Intravenous""	""Calcium-Channel Blockers""	""Verapamil""",
"""11454""",UNKNOWN,true,"67896	""Timolol 0.5% eye gel""	""Timolol""	""5mg/1ml""	""Eye gel""	""Ocular""	""Beta-Blockers (In Glaucoma)""	""Timolol""",
"""2968""",UNKNOWN,true,"27756	""Minoxidil 10mg tablets""	""Minoxidil""	""10mg""	""Oral tablet""	""Oral""	""Vasodilator Antihypertensive Products""	""Minoxidil""",
"""41555""",UNKNOWN,true,"78	""Propranolol 40mg tablets (A A H Pharmaceuticals Ltd)""	""Propranolol""	""40mg""	""Oral tablet""	""Oral""	""Beta-Adrenoceptor Blockers/Prophylaxis Of Migraine/Drugs For Essential Tremor, Chorea, Tics, And Related Disorders/Antithyroid Products""	""Propranolol""",
"""82451""",UNKNOWN,true,"0	""Indoramin 20mg tablets (Almus Pharmaceuticals Ltd)""	""Indoramin""	""20mg""	""Oral tablet""	""Oral""	""Alpha-Adrenoceptor Blockers/Alpha-Blockers (In Urinary Retention)""	""Indoramin""",
"""7429""",UNKNOWN,true,"55	""Tenormin 5mg/10ml solution for injection ampoules (Atnahs Pharma UK Ltd)""	""Atenolol""	""500microgram/1ml""	""Solution for injection""	""Intravenous""	""Beta-Adrenoceptor Blockers""	""Atenolol""",
"""43507""",UNKNOWN,true,"103	""Captopril 25mg Tablet (Generics (UK) Ltd)""	""Captopril""	""25mg""	""Oral tablet""	""Oral""	""Angiotensin-Converting Enzyme Inhibitors (ACE Inhibitors)""	""Captopril""",
"""21506""",UNKNOWN,true,"1001	""Glau-Opt 0.25% eye drops (Opus Pharmaceuticals Ltd)""	""Timolol""	""2.5mg/1ml""	""Eye drops""	""Ocular""	""Beta-Blockers (In Glaucoma)""	""Timolol""",
"""32560""",UNKNOWN,true,"933	""Tanatril 20mg tablets (Northumbria Pharma Ltd)""	""Imidapril""	""20mg""	""Oral tablet""	""Oral""	""Angiotensin-Converting Enzyme Inhibitors (ACE Inhibitors)""	""Imidapril""",
"""82033""",UNKNOWN,true,"0	""Trandolapril 4mg capsules (Viatris UK Healthcare Ltd)""	""Trandolapril""	""4mg""	""Oral capsule""	""Oral""	""Angiotensin-Converting Enzyme Inhibitors (ACE Inhibitors)""	""Trandolapril""",
"""13526""",UNKNOWN,true,"8143	""Atenix Co 100 tablets (Ashbourne Pharmaceuticals Ltd)""	""Chlortalidone/Atenolol""	""100mg + 25mg""	""Oral tablet""	""Oral""	""Thiazides And Related Diuretics/Beta-Adrenoceptor Blockers""	""Chlortalidone/Atenolol""",
"""65159""",UNKNOWN,true,"0	""Doxazosin 4mg tablets (Waymade Healthcare Plc)""	""Doxazosin""	""4mg""	""Oral tablet""	""Oral""	""Alpha-Adrenoceptor Blockers/Alpha-Blockers (In Urinary Retention)""	""Doxazosin""",
"""43818""",UNKNOWN,true,"323465	""Adalat LA 60mg tablets (Bayer Plc)""	""Nifedipine""	""60mg""	""Modified-release tablet""	""Oral""	""Calcium-Channel Blockers""	""Nifedipine""",
"""37573""",UNKNOWN,true,"30606	""Valsartan 320mg tablets""	""Valsartan""	""320mg""	""Oral tablet""	""Oral""	""Angiotensin-II Receptor Antagonists""	""Valsartan""",
"""32870""",UNKNOWN,true,"60	""Diltiazem 60mg modified-release tablets (Sterwin Medicines)""	""Diltiazem""	""60mg""	""Modified-release tablet""	""Oral""	""Calcium-Channel Blockers""	""Diltiazem""",
"""54940""",UNKNOWN,true,"3	""Ketanserin 20mg tablets""	""Ketanserin""	""20mg""	""Oral tablet""	""Oral""	""Hypertension Or Heart Failure Products""	""Ketanserin""",
"""45264""",UNKNOWN,true,"2	""Ramipril 1.25mg capsules (Accord-UK Ltd)""	""Ramipril""	""1.25mg""	""Oral capsule""	""Oral""	""Angiotensin-Converting Enzyme Inhibitors (ACE Inhibitors)""	""Ramipril""",
"""4211""",UNKNOWN,true,"35494	""Furosemide with amiloride 20mg+2.5mg Tablet""	""Amiloride""	""20mg+2.5mg""	""Tablet""	""Oral""	""Loop Diuretics/Potassium-Sparing Diuretics With Other Diuretics""	""Amiloride""",
"""35794""",UNKNOWN,true,"297	""Enalapril 5mg tablets (A A H Pharmaceuticals Ltd)""	""Enalapril""	""5mg""	""Oral tablet""	""Oral""	""Angiotensin-Converting Enzyme Inhibitors (ACE Inhibitors)""	""Enalapril""",
"""52197""",UNKNOWN,true,"0	""Ramipril 5mg capsules (Sigma Pharmaceuticals Plc)""	""Ramipril""	""5mg""	""Oral capsule""	""Oral""	""Angiotensin-Converting Enzyme Inhibitors (ACE Inhibitors)""	""Ramipril""",
"""17624""",UNKNOWN,true,"4141	""Captopril 5mg/5ml oral suspension""	""Captopril""	""1mg/1ml""	""Oral suspension""	""Oral""	""Angiotensin-Converting Enzyme Inhibitors (ACE Inhibitors)""	""Captopril""",
"""46302""",UNKNOWN,true,"36	""Neo-Naclex 2.5mg tablets (Advanz Pharma)""	""Bendroflumethiazide""	""2.5mg""	""Oral tablet""	""Oral""	""Thiazides And Related Diuretics/Hypercalcaemia And Hypercalciuria""	""Bendroflumethiazide""",
"""35189""",UNKNOWN,true,"10598	""Amlodipine 10mg / Valsartan 160mg tablets""	""Amlodipine/Valsartan""	""160mg + 10mg""	""Oral tablet""	""Oral""	""Angiotensin-II Receptor Antagonists/Calcium-Channel Blockers""	""Amlodipine/Valsartan""",
"""5815""",UNKNOWN,true,"20775	""Indoramin 25mg tablets""	""Indoramin""	""25mg""	""Oral tablet""	""Oral""	""Alpha-Adrenoceptor Blockers/Alpha-Blockers (In Urinary Retention)""	""Indoramin""",
"""89671""",UNKNOWN,true,"90	""Codimaz 20mg/ml / 5mg/ml eye drops (Scope Ophthalmics Ltd)""	""Timolol""	""5mg/1ml + 20mg/1ml""	""Eye drops""	""Ocular""	""Carbonic Anhydrase Inhibitors And Systemic Drugs (In Glaucoma)""	""Timolol""",
"""16776""",UNKNOWN,true,"18072	""Celectol 400mg Tablet (Pantheon Healthcare Ltd)""	""Celiprolol""	""400mg""	""Oral tablet""	""Oral""	""Beta-Adrenoceptor Blockers""	""Celiprolol""",
"""1301""",UNKNOWN,true,"148501	""Frumil ls 20mg+2.5mg Tablet (Helios Healthcare Ltd)""	""Amiloride""	""2.5mg + 20mg""	""Oral tablet""	""Oral""	""Loop Diuretics/Potassium-Sparing Diuretics With Other Diuretics""	""Amiloride""",
"""7642""",UNKNOWN,true,"29446	""Aldomet 500mg Tablet (Merck Sharp & Dohme Ltd)""	""Methyldopa""	""500mg""	""Oral tablet""	""Oral""	""Centrally Acting Antihypertensive Products""	""Methyldopa""",
"""52293""",UNKNOWN,true,"18	""Captopril 2mg capsules""	""Captopril""	""2mg""	""Oral capsule""	""Oral""	""Angiotensin-Converting Enzyme Inhibitors (ACE Inhibitors)""	""Captopril""",
"""59393""",UNKNOWN,true,"0	""Irbesartan 300mg tablets (Sandoz Ltd)""	""Irbesartan""	""300mg""	""Oral tablet""	""Oral""	""Angiotensin-II Receptor Antagonists""	""Irbesartan""",
"""4939""",UNKNOWN,true,"367367	""Coracten XL 60mg capsules (Teofarma S.r.l.)""	""Nifedipine""	""60mg""	""Modified-release capsule""	""Oral""	""Calcium-Channel Blockers""	""Nifedipine""",
"""39807""",UNKNOWN,true,"69951	""Frumil 40mg/5mg tablets (Sanofi)""	""Amiloride""	""5mg + 40mg""	""Oral tablet""	""Oral""	""Potassium-Sparing Diuretics With Other Diuretics""	""Amiloride""",
"""86142""",UNKNOWN,true,"41	""Istin 5mg tablets (Sigma Pharmaceuticals Plc)""	""Amlodipine""	""5mg""	""Oral tablet""	""Oral""	""Calcium-Channel Blockers""	""Amlodipine""",
"""71004""",UNKNOWN,true,"0	""Perindopril erbumine 8mg tablets (Accord-UK Ltd)""	""Perindopril""	""8mg""	""Oral tablet""	""Oral""	""Angiotensin-Converting Enzyme Inhibitors (ACE Inhibitors)""	""Perindopril""",
"""77641""",UNKNOWN,true,"1	""CoAprovel 300mg/12.5mg tablets (Mawdsley-Brooks & Company Ltd)""	""Hydrochlorothiazide/Irbesartan""	""300mg + 12.5mg""	""Oral tablet""	""Oral""	""Thiazides And Related Diuretics/Angiotensin-II Receptor Antagonists With Diuretic""	""Hydrochlorothiazide/Irbesartan""",
"""34492""",UNKNOWN,true,"308	""Atenolol 25mg tablets (Viatris UK Healthcare Ltd)""	""Atenolol""	""25mg""	""Oral tablet""	""Oral""	""Beta-Adrenoceptor Blockers""	""Atenolol""",
"""56148""",UNKNOWN,true,"0	""Ramipril 1.25mg tablets (Kent Pharma (UK) Ltd)""	""Ramipril""	""1.25mg""	""Oral tablet""	""Oral""	""Angiotensin-Converting Enzyme Inhibitors (ACE Inhibitors)""	""Ramipril""",
"""13699""",UNKNOWN,true,"77	""Angiopine la 40mg Tablet (Ashbourne Pharmaceuticals Ltd)""	""Nifedipine""	""40mg""	""Modified-release tablet""	""Oral""	""Calcium-Channel Blockers""	""Nifedipine""",
"""9646""",UNKNOWN,true,"18832	""Tritace 1.25mg capsules (Aventis Pharma)""	""Ramipril""	""1.25mg""	""Oral capsule""	""Oral""	""Angiotensin-Converting Enzyme Inhibitors (ACE Inhibitors)""	""Ramipril""",
"""85586""",UNKNOWN,true,"0	""Amlodipine 5mg tablets (Crescent Pharma Ltd)""	""Amlodipine""	""5mg""	""Oral tablet""	""Oral""	""Calcium-Channel Blockers""	""Amlodipine""",
"""8068""",UNKNOWN,true,"51254	""Metoprolol 200mg modified-release tablets""	""Metoprolol""	""200mg""	""Modified-release tablet""	""Oral""	""Unknown""	""Metoprolol""",
"""72181""",UNKNOWN,true,"14	""Felodipine 5mg/5ml oral solution""	""Felodipine""	""1mg/1ml""	""Oral solution""	""Oral""	""Calcium-Channel Blockers""	""Felodipine""",
"""40241""",UNKNOWN,true,"20	""Propranolol LA 160mg Capsule (Approved Prescription Services Ltd)""	""Propranolol""	""160mg""	""Modified-release capsule""	""Oral""	""Beta-Adrenoceptor Blockers/Prophylaxis Of Migraine""	""Propranolol""",
"""66555""",UNKNOWN,true,"2	""Propranolol 10mg tablets (Boston Healthcare Ltd)""	""Propranolol""	""10mg""	""Oral tablet""	""Oral""	""Beta-Adrenoceptor Blockers/Prophylaxis Of Migraine/Drugs For Essential Tremor, Chorea, Tics, And Related Disorders/Antithyroid Products""	""Propranolol""",
"""9143""",UNKNOWN,true,"38268	""Viskaldix tablets (Advanz Pharma)""	""Pindolol""	""10mg + 5mg""	""Oral tablet""	""Oral""	""Beta-Blockers With Diuretics""	""Pindolol""",
"""68181""",UNKNOWN,true,"0	""Felodipine 5mg modified-release tablets (Sigma Pharmaceuticals Plc)""	""Felodipine""	""5mg""	""Modified-release tablet""	""Oral""	""Calcium-Channel Blockers""	""Felodipine""",
"""40711""",UNKNOWN,true,"1520	""Losartan 2.5mg/ml oral suspension sugar free""	""Losartan""	""2.5mg/1ml""	""Oral suspension""	""Oral""	""Angiotensin-II Receptor Antagonists""	""Losartan""",
"""77850""",UNKNOWN,true,"1	""Chlorothiazide 500mg/5ml oral solution""	""Chlorothiazide""	""100mg/1ml""	""Oral solution""	""Oral""	""Thiazides And Related Diuretics""	""Chlorothiazide""",
"""33644""",UNKNOWN,true,"42	""Propranolol 80mg tablets (A A H Pharmaceuticals Ltd)""	""Propranolol""	""80mg""	""Oral tablet""	""Oral""	""Beta-Adrenoceptor Blockers/Prophylaxis Of Migraine/Drugs For Essential Tremor, Chorea, Tics, And Related Disorders/Antithyroid Products""	""Propranolol""",
"""89694""",UNKNOWN,true,"602	""Lisinopril 10mg tablets (IVAX Pharmaceuticals UK Ltd)""	""Lisinopril""	""10mg""	""Oral tablet""	""Oral""	""Angiotensin-Converting Enzyme Inhibitors (ACE Inhibitors)""	""Lisinopril""",
"""62207""",UNKNOWN,true,"0	""Adizem-SR 120mg capsules (Waymade Healthcare Plc)""	""Diltiazem""	""120mg""	""Modified-release capsule""	""Oral""	""Calcium-Channel Blockers""	""Diltiazem""",
"""16060""",UNKNOWN,true,"39347	""Valsartan 80mg / Hydrochlorothiazide 12.5mg tablets""	""Hydrochlorothiazide/Valsartan""	""80mg + 12.5mg""	""Oral tablet""	""Oral""	""Angiotensin-II Receptor Antagonists With Diuretic""	""Hydrochlorothiazide/Valsartan""",
"""25764""",UNKNOWN,true,"9	""PINDOLOL 10MG/CLOPAMIDE 5MG""	""Pindolol""	NA	NA	NA	""Unknown""	""Pindolol""",
"""43418""",UNKNOWN,true,"836	""Lisinopril 5mg tablets (A A H Pharmaceuticals Ltd)""	""Lisinopril""	""5mg""	""Oral tablet""	""Oral""	""Angiotensin-Converting Enzyme Inhibitors (ACE Inhibitors)""	""Lisinopril""",
"""33836""",UNKNOWN,true,"1	""Apsolol 160mg Tablet (Approved Prescription Services Ltd)""	""Propranolol""	""160mg""	""Oral tablet""	""Oral""	""Supraventricular Arrhythmias/Beta-Adrenoceptor Blockers""	""Propranolol""",
"""9573""",UNKNOWN,true,"4124	""Slofedipine XL 30mg tablets (Zentiva Pharma UK Ltd)""	""Nifedipine""	""30mg""	""Modified-release tablet""	""Oral""	""Calcium-Channel Blockers""	""Nifedipine""",
"""56173""",UNKNOWN,true,"5478	""Half Beta-Prograne 80mg modified-release capsules (Accord-UK Ltd)""	""Propranolol""	""80mg""	""Modified-release capsule""	""Oral""	""Beta-Adrenoceptor Blockers/Prophylaxis Of Migraine/Drugs For Essential Tremor, Chorea, Tics, And Related Disorders/Antithyroid Products""	""Propranolol""",
"""11197""",UNKNOWN,true,"79	""Innovace melt 5mg Wafer (Merck Sharp & Dohme Ltd)""	""Enalapril""	""5mg""	""Wafer""	NA	""Angiotensin-Converting Enzyme Inhibitors (ACE Inhibitors)""	""Enalapril""",
"""64284""",UNKNOWN,true,"7	""Dixarit 25microgram tablets (Lexon (UK) Ltd)""	""Clonidine""	""25microgram""	""Oral tablet""	""Oral""	""Prophylaxis Of Migraine/Oestrogens And HRT""	""Clonidine""",
"""14387""",UNKNOWN,true,"34835	""Carace 5mg tablets (Bristol-Myers Squibb Pharmaceuticals Ltd)""	""Lisinopril""	""5mg""	""Oral tablet""	""Oral""	""Angiotensin-Converting Enzyme Inhibitors (ACE Inhibitors)""	""Lisinopril""",
"""72220""",UNKNOWN,true,"0	""Propranolol 10mg/5ml oral solution sugar free (CST Pharma Ltd)""	""Propranolol""	""2mg/1ml""	""Oral solution""	""Oral""	""Beta-Adrenoceptor Blockers/Prophylaxis Of Migraine/Drugs For Essential Tremor, Chorea, Tics, And Related Disorders/Antithyroid Products""	""Propranolol""",
"""28996""",UNKNOWN,true,"322	""Bedranol SR 160mg capsules (Sandoz Ltd)""	""Propranolol""	""160mg""	""Modified-release capsule""	""Oral""	""Beta-Adrenoceptor Blockers/Prophylaxis Of Migraine/Drugs For Essential Tremor, Chorea, Tics, And Related Disorders/Antithyroid Products""	""Propranolol""",
"""76383""",UNKNOWN,true,"0	""Terazosin 10mg tablets (Teva UK Ltd)""	""Terazosin""	""10mg""	""Oral tablet""	""Oral""	""Alpha-Adrenoceptor Blockers/Alpha-Blockers (In Urinary Retention)""	""Terazosin""",
"""605""",UNKNOWN,true,"103207	""Chlortalidone 50mg tablets""	""Chlortalidone""	""50mg""	""Oral tablet""	""Oral""	""Thiazides And Related Diuretics""	""Chlortalidone""",
"""1455""",UNKNOWN,true,"127324	""Prazosin 500microgram tablets""	""Prazosin""	""500microgram""	""Oral tablet""	""Oral""	""Alpha-Adrenoceptor Blockers/Alpha-Blockers (In Urinary Retention)""	""Prazosin""",
"""692""",UNKNOWN,true,"3758052	""Spironolactone 25mg tablets""	""Spironolactone""	""25mg""	""Oral tablet""	""Oral""	""Potassium-Sparing Diuretics And Aldosterone Antagonists""	""Spironolactone""",
"""46990""",UNKNOWN,true,"4185	""Spironolactone 50mg/5ml oral suspension""	""Spironolactone""	""10mg/1ml""	""Oral suspension""	""Oral""	""Potassium-Sparing Diuretics And Aldosterone Antagonists""	""Spironolactone""",
"""34505""",UNKNOWN,true,"18	""Ramipril 2.5mg capsules (Sandoz Ltd)""	""Ramipril""	""2.5mg""	""Oral capsule""	""Oral""	""Angiotensin-Converting Enzyme Inhibitors (ACE Inhibitors)""	""Ramipril""",
"""53812""",UNKNOWN,true,"0	""Bendroflumethiazide oral solution""	""Bendroflumethiazide""	NA	""Oral solution""	""Oral""	""Thiazides And Related Diuretics""	""Bendroflumethiazide""",
"""85845""",UNKNOWN,true,"1	""Propranolol 3.5mg/5ml oral solution""	""Propranolol""	""700microgram/1ml""	""Oral solution""	""Oral""	""Beta-Adrenoceptor Blockers/Prophylaxis Of Migraine/Drugs For Essential Tremor, Chorea, Tics, And Related Disorders/Antithyroid Products""	""Propranolol""",
"""3057""",UNKNOWN,true,"14342	""Securon 120mg tablets (Abbott Laboratories Ltd)""	""Verapamil""	""120mg""	""Oral tablet""	""Oral""	""Calcium-Channel Blockers""	""Verapamil""",
"""82375""",UNKNOWN,true,"0	""Exforge 5mg/80mg tablets (Waymade Healthcare Plc)""	""Amlodipine/Valsartan""	""80mg + 5mg""	""Oral tablet""	""Oral""	""Calcium-Channel Blockers""	""Amlodipine/Valsartan""",
"""49588""",UNKNOWN,true,"40	""Losartan 100mg tablets (A A H Pharmaceuticals Ltd)""	""Losartan""	""100mg""	""Oral tablet""	""Oral""	""Angiotensin-II Receptor Antagonists""	""Losartan""",
"""77129""",UNKNOWN,true,"0	""Ramipril 10mg capsules (Ennogen Healthcare International Ltd)""	""Ramipril""	""10mg""	""Oral capsule""	""Oral""	""Angiotensin-Converting Enzyme Inhibitors (ACE Inhibitors)""	""Ramipril""",
"""72295""",UNKNOWN,true,"188	""Perindopril 2mg Tablet (Neo Laboratories Ltd)""	""Perindopril""	""2mg""	""Oral tablet""	""Oral""	""Angiotensin-Converting Enzyme Inhibitors (ACE Inhibitors)""	""Perindopril""",
"""41693""",UNKNOWN,true,"1	""Verapamil 120mg tablets (Viatris UK Healthcare Ltd)""	""Verapamil""	""120mg""	""Oral tablet""	""Oral""	""Calcium-Channel Blockers""	""Verapamil""",
"""5593""",UNKNOWN,true,"2404299	""Lercanidipine 10mg tablets""	""Lercanidipine""	""10mg""	""Oral tablet""	""Oral""	""Calcium-Channel Blockers""	""Lercanidipine""",
"""70543""",UNKNOWN,true,"1	""Eplerenone 50mg tablets (Actavis UK Ltd)""	""Eplerenone""	""50mg""	""Oral tablet""	""Oral""	""Potassium-Sparing Diuretics And Aldosterone Antagonists""	""Eplerenone""",
"""8526""",UNKNOWN,true,"67416	""Aprinox 2.5mg tablets (Advanz Pharma)""	""Bendroflumethiazide""	""2.5mg""	""Oral tablet""	""Oral""	""Thiazides And Related Diuretics/Hypercalcaemia And Hypercalciuria""	""Bendroflumethiazide""",
"""83473""",UNKNOWN,true,"0	""Methyldopa 500mg tablets (Sandoz Ltd)""	""Methyldopa""	""500mg""	""Oral tablet""	""Oral""	""Centrally Acting Antihypertensive Products""	""Methyldopa""",
"""34585""",UNKNOWN,true,"339	""Atenolol 25mg tablets (Sandoz Ltd)""	""Atenolol""	""25mg""	""Oral tablet""	""Oral""	""Beta-Adrenoceptor Blockers""	""Atenolol""",
"""74831""",UNKNOWN,true,"39	""Doxazosin 4mg tablets (Sigma Pharmaceuticals Plc)""	""Doxazosin""	""4mg""	""Oral tablet""	""Oral""	""Alpha-Adrenoceptor Blockers/Alpha-Blockers (In Urinary Retention)""	""Doxazosin""",
"""29676""",UNKNOWN,true,"18	""Calazem 60mg Modified-release tablet (Berk Pharmaceuticals Ltd)""	""Diltiazem""	""60mg""	""Modified-release tablet""	""Oral""	""Calcium-Channel Blockers""	""Diltiazem""",
"""29187""",UNKNOWN,true,"46	""Methoserpidine 10mg Tablet""	""Methoserpidine""	""10mg""	""Tablet""	""Oral""	""Centrally Acting Antihypertensive Products""	""Methoserpidine""",
"""28438""",UNKNOWN,true,"70	""Triapin 2.5mg/2.5mg modified-release tablets (Sanofi)""	""Felodipine/Ramipril""	""2.5mg + 2.5mg""	""Modified-release tablet""	""Oral""	""Angiotensin-Converting Enzyme Inhibitors (ACE Inhibitors)/Calcium-Channel Blockers""	""Felodipine/Ramipril""",
"""82564""",UNKNOWN,true,"16	""Doralese Tiltab 20mg tablets (Waymade Healthcare Plc)""	""Indoramin""	""20mg""	""Oral tablet""	""Oral""	""Alpha-Adrenoceptor Blockers/Alpha-Blockers (In Urinary Retention)""	""Indoramin""",
"""12651""",UNKNOWN,true,"5769	""Timolol 10mg / Bendroflumethiazide 2.5mg tablets""	""Bendroflumethiazide/Timolol""	""10mg + 2.5mg""	""Oral tablet""	""Oral""	""Beta-Blockers With Diuretics""	""Bendroflumethiazide/Timolol""",
"""89806""",UNKNOWN,true,"2	""Co-tenidone 100mg/25mg tablets (Waymade Healthcare Plc)""	""Chlortalidone/Atenolol""	""100mg + 25mg""	""Oral tablet""	""Oral""	""Thiazides And Related Diuretics/Beta-Adrenoceptor Blockers""	""Chlortalidone/Atenolol""",
"""55718""",UNKNOWN,true,"0	""Losartan 25mg tablets (Phoenix Healthcare Distribution Ltd)""	""Losartan""	""25mg""	""Oral tablet""	""Oral""	""Angiotensin-II Receptor Antagonists""	""Losartan""",
"""828""",UNKNOWN,true,"1020038	""Irbesartan 75mg tablets""	""Irbesartan""	""75mg""	""Oral tablet""	""Oral""	""Angiotensin-II Receptor Antagonists""	""Irbesartan""",
"""74854""",UNKNOWN,true,"19	""Metoprolol 25mg/5ml oral solution""	""Metoprolol""	""5mg/1ml""	""Oral solution""	""Oral""	""Beta-Adrenoceptor Blockers/Prophylaxis Of Migraine""	""Metoprolol""",
"""45308""",UNKNOWN,true,"276	""Verapamil 240mg modified-release tablets (Viatris UK Healthcare Ltd)""	""Verapamil""	""240mg""	""Modified-release tablet""	""Oral""	""Calcium-Channel Blockers""	""Verapamil""",
"""1143""",UNKNOWN,true,"923647	""Captopril 25mg tablets""	""Captopril""	""25mg""	""Oral tablet""	""Oral""	""Angiotensin-Converting Enzyme Inhibitors (ACE Inhibitors)""	""Captopril""",
"""77555""",UNKNOWN,true,"0	""Adalat LA 30 tablets (Sigma Pharmaceuticals Plc)""	""Nifedipine""	""30mg""	""Modified-release tablet""	""Oral""	""Calcium-Channel Blockers""	""Nifedipine""",
"""34936""",UNKNOWN,true,"62	""Captopril 25mg Tablet (Lagap)""	""Captopril""	""25mg""	""Oral tablet""	""Oral""	""Angiotensin-Converting Enzyme Inhibitors (ACE Inhibitors)""	""Captopril""",
"""72245""",UNKNOWN,true,"606	""Eysano 2.5mg/ml eye drops (Aspire Pharma Ltd)""	""Timolol""	""2.5mg/1ml""	""Eye drops""	""Ocular""	""Beta-Blockers (In Glaucoma)""	""Timolol""",
"""61846""",UNKNOWN,true,"7	""Zaroxolyn 2.5mg tablets (IDIS)""	""Metolazone""	""2.5mg""	""Oral tablet""	""Oral""	""Unknown""	""Metolazone""",
"""20502""",UNKNOWN,true,"26788	""Atenix 100 tablets (Ashbourne Pharmaceuticals Ltd)""	""Atenolol""	""100mg""	""Oral tablet""	""Oral""	""Beta-Adrenoceptor Blockers""	""Atenolol""",
"""48039""",UNKNOWN,true,"0	""Losartan 100mg / Hydrochlorothiazide 12.5mg tablets (Teva UK Ltd)""	""Hydrochlorothiazide/Losartan""	""12.5mg + 100mg""	""Oral tablet""	""Oral""	""Angiotensin-II Receptor Antagonists With Diuretic""	""Hydrochlorothiazide/Losartan""",
"""74720""",UNKNOWN,true,"1	""Adempas 2mg tablets (Merck Sharp & Dohme (UK) Ltd)""	""Riociguat""	""2mg""	""Oral tablet""	""Oral""	""Vasodilator Antihypertensive Products""	""Riociguat""",
"""26270""",UNKNOWN,true,"456	""Optil xl 300mg Modified-release capsule (Opus Pharmaceuticals Ltd)""	""Diltiazem""	""300mg""	""Modified-release capsule""	""Oral""	""Calcium-Channel Blockers""	""Diltiazem""",
"""46882""",UNKNOWN,true,"23921	""Timolol 1mg/g gel eye drops 0.4g unit dose preservative free""	""Timolol""	""1mg/1gram""	""Eye drops""	""Ocular""	""Beta-Blockers (In Glaucoma)""	""Timolol""",
"""90274""",UNKNOWN,true,"9	""Propranolol 40mg tablets (Relonchem Ltd)""	""Propranolol""	""40mg""	""Oral tablet""	""Oral""	""Beta-Adrenoceptor Blockers/Prophylaxis Of Migraine/Drugs For Essential Tremor, Chorea, Tics, And Related Disorders/Antithyroid Products""	""Propranolol""",
"""44168""",UNKNOWN,true,"274	""Indipam XL 1.5mg tablets (Accord-UK Ltd)""	""Indapamide""	""1.5mg""	""Modified-release tablet""	""Oral""	""Thiazides And Related Diuretics""	""Indapamide""",
"""21508""",UNKNOWN,true,"1451	""Glau-Opt 0.5% eye drops (Opus Pharmaceuticals Ltd)""	""Timolol""	""5mg/1ml""	""Eye drops""	""Ocular""	""Beta-Blockers (In Glaucoma)""	""Timolol""",
"""86523""",UNKNOWN,true,"12	""Metoprolol tartrate 25mg/5ml Oral suspension""	""Metoprolol""	""25mg/5ml""	""Oral Suspension""	""Oral""	""Beta-Adrenoceptor Blockers""	""Metoprolol""",
"""42894""",UNKNOWN,true,"744	""Enalapril 10mg tablets (Teva UK Ltd)""	""Enalapril""	""10mg""	""Oral tablet""	""Oral""	""Angiotensin-Converting Enzyme Inhibitors (ACE Inhibitors)""	""Enalapril""",
"""10136""",UNKNOWN,true,"24144	""Nifedipress MR 20 tablets (Dexcel-Pharma Ltd)""	""Nifedipine""	""20mg""	""Modified-release tablet""	""Oral""	""Calcium-Channel Blockers""	""Nifedipine""",
"""40074""",UNKNOWN,true,"811	""Nifedipine 20mg Capsule""	""Nifedipine""	""20mg""	""Capsule""	""Oral""	""Calcium-Channel Blockers""	""Nifedipine""",
"""34265""",UNKNOWN,true,"545	""Atenolol 50mg tablets (Sandoz Ltd)""	""Atenolol""	""50mg""	""Oral tablet""	""Oral""	""Beta-Adrenoceptor Blockers""	""Atenolol""",
"""75289""",UNKNOWN,true,"0	""Propranolol 5mg/5ml oral solution sugar free (Rosemont Pharmaceuticals Ltd)""	""Propranolol""	""1mg/1ml""	""Oral solution""	""Oral""	""Beta-Adrenoceptor Blockers/Prophylaxis Of Migraine/Drugs For Essential Tremor, Chorea, Tics, And Related Disorders/Antithyroid Products""	""Propranolol""",
"""71491""",UNKNOWN,true,"0	""Ramipril 2.5mg capsules (Ennogen Healthcare International Ltd)""	""Ramipril""	""2.5mg""	""Oral capsule""	""Oral""	""Angiotensin-Converting Enzyme Inhibitors (ACE Inhibitors)""	""Ramipril""",
"""55455""",UNKNOWN,true,"0	""Nifedipine 10mg capsules (Strides Pharma UK Ltd)""	""Nifedipine""	""10mg""	""Oral capsule""	""Oral""	""Calcium-Channel Blockers""	""Nifedipine""",
"""56975""",UNKNOWN,true,"2	""Losartan 50mg / Hydrochlorothiazide 12.5mg tablets (A A H Pharmaceuticals Ltd)""	""Hydrochlorothiazide/Losartan""	""50mg + 12.5mg""	""Oral tablet""	""Oral""	""Angiotensin-II Receptor Antagonists With Diuretic""	""Hydrochlorothiazide/Losartan""",
"""12296""",UNKNOWN,true,"21314	""Sectral 100mg capsules (Neon Healthcare Ltd)""	""Acebutolol""	""100mg""	""Oral capsule""	""Oral""	""Beta-Adrenoceptor Blockers""	""Acebutolol""",
"""8257""",UNKNOWN,true,"12262	""Prescal 2.5mg tablets (Novartis Pharmaceuticals UK Ltd)""	""Isradipine""	""2.5mg""	""Oral tablet""	""Oral""	""Calcium-Channel Blockers""	""Isradipine""",
"""13379""",UNKNOWN,true,"1106	""Ismelin 25mg Tablet (Sovereign Medical Ltd)""	""Guanethidine""	""25mg""	""Tablet""	""Oral""	""Adrenergic Neurone Blockers""	""Guanethidine""",
"""74055""",UNKNOWN,true,"1	""Valsartan 40mg/5ml oral solution""	""Valsartan""	""8mg/1ml""	""Oral solution""	""Oral""	""Angiotensin-II Receptor Antagonists""	""Valsartan""",
"""16198""",UNKNOWN,true,"807	""Baratol 50mg Tablet (Shire Pharmaceuticals Ltd)""	""Indoramin""	""50mg""	""Tablet""	""Oral""	""Alpha-Adrenoceptor Blockers/Alpha-Blockers (In Urinary Retention)""	""Indoramin""",
"""71668""",UNKNOWN,true,"2	""Enalapril 20mg tablets (Almus Pharmaceuticals Ltd)""	""Enalapril""	""20mg""	""Oral tablet""	""Oral""	""Angiotensin-Converting Enzyme Inhibitors (ACE Inhibitors)""	""Enalapril""",
"""78159""",UNKNOWN,true,"168	""Methyldopa 250mg Tablet (Approved Prescription Services Ltd)""	""Methyldopa""	""250mg""	""Oral tablet""	""Oral""	""Centrally Acting Antihypertensive Products""	""Methyldopa""",
"""82""",UNKNOWN,true,"16360247	""Ramipril 10mg capsules""	""Ramipril""	""10mg""	""Oral capsule""	""Oral""	""Angiotensin-Converting Enzyme Inhibitors (ACE Inhibitors)""	""Ramipril""",
"""582""",UNKNOWN,true,"1276836	""Doxazosin 4mg modified-release tablets""	""Doxazosin""	""4mg""	""Modified-release tablet""	""Oral""	""Alpha-Adrenoceptor Blockers/Alpha-Blockers (In Urinary Retention)""	""Doxazosin""",
"""59603""",UNKNOWN,true,"4	""Ramipril 2.5mg capsules (Phoenix Healthcare Distribution Ltd)""	""Ramipril""	""2.5mg""	""Oral capsule""	""Oral""	""Angiotensin-Converting Enzyme Inhibitors (ACE Inhibitors)""	""Ramipril""",
"""14808""",UNKNOWN,true,"4059	""Bedranol SR 80mg capsules (Sandoz Ltd)""	""Propranolol""	""80mg""	""Modified-release capsule""	""Oral""	""Beta-Adrenoceptor Blockers/Prophylaxis Of Migraine/Drugs For Essential Tremor, Chorea, Tics, And Related Disorders/Antithyroid Products""	""Propranolol""",
"""83779""",UNKNOWN,true,"5	""Doxazosin 500micrograms/5ml oral suspension""	""Doxazosin""	""100microgram/1ml""	""Oral suspension""	""Oral""	""Alpha-Adrenoceptor Blockers/Alpha-Blockers (In Urinary Retention)""	""Doxazosin""",
"""92377""",UNKNOWN,true,"1	""Ramipril 1.25mg/5ml oral suspension""	""Ramipril""	""250microgram/1ml""	""Oral suspension""	""Oral""	""Angiotensin-Converting Enzyme Inhibitors (ACE Inhibitors)""	""Ramipril""",
"""7923""",UNKNOWN,true,"753	""Guanethidine 10mg Tablet""	""Guanethidine""	""10mg""	""Tablet""	""Oral""	""Adrenergic Neurone Blockers""	""Guanethidine""",
"""73509""",UNKNOWN,true,"121	""Latanoprost 50micrograms/ml / Timolol 5mg/ml eye drops (DE Pharmaceuticals)""	""Timolol""	""5mg/1ml + 50microgram/1ml""	""Eye drops""	""Ocular""	""Beta-Blockers (In Glaucoma)/Prostaglandin Analogues (In Glaucoma)""	""Timolol""",
"""64623""",UNKNOWN,true,"2583	""Amlodipine 10mg/5ml oral solution sugar free""	""Amlodipine""	""2mg/1ml""	""Oral solution""	""Oral""	""Calcium-Channel Blockers""	""Amlodipine""",
"""28493""",UNKNOWN,true,"21	""METOPROLOL FUMARATE 95 MG TAB""	""Metoprolol""	NA	""Tablet""	""Oral""	""Unknown""	""Metoprolol""",
"""25462""",UNKNOWN,true,"72	""Clopamide 5mg with Pindolol 10mg tablets""	""Pindolol""	""5mg + 10mg""	""Tablets""	""Oral""	""Beta-Adrenoceptor Blockers""	""Pindolol""",
"""30491""",UNKNOWN,true,"1	""DILTIAZEM HYDROCHLORIDE""	""Diltiazem""	NA	NA	NA	""Unknown""	""Diltiazem""",
"""76766""",UNKNOWN,true,"0	""Catapres TTS 3 patches (Imported (Germany))""	""Clonidine""	""300microgram/24hour""	""Transdermal patch""	""Transdermal""	""Centrally Acting Antihypertensive Products""	""Clonidine""",
"""85777""",UNKNOWN,true,"19	""Losartan 25mg tablets (Medreich Plc)""	""Losartan""	""25mg""	""Oral tablet""	""Oral""	""Angiotensin-II Receptor Antagonists""	""Losartan""",
"""29""",UNKNOWN,true,"3650982	""Amlodipine besilate 5mg tablets""	""Amlodipine""	""5mg""	""Tablets""	""Oral""	""Calcium-Channel Blockers""	""Amlodipine""",
"""59597""",UNKNOWN,true,"72	""Propranolol 160mg modified-release capsules (A A H Pharmaceuticals Ltd)""	""Propranolol""	""160mg""	""Modified-release capsule""	""Oral""	""Beta-Adrenoceptor Blockers/Prophylaxis Of Migraine/Drugs For Essential Tremor, Chorea, Tics, And Related Disorders/Antithyroid Products""	""Propranolol""",
"""43410""",UNKNOWN,true,"340	""Nifedipine extra 60mg Modified-release tablet""	""Nifedipine""	""60mg""	""Modified-Release Tablet""	""Oral""	""Calcium-Channel Blockers""	""Nifedipine""",
"""77387""",UNKNOWN,true,"130	""Viskaldix tablets (Waymade Healthcare Plc)""	""Pindolol""	""10mg + 5mg""	""Oral tablet""	""Oral""	""Beta-Blockers With Diuretics""	""Pindolol""",
"""77407""",UNKNOWN,true,"862	""Zestril 5mg tablets (Waymade Healthcare Plc)""	""Lisinopril""	""5mg""	""Oral tablet""	""Oral""	""Angiotensin-Converting Enzyme Inhibitors (ACE Inhibitors)""	""Lisinopril""",
"""58195""",UNKNOWN,true,"23	""Captopril 12.5mg/5ml oral solution""	""Captopril""	""2.5mg/1ml""	""Oral solution""	""Oral""	""Angiotensin-Converting Enzyme Inhibitors (ACE Inhibitors)""	""Captopril""",
"""80673""",UNKNOWN,true,"511	""Lacidipine 6mg tablets""	""Lacidipine""	""6mg""	""Oral tablet""	""Oral""	""Calcium-Channel Blockers""	""Lacidipine""",
"""89130""",UNKNOWN,true,"0	""Lisinopril 20mg tablets (Crescent Pharma Ltd)""	""Lisinopril""	""20mg""	""Oral tablet""	""Oral""	""Angiotensin-Converting Enzyme Inhibitors (ACE Inhibitors)""	""Lisinopril""",
"""33415""",UNKNOWN,true,"3307	""Bendroflumethiazide 2.5mg tablets (Viatris UK Healthcare Ltd)""	""Bendroflumethiazide""	""2.5mg""	""Oral tablet""	""Oral""	""Thiazides And Related Diuretics/Hypercalcaemia And Hypercalciuria""	""Bendroflumethiazide""",
"""3793""",UNKNOWN,true,"35787	""Co-amilofruse 10mg/80mg tablets""	""Amiloride""	""10mg + 80mg""	""Oral tablet""	""Oral""	""Potassium-Sparing Diuretics With Other Diuretics""	""Amiloride""",
"""41652""",UNKNOWN,true,"10	""Prazosin 500microgram tablets (A A H Pharmaceuticals Ltd)""	""Prazosin""	""500microgram""	""Oral tablet""	""Oral""	""Alpha-Adrenoceptor Blockers/Alpha-Blockers (In Urinary Retention)""	""Prazosin""",
"""1124""",UNKNOWN,true,"641618	""Tenoretic 100mg/25mg tablets (Atnahs Pharma UK Ltd)""	""Chlortalidone/Atenolol""	""100mg + 25mg""	""Oral tablet""	""Oral""	""Thiazides And Related Diuretics/Beta-Adrenoceptor Blockers""	""Chlortalidone/Atenolol""",
"""14495""",UNKNOWN,true,"921	""Loniten 10mg tablets (Pfizer Ltd)""	""Minoxidil""	""10mg""	""Oral tablet""	""Oral""	""Vasodilator Antihypertensive Products""	""Minoxidil""",
"""5194""",UNKNOWN,true,"18386	""Dilzem sr 120mg Capsule (Elan Pharma)""	""Diltiazem""	""120mg""	""Capsule""	""Oral""	""Calcium-Channel Blockers""	""Diltiazem""",
"""11793""",UNKNOWN,true,"2718	""Metoprolol 50mg/5ml oral suspension""	""Metoprolol""	""10mg/1ml""	""Oral suspension""	""Oral""	""Beta-Adrenoceptor Blockers/Prophylaxis Of Migraine""	""Metoprolol""",
"""14965""",UNKNOWN,true,"32154	""Cozaar 100mg tablets (Organon Pharma (UK) Ltd)""	""Losartan""	""100mg""	""Oral tablet""	""Oral""	""Angiotensin-II Receptor Antagonists""	""Losartan""",
"""11972""",UNKNOWN,true,"53756	""Vertab SR 240 tablets (Chiesi Ltd)""	""Verapamil""	""240mg""	""Modified-release tablet""	""Oral""	""Calcium-Channel Blockers""	""Verapamil""",
"""214""",UNKNOWN,true,"4	""HYDRALAZINE 1 MG SYR""	""Hydralazine""	NA	""Solution for injection""	""Intramuscular""	""Unknown""	""Hydralazine""",
"""1209""",UNKNOWN,true,"18703	""Neo-Naclex 5mg tablets (Mercury Pharma Group Ltd)""	""Bendroflumethiazide""	""5mg""	""Oral tablet""	""Oral""	""Thiazides And Related Diuretics""	""Bendroflumethiazide""",
"""6807""",UNKNOWN,true,"163702	""Zestril 5mg tablets (Atnahs Pharma UK Ltd)""	""Lisinopril""	""5mg""	""Oral tablet""	""Oral""	""Angiotensin-Converting Enzyme Inhibitors (ACE Inhibitors)""	""Lisinopril""",
"""31676""",UNKNOWN,true,"133	""Diltiazem HCl 120mg Modified-release tablet (Actavis UK Ltd)""	""Diltiazem""	""120mg""	""Modified-release tablet""	""Oral""	""Calcium-Channel Blockers""	""Diltiazem""",
"""77415""",UNKNOWN,true,"139	""Capoten 50mg tablets (Waymade Healthcare Plc)""	""Captopril""	""50mg""	""Oral tablet""	""Oral""	""Angiotensin-Converting Enzyme Inhibitors (ACE Inhibitors)""	""Captopril""",
"""16710""",UNKNOWN,true,"6134	""Gopten 500microgram capsules (Abbott Laboratories Ltd)""	""Trandolapril""	""500microgram""	""Oral capsule""	""Oral""	""Angiotensin-Converting Enzyme Inhibitors (ACE Inhibitors)""	""Trandolapril""",
"""65659""",UNKNOWN,true,"386	""Lercanidipine 20mg tablets (Teva UK Ltd)""	""Lercanidipine""	""20mg""	""Oral tablet""	""Oral""	""Calcium-Channel Blockers""	""Lercanidipine""",
"""65435""",UNKNOWN,true,"10	""Propranolol 10mg tablets (Waymade Healthcare Plc)""	""Propranolol""	""10mg""	""Oral tablet""	""Oral""	""Beta-Adrenoceptor Blockers/Prophylaxis Of Migraine/Drugs For Essential Tremor, Chorea, Tics, And Related Disorders/Antithyroid Products""	""Propranolol""",
"""60010""",UNKNOWN,true,"0	""Lisinopril 10mg tablets (Kent Pharma (UK) Ltd)""	""Lisinopril""	""10mg""	""Oral tablet""	""Oral""	""Angiotensin-Converting Enzyme Inhibitors (ACE Inhibitors)""	""Lisinopril""",
"""82811""",UNKNOWN,true,"0	""Propranolol 10mg tablets (Relonchem Ltd)""	""Propranolol""	""10mg""	""Oral tablet""	""Oral""	""Beta-Adrenoceptor Blockers/Prophylaxis Of Migraine/Drugs For Essential Tremor, Chorea, Tics, And Related Disorders/Antithyroid Products""	""Propranolol""",
"""56145""",UNKNOWN,true,"3	""Doxazosin 2mg tablets (Accord-UK Ltd)""	""Doxazosin""	""2mg""	""Oral tablet""	""Oral""	""Alpha-Adrenoceptor Blockers/Alpha-Blockers (In Urinary Retention)""	""Doxazosin""",
"""52858""",UNKNOWN,true,"2	""Co-Diovan 80mg/12.5mg tablets (Sigma Pharmaceuticals Plc)""	""Hydrochlorothiazide/Valsartan""	""80mg + 12.5mg""	""Oral tablet""	""Oral""	""Angiotensin-II Receptor Antagonists With Diuretic""	""Hydrochlorothiazide/Valsartan""",
"""52728""",UNKNOWN,true,"0	""Beta-Adalat modified-release capsules (Lexon (UK) Ltd)""	""Nifedipine/Atenolol""	""50mg + 20mg""	""Modified-release capsule""	""Oral""	""Beta-Adrenoceptor Blockers/Calcium-Channel Blockers""	""Nifedipine/Atenolol""",
"""25887""",UNKNOWN,true,"81	""Eudemine 50mg tablets (RPH Pharmaceuticals AB)""	""Diazoxide""	""50mg""	""Oral tablet""	""Oral""	""Treatment Of Hypoglycaemia""	""Diazoxide""",
"""59862""",UNKNOWN,true,"0	""Doxazosin 4mg tablets (Dexcel-Pharma Ltd)""	""Doxazosin""	""4mg""	""Oral tablet""	""Oral""	""Alpha-Adrenoceptor Blockers/Alpha-Blockers (In Urinary Retention)""	""Doxazosin""",
"""89800""",UNKNOWN,true,"75	""Lisinopril 20mg / Hydrochlorothiazide 12.5mg tablets (Alliance Healthcare (Distribution) Ltd)""	""Hydrochlorothiazide/Lisinopril""	""20mg + 12.5mg""	""Oral tablet""	""Oral""	""Thiazides And Related Diuretics/Angiotensin-Converting Enzyme Inhibitors (ACE Inhibitors)""	""Hydrochlorothiazide/Lisinopril""",
"""3827""",UNKNOWN,true,"2452	""Propanix 40mg Tablet (Ashbourne Pharmaceuticals Ltd)""	""Propranolol""	""40mg""	""Oral tablet""	""Oral""	""Supraventricular Arrhythmias/Beta-Adrenoceptor Blockers""	""Propranolol""",
"""1298""",UNKNOWN,true,"361828	""Verapamil 240mg modified-release tablets""	""Verapamil""	""240mg""	""Modified-release tablet""	""Oral""	""Calcium-Channel Blockers""	""Verapamil""",
"""18497""",UNKNOWN,true,"357	""Amiloride 10mg / furosemide 80mg tablets""	""Amiloride""	""10mg + 80mg""	""Tablets""	""Oral""	""Loop Diuretics/Potassium-Sparing Diuretics With Other Diuretics""	""Amiloride""",
"""8172""",UNKNOWN,true,"37481	""Acebutolol 100mg capsules""	""Acebutolol""	""100mg""	""Oral capsule""	""Oral""	""Beta-Adrenoceptor Blockers""	""Acebutolol""",
"""52189""",UNKNOWN,true,"0	""Losartan 100mg / Hydrochlorothiazide 25mg tablets (A A H Pharmaceuticals Ltd)""	""Hydrochlorothiazide/Losartan""	""100mg + 25mg""	""Oral tablet""	""Oral""	""Angiotensin-II Receptor Antagonists With Diuretic""	""Hydrochlorothiazide/Losartan""",
"""31971""",UNKNOWN,true,"1	""HYDRALAZINE 6.25 MG SYR""	""Hydralazine""	NA	""Solution for injection""	""Intramuscular""	""Unknown""	""Hydralazine""",
"""62376""",UNKNOWN,true,"11	""Actelsar HCT 80mg/12.5mg tablets (Actavis UK Ltd)""	""Hydrochlorothiazide/Telmisartan""	""80mg + 12.5mg""	""Oral tablet""	""Oral""	""Angiotensin-II Receptor Antagonists With Diuretic""	""Hydrochlorothiazide/Telmisartan""",
"""33527""",UNKNOWN,true,"44	""Co-amilofruse 5mg/40mg tablets (Viatris UK Healthcare Ltd)""	""Amiloride""	""5mg + 40mg""	""Oral tablet""	""Oral""	""Potassium-Sparing Diuretics With Other Diuretics""	""Amiloride""",
"""27685""",UNKNOWN,true,"191	""Diltiazem HCl 300mg Capsule (PLIVA Pharma Ltd)""	""Diltiazem""	""300mg""	""Modified-release capsule""	""Oral""	""Calcium-Channel Blockers""	""Diltiazem""",
"""74632""",UNKNOWN,true,"28	""Ramipril 5mg Tablet (Sovereign Medical Ltd)""	""Ramipril""	""5mg""	""Oral tablet""	""Oral""	""Angiotensin-Converting Enzyme Inhibitors (ACE Inhibitors)""	""Ramipril""",
"""70628""",UNKNOWN,true,"3	""Diovan 3mg/1ml oral solution (Novartis Pharmaceuticals UK Ltd)""	""Valsartan""	""3mg/1ml""	""Oral solution""	""Oral""	""Angiotensin-II Receptor Antagonists""	""Valsartan""",
"""2142""",UNKNOWN,true,"654485	""Spironolactone 100mg tablets""	""Spironolactone""	""100mg""	""Oral tablet""	""Oral""	""Potassium-Sparing Diuretics And Aldosterone Antagonists""	""Spironolactone""",
"""726""",UNKNOWN,true,"94915	""Prazosin 2mg tablets""	""Prazosin""	""2mg""	""Oral tablet""	""Oral""	""Alpha-Adrenoceptor Blockers/Alpha-Blockers (In Urinary Retention)""	""Prazosin""",
"""49388""",UNKNOWN,true,"174	""Spironolactone 100mg/5ml oral suspension""	""Spironolactone""	""20mg/1ml""	""Oral suspension""	""Oral""	""Potassium-Sparing Diuretics And Aldosterone Antagonists""	""Spironolactone""",
"""18726""",UNKNOWN,true,"12525	""Triamaxco 50mg/25mg tablets (Ashbourne Pharmaceuticals Ltd)""	""Hydrochlorothiazide/Triamterene""	""25mg + 50mg""	""Oral tablet""	""Oral""	""Potassium-Sparing Diuretics With Other Diuretics""	""Hydrochlorothiazide/Triamterene""",
"""43649""",UNKNOWN,true,"21	""Captopril 25mg tablets (A A H Pharmaceuticals Ltd)""	""Captopril""	""25mg""	""Oral tablet""	""Oral""	""Angiotensin-Converting Enzyme Inhibitors (ACE Inhibitors)""	""Captopril""",
"""56274""",UNKNOWN,true,"33	""Spironolactone 4.5mg/5ml oral suspension""	""Spironolactone""	""900microgram/1ml""	""Oral suspension""	""Oral""	""Potassium-Sparing Diuretics And Aldosterone Antagonists""	""Spironolactone""",
"""71""",UNKNOWN,true,"2050269	""Amlodipine besilate 10mg tablets""	""Amlodipine""	""10mg""	""Tablets""	""Oral""	""Calcium-Channel Blockers""	""Amlodipine""",
"""9225""",UNKNOWN,true,"1283	""Methyldopa 250mg Capsule""	""Methyldopa""	""250mg""	""Capsule""	""Oral""	""Centrally Acting Antihypertensive Products""	""Methyldopa""",
"""18332""",UNKNOWN,true,"76	""Aridil 20mg+2.5mg Tablet (C P Pharmaceuticals Ltd)""	""Amiloride""	""2.5mg + 20mg""	""Oral tablet""	""Oral""	""Loop Diuretics/Potassium-Sparing Diuretics With Other Diuretics""	""Amiloride""",
"""51647""",UNKNOWN,true,"0	""Candesartan 4mg tablets (Mawdsley-Brooks & Company Ltd)""	""Candesartan""	""4mg""	""Oral tablet""	""Oral""	""Angiotensin-II Receptor Antagonists""	""Candesartan""",
"""89804""",UNKNOWN,true,"0	""Co-amilofruse 2.5mg/20mg tablets (Phoenix Healthcare Distribution Ltd)""	""Amiloride""	""2.5mg + 20mg""	""Oral tablet""	""Oral""	""Potassium-Sparing Diuretics With Other Diuretics""	""Amiloride""",
"""1721""",UNKNOWN,true,"787271	""Dyazide 50mg/25mg tablets (Advanz Pharma)""	""Hydrochlorothiazide/Triamterene""	""25mg + 50mg""	""Oral tablet""	""Oral""	""Potassium-Sparing Diuretics With Other Diuretics""	""Hydrochlorothiazide/Triamterene""",
"""65102""",UNKNOWN,true,"0	""Lisinopril 10mg tablets (Sigma Pharmaceuticals Plc)""	""Lisinopril""	""10mg""	""Oral tablet""	""Oral""	""Angiotensin-Converting Enzyme Inhibitors (ACE Inhibitors)""	""Lisinopril""",
"""47687""",UNKNOWN,true,"0	""Spiretic 25mg Tablet (DDSA Pharmaceuticals Ltd)""	""Spironolactone""	""25mg""	""Oral tablet""	""Oral""	""Potassium-Sparing Diuretics And Aldosterone Antagonists""	""Spironolactone""",
"""39171""",UNKNOWN,true,"497	""Bi-Carzem SR 60mg capsules (Tillomed Laboratories Ltd)""	""Diltiazem""	""60mg""	""Modified-release capsule""	""Oral""	""Calcium-Channel Blockers""	""Diltiazem""",
"""63971""",UNKNOWN,true,"0	""Clonidine 25microgram tablets (Sigma Pharmaceuticals Plc)""	""Clonidine""	""25microgram""	""Oral tablet""	""Oral""	""Prophylaxis Of Migraine/Oestrogens And HRT""	""Clonidine""",
"""90680""",UNKNOWN,true,"0	""Ramipril 5mg capsules (Milpharm Ltd)""	""Ramipril""	""5mg""	""Oral capsule""	""Oral""	""Angiotensin-Converting Enzyme Inhibitors (ACE Inhibitors)""	""Ramipril""",
"""8106""",UNKNOWN,true,"33055	""Innovace 2.5mg tablets (Organon Pharma (UK) Ltd)""	""Enalapril""	""2.5mg""	""Oral tablet""	""Oral""	""Angiotensin-Converting Enzyme Inhibitors (ACE Inhibitors)""	""Enalapril""",
"""88945""",UNKNOWN,true,"52	""Delofine XL 10mg tablets (Morningside Healthcare Ltd)""	""Felodipine""	""10mg""	""Modified-release tablet""	""Oral""	""Calcium-Channel Blockers""	""Felodipine""",
"""69858""",UNKNOWN,true,"0	""Losartan 25mg tablets (Alliance Healthcare (Distribution) Ltd)""	""Losartan""	""25mg""	""Oral tablet""	""Oral""	""Angiotensin-II Receptor Antagonists""	""Losartan""",
"""90333""",UNKNOWN,true,"24	""Dorzolamide 20mg/ml / Timolol 5mg/ml eye drops 0.166ml unit dose preservative free""	""Timolol""	""5mg/1ml + 20mg/1ml""	""Eye drops""	""Ocular""	""Beta-Blockers (In Glaucoma)/Carbonic Anhydrase Inhibitors And Systemic Drugs (In Glaucoma)""	""Timolol""",
"""72941""",UNKNOWN,true,"18	""Perindopril erbumine 1mg/5ml oral suspension""	""Perindopril""	""200microgram/1ml""	""Oral suspension""	""Oral""	""Angiotensin-Converting Enzyme Inhibitors (ACE Inhibitors)""	""Perindopril""",
"""60089""",UNKNOWN,true,"0	""Clonidine 25microgram tablets (Waymade Healthcare Plc)""	""Clonidine""	""25microgram""	""Oral tablet""	""Oral""	""Prophylaxis Of Migraine/Oestrogens And HRT""	""Clonidine""",
"""71939""",UNKNOWN,true,"0	""Amlodipine 10mg tablets (Advanz Pharma)""	""Amlodipine""	""10mg""	""Oral tablet""	""Oral""	""Calcium-Channel Blockers""	""Amlodipine""",
"""73716""",UNKNOWN,true,"0	""Lisinopril 2.5mg tablets (Crescent Pharma Ltd)""	""Lisinopril""	""2.5mg""	""Oral tablet""	""Oral""	""Angiotensin-Converting Enzyme Inhibitors (ACE Inhibitors)""	""Lisinopril""",
"""43790""",UNKNOWN,true,"32	""Vascalpha 10mg modified-release tablets (Almus Pharmaceuticals Ltd)""	""Felodipine""	""10mg""	""Modified-release tablet""	""Oral""	""Calcium-Channel Blockers""	""Felodipine""",
"""1369""",UNKNOWN,true,"312408	""Furosemide with amiloride 40mg+5mg Tablet""	""Amiloride""	""40mg+5mg""	""Tablet""	""Oral""	""Loop Diuretics/Potassium-Sparing Diuretics With Other Diuretics""	""Amiloride""",
"""19459""",UNKNOWN,true,"270	""Verapamil 240mg modified-release tablets (A A H Pharmaceuticals Ltd)""	""Verapamil""	""240mg""	""Modified-release tablet""	""Oral""	""Calcium-Channel Blockers""	""Verapamil""",
"""40899""",UNKNOWN,true,"6	""Thelin 100mg tablets (Pfizer Ltd)""	""Sitaxentan""	""100mg""	""Oral tablet""	""Oral""	""Vasodilator Antihypertensive Products""	""Sitaxentan""",
"""4605""",UNKNOWN,true,"56163	""Moducren tablets (Organon Pharma (UK) Ltd)""	""Hydrochlorothiazide/Amiloride/Timolol""	""10mg + 25mg + 2.5mg""	""Oral tablet""	""Oral""	""Unknown""	""Hydrochlorothiazide/Amiloride/Timolol""",
"""82507""",UNKNOWN,true,"300	""Cardura 2mg tablets (Waymade Healthcare Plc)""	""Doxazosin""	""2mg""	""Oral tablet""	""Oral""	""Alpha-Adrenoceptor Blockers/Alpha-Blockers (In Urinary Retention)""	""Doxazosin""",
"""81129""",UNKNOWN,true,"1	""Opsumit 10mg tablets (Janssen-Cilag Ltd)""	""Macitentan""	""10mg""	""Oral tablet""	""Oral""	""Vasodilator Antihypertensive Products""	""Macitentan""",
"""26460""",UNKNOWN,true,"43	""Dilcardia xl 240mg Modified-release capsule (Generics (UK) Ltd)""	""Diltiazem""	""240mg""	""Modified-release capsule""	""Oral""	""Calcium-Channel Blockers""	""Diltiazem""",
"""14502""",UNKNOWN,true,"26	""Metoprolol 5mg/5ml solution for injection ampoules""	""Metoprolol""	""1mg/1ml""	""Solution for injection""	""Intravenous""	""Beta-Adrenoceptor Blockers""	""Metoprolol""",
"""69239""",UNKNOWN,true,"38	""Lercanidipine 10mg tablets (A A H Pharmaceuticals Ltd)""	""Lercanidipine""	""10mg""	""Oral tablet""	""Oral""	""Calcium-Channel Blockers""	""Lercanidipine""",
"""81632""",UNKNOWN,true,"10	""Prazosin 2mg tablets (A A H Pharmaceuticals Ltd)""	""Prazosin""	""2mg""	""Oral tablet""	""Oral""	""Alpha-Adrenoceptor Blockers/Alpha-Blockers (In Urinary Retention)""	""Prazosin""",
"""73653""",UNKNOWN,true,"0	""Propranolol 80mg tablets (Sun Pharma UK Ltd)""	""Propranolol""	""80mg""	""Oral tablet""	""Oral""	""Beta-Adrenoceptor Blockers/Prophylaxis Of Migraine/Drugs For Essential Tremor, Chorea, Tics, And Related Disorders/Antithyroid Products""	""Propranolol""",
"""46951""",UNKNOWN,true,"49	""Captopril 12.5mg tablets (A A H Pharmaceuticals Ltd)""	""Captopril""	""12.5mg""	""Oral tablet""	""Oral""	""Angiotensin-Converting Enzyme Inhibitors (ACE Inhibitors)""	""Captopril""",
"""34540""",UNKNOWN,true,"49	""Ramipril 5mg capsules (A A H Pharmaceuticals Ltd)""	""Ramipril""	""5mg""	""Oral capsule""	""Oral""	""Angiotensin-Converting Enzyme Inhibitors (ACE Inhibitors)""	""Ramipril""",
"""789""",UNKNOWN,true,"678708	""Cosopt 20mg/ml / 5mg/ml eye drops (Santen UK Ltd)""	""Timolol""	""20mg/1ml + 5mg/1ml""	""Eye drops""	""Ocular""	""Beta-Blockers (In Glaucoma)/Carbonic Anhydrase Inhibitors And Systemic Drugs (In Glaucoma)""	""Timolol""",
"""75957""",UNKNOWN,true,"2	""Chlorothiazide 5mg/5ml oral solution""	""Chlorothiazide""	""1mg/1ml""	""Oral solution""	""Oral""	""Thiazides And Related Diuretics""	""Chlorothiazide""",
"""3087""",UNKNOWN,true,"9900	""Propranolol 40mg/5ml oral solution sugar free""	""Propranolol""	""8mg/1ml""	""Oral solution""	""Oral""	""Beta-Adrenoceptor Blockers/Prophylaxis Of Migraine/Drugs For Essential Tremor, Chorea, Tics, And Related Disorders/Antithyroid Products""	""Propranolol""",
"""47543""",UNKNOWN,true,"99	""Half Beta-Prograne 80mg modified-release capsules (Accord-UK Ltd)""	""Propranolol""	""80mg""	""Modified-release capsule""	""Oral""	""Unknown""	""Propranolol""",
"""18287""",UNKNOWN,true,"2800	""Co-Betaloc SA tablets (Pfizer Ltd)""	""Hydrochlorothiazide/Metoprolol""	""200mg + 25mg""	""Modified-release tablet""	""Oral""	""Unknown""	""Hydrochlorothiazide/Metoprolol""",
"""86680""",UNKNOWN,true,"6	""Folpik XL 2.5mg tablets (NorthStar Healthcare Unlimited Company)""	""Felodipine""	""2.5mg""	""Modified-release tablet""	""Oral""	""Calcium-Channel Blockers""	""Felodipine""",
"""7314""",UNKNOWN,true,"18535	""Accupro 5mg tablets (Pfizer Ltd)""	""Quinapril""	""5mg""	""Oral tablet""	""Oral""	""Angiotensin-Converting Enzyme Inhibitors (ACE Inhibitors)""	""Quinapril""",
"""69599""",UNKNOWN,true,"1	""Captopril 500micrograms/5ml oral suspension""	""Captopril""	""100microgram/1ml""	""Oral suspension""	""Oral""	""Angiotensin-Converting Enzyme Inhibitors (ACE Inhibitors)""	""Captopril""",
"""7852""",UNKNOWN,true,"8295	""Blocadren 10mg Tablet (Merck Sharp & Dohme Ltd)""	""Timolol""	""10mg""	""Oral tablet""	""Oral""	""Beta-Adrenoceptor Blockers/Prophylaxis Of Migraine""	""Timolol""",
"""86805""",UNKNOWN,true,"22	""Metoprolol 12.5mg/5ml oral suspension (Drug Tariff Special Order)""	""Metoprolol""	""2.5mg/1ml""	""Oral suspension""	""Oral""	""Beta-Adrenoceptor Blockers/Prophylaxis Of Migraine""	""Metoprolol""",
"""59415""",UNKNOWN,true,"15	""Propranolol 40mg tablets (Accord-UK Ltd)""	""Propranolol""	""40mg""	""Oral tablet""	""Oral""	""Beta-Adrenoceptor Blockers/Prophylaxis Of Migraine/Drugs For Essential Tremor, Chorea, Tics, And Related Disorders/Antithyroid Products""	""Propranolol""",
"""6309""",UNKNOWN,true,"157788	""Adizem xl 300mg Capsule (Napp Pharmaceuticals Ltd)""	""Diltiazem""	""300mg""	""Modified-release capsule""	""Oral""	""Calcium-Channel Blockers""	""Diltiazem""",
"""44887""",UNKNOWN,true,"3	""Bi-carzem xl 300mg Capsule (Tillomed Laboratories Ltd)""	""Diltiazem""	""300mg""	""Modified-release capsule""	""Oral""	""Calcium-Channel Blockers""	""Diltiazem""",
"""34750""",UNKNOWN,true,"236	""Amiloride 5mg tablets (Actavis UK Ltd)""	""Amiloride""	""5mg""	""Oral tablet""	""Oral""	""Potassium-Sparing Diuretics And Aldosterone Antagonists""	""Amiloride""",
"""33094""",UNKNOWN,true,"127	""Doxazosin 2mg tablets (Viatris UK Healthcare Ltd)""	""Doxazosin""	""2mg""	""Oral tablet""	""Oral""	""Alpha-Adrenoceptor Blockers/Alpha-Blockers (In Urinary Retention)""	""Doxazosin""",
"""54941""",UNKNOWN,true,"1	""Ramipril 5mg capsules (Alliance Healthcare (Distribution) Ltd)""	""Ramipril""	""5mg""	""Oral capsule""	""Oral""	""Angiotensin-Converting Enzyme Inhibitors (ACE Inhibitors)""	""Ramipril""",
"""21795""",UNKNOWN,true,"947	""Retalzem 60 modified-release tablets (Kent Pharma (UK) Ltd)""	""Diltiazem""	""60mg""	""Modified-release tablet""	""Oral""	""Calcium-Channel Blockers""	""Diltiazem""",
"""88121""",UNKNOWN,true,"0	""Doxazosin 8mg tablets (Alliance Healthcare (Distribution) Ltd)""	""Doxazosin""	""8mg""	""Oral tablet""	""Oral""	""Alpha-Adrenoceptor Blockers/Alpha-Blockers (In Urinary Retention)""	""Doxazosin""",
"""71353""",UNKNOWN,true,"374	""Amlodipine 5mg tablets (Dowelhurst Ltd)""	""Amlodipine""	""5mg""	""Oral tablet""	""Oral""	""Calcium-Channel Blockers""	""Amlodipine""",
"""729""",UNKNOWN,true,"2008081	""Amlodipine maleate 5mg tablets""	""Amlodipine""	""5mg""	""Tablets""	""Oral""	""Calcium-Channel Blockers""	""Amlodipine""",
"""74013""",UNKNOWN,true,"31	""Diovan 160mg capsules (DE Pharmaceuticals)""	""Valsartan""	""160mg""	""Oral capsule""	""Oral""	""Angiotensin-II Receptor Antagonists""	""Valsartan""",
"""92132""",UNKNOWN,true,"0	""Ramipril 10mg capsules (Milpharm Ltd)""	""Ramipril""	""10mg""	""Oral capsule""	""Oral""	""Angiotensin-Converting Enzyme Inhibitors (ACE Inhibitors)""	""Ramipril""",
"""56509""",UNKNOWN,true,"1429	""Capoten 12.5mg tablets (Dowelhurst Ltd)""	""Captopril""	""12.5mg""	""Oral tablet""	""Oral""	""Angiotensin-Converting Enzyme Inhibitors (ACE Inhibitors)""	""Captopril""",
"""41635""",UNKNOWN,true,"140	""Diltiazem 60mg modified-release tablets (IVAX Pharmaceuticals UK Ltd)""	""Diltiazem""	""60mg""	""Modified-release tablet""	""Oral""	""Calcium-Channel Blockers""	""Diltiazem""",
"""80096""",UNKNOWN,true,"1	""Diazoxide 20mg/5ml oral suspension""	""Diazoxide""	""4mg/1ml""	""Oral suspension""	""Oral""	""Treatment Of Hypoglycaemia""	""Diazoxide""",
"""23380""",UNKNOWN,true,"2061	""Catapres 300microgram tablets (Boehringer Ingelheim Ltd)""	""Clonidine""	""300microgram""	""Oral tablet""	""Oral""	""Centrally Acting Antihypertensive Products""	""Clonidine""",
"""17425""",UNKNOWN,true,"69310	""Zemtard 120 XL capsules (Galen Ltd)""	""Diltiazem""	""120mg""	""Modified-release capsule""	""Oral""	""Calcium-Channel Blockers""	""Diltiazem""",
"""43427""",UNKNOWN,true,"581	""Timolol 0.25% eye drops (A A H Pharmaceuticals Ltd)""	""Timolol""	""2.5mg/1ml""	""Eye drops""	""Ocular""	""Beta-Blockers (In Glaucoma)""	""Timolol""",
"""67194""",UNKNOWN,true,"0	""Lisinopril 2.5mg tablets (Bristol Laboratories Ltd)""	""Lisinopril""	""2.5mg""	""Oral tablet""	""Oral""	""Angiotensin-Converting Enzyme Inhibitors (ACE Inhibitors)""	""Lisinopril""",
"""739""",UNKNOWN,true,"1818195	""Metoprolol 50mg tablets""	""Metoprolol""	""50mg""	""Oral tablet""	""Oral""	""Beta-Adrenoceptor Blockers/Prophylaxis Of Migraine""	""Metoprolol""",
"""78177""",UNKNOWN,true,"0	""Lercanidipine 10mg tablets (Recordati Pharmaceuticals Ltd)""	""Lercanidipine""	""10mg""	""Oral tablet""	""Oral""	""Calcium-Channel Blockers""	""Lercanidipine""",
"""71028""",UNKNOWN,true,"0	""Valsartan 80mg capsules (Arrow Generics Ltd)""	""Valsartan""	""80mg""	""Oral capsule""	""Oral""	""Angiotensin-II Receptor Antagonists""	""Valsartan""",
"""62388""",UNKNOWN,true,"0	""Losartan 12.5mg tablets (DE Pharmaceuticals)""	""Losartan""	""12.5mg""	""Oral tablet""	""Oral""	""Angiotensin-II Receptor Antagonists""	""Losartan""",
"""26741""",UNKNOWN,true,"82	""Totaretic 50mg+12.5mg Tablet (C P Pharmaceuticals Ltd)""	""Chlortalidone/Atenolol""	""12.5mg + 50mg""	""Oral tablet""	""Oral""	""Thiazides And Related Diuretics/Beta-Adrenoceptor Blockers""	""Chlortalidone/Atenolol""",
"""41743""",UNKNOWN,true,"310	""Captopril 50mg tablets (Teva UK Ltd)""	""Captopril""	""50mg""	""Oral tablet""	""Oral""	""Angiotensin-Converting Enzyme Inhibitors (ACE Inhibitors)""	""Captopril""",
"""34959""",UNKNOWN,true,"7	""Verapamil 40mg tablets (A A H Pharmaceuticals Ltd)""	""Verapamil""	""40mg""	""Oral tablet""	""Oral""	""Calcium-Channel Blockers""	""Verapamil""",
"""6806""",UNKNOWN,true,"178201	""Zestril 10mg tablets (Atnahs Pharma UK Ltd)""	""Lisinopril""	""10mg""	""Oral tablet""	""Oral""	""Angiotensin-Converting Enzyme Inhibitors (ACE Inhibitors)""	""Lisinopril""",
"""57864""",UNKNOWN,true,"1	""Ramipril 5mg tablets (Sigma Pharmaceuticals Plc)""	""Ramipril""	""5mg""	""Oral tablet""	""Oral""	""Angiotensin-Converting Enzyme Inhibitors (ACE Inhibitors)""	""Ramipril""",
"""25919""",UNKNOWN,true,"3271	""Nifedipine 20mg modified-release tablets (A A H Pharmaceuticals Ltd)""	""Nifedipine""	""20mg""	""Modified-release tablet""	""Oral""	""Calcium-Channel Blockers""	""Nifedipine""",
"""2774""",UNKNOWN,true,"260	""Glaucol 0.25% Eye drops (IVAX Pharmaceuticals UK Ltd)""	""Timolol""	""2.5mg/1ml""	""Eye drops""	""Ocular""	""Beta-Blockers (In Glaucoma)""	""Timolol""",
"""17325""",UNKNOWN,true,"2873	""Cardilate MR 10mg tablets (Teva UK Ltd)""	""Nifedipine""	""10mg""	""Modified-release tablet""	""Oral""	""Calcium-Channel Blockers""	""Nifedipine""",
"""13610""",UNKNOWN,true,"490	""Alphavase 2 tablets (Ashbourne Pharmaceuticals Ltd)""	""Prazosin""	""2mg""	""Oral tablet""	""Oral""	""Alpha-Adrenoceptor Blockers/Alpha-Blockers (In Urinary Retention)""	""Prazosin""",
"""76714""",UNKNOWN,true,"0	""Amlodipine 10mg/5ml oral solution sugar free (Syri Ltd)""	""Amlodipine""	""2mg/1ml""	""Oral solution""	""Oral""	""Calcium-Channel Blockers""	""Amlodipine""",
"""81047""",UNKNOWN,true,"5	""Candesartan 16mg/5ml oral solution""	""Candesartan""	""3.2mg/1ml""	""Oral solution""	""Oral""	""Angiotensin-II Receptor Antagonists""	""Candesartan""",
"""73765""",UNKNOWN,true,"3	""Propranolol 10mg tablets (Sun Pharma UK Ltd)""	""Propranolol""	""10mg""	""Oral tablet""	""Oral""	""Beta-Adrenoceptor Blockers/Prophylaxis Of Migraine/Drugs For Essential Tremor, Chorea, Tics, And Related Disorders/Antithyroid Products""	""Propranolol""",
"""7853""",UNKNOWN,true,"101798	""Timolol 10mg tablets""	""Timolol""	""10mg""	""Oral tablet""	""Oral""	""Beta-Adrenoceptor Blockers/Prophylaxis Of Migraine""	""Timolol""",
"""62911""",UNKNOWN,true,"16	""Losartan 50mg / Hydrochlorothiazide 12.5mg tablets (Teva UK Ltd)""	""Hydrochlorothiazide/Losartan""	""50mg + 12.5mg""	""Oral tablet""	""Oral""	""Angiotensin-II Receptor Antagonists With Diuretic""	""Hydrochlorothiazide/Losartan""",
"""51652""",UNKNOWN,true,"34	""Spironolactone 25mg tablets (DE Pharmaceuticals)""	""Spironolactone""	""25mg""	""Oral tablet""	""Oral""	""Potassium-Sparing Diuretics And Aldosterone Antagonists""	""Spironolactone""",
"""40886""",UNKNOWN,true,"3106	""Bendroflumethiazide 2.5mg tablets (Almus Pharmaceuticals Ltd)""	""Bendroflumethiazide""	""2.5mg""	""Oral tablet""	""Oral""	""Thiazides And Related Diuretics/Hypercalcaemia And Hypercalciuria""	""Bendroflumethiazide""",
"""60319""",UNKNOWN,true,"0	""Doxazosin 1mg tablets (Bristol Laboratories Ltd)""	""Doxazosin""	""1mg""	""Oral tablet""	""Oral""	""Alpha-Adrenoceptor Blockers/Alpha-Blockers (In Urinary Retention)""	""Doxazosin""",
"""12360""",UNKNOWN,true,"16022	""Nephril 1mg Tablet (Pfizer Ltd)""	""Polythiazide""	""1mg""	""Oral tablet""	""Oral""	""Thiazides And Related Diuretics""	""Polythiazide""",
"""31375""",UNKNOWN,true,"228	""Amilamont 5mg/5ml oral solution sugar free (Rosemont Pharmaceuticals Ltd)""	""Amiloride""	""1mg/1ml""	""Oral solution""	""Oral""	""Potassium-Sparing Diuretics And Aldosterone Antagonists""	""Amiloride""",
"""74022""",UNKNOWN,true,"105	""Tildiem LA 200 capsules (Waymade Healthcare Plc)""	""Diltiazem""	""200mg""	""Modified-release capsule""	""Oral""	""Calcium-Channel Blockers""	""Diltiazem""",
"""22217""",UNKNOWN,true,"2634	""Nimodrel 10mg modified-release tablet (Opus Pharmaceuticals Ltd)""	""Nifedipine""	""10mg""	""Modified-release tablet""	""Oral""	""Calcium-Channel Blockers""	""Nifedipine""",
"""53802""",UNKNOWN,true,"0	""Atenolol 25mg tablets (Sigma Pharmaceuticals Plc)""	""Atenolol""	""25mg""	""Oral tablet""	""Oral""	""Beta-Adrenoceptor Blockers""	""Atenolol""",
"""51433""",UNKNOWN,true,"45	""Lisinopril 20mg tablets (Tillomed Laboratories Ltd)""	""Lisinopril""	""20mg""	""Oral tablet""	""Oral""	""Angiotensin-Converting Enzyme Inhibitors (ACE Inhibitors)""	""Lisinopril""",
"""76531""",UNKNOWN,true,"4	""Metoprolol 10mg/5ml oral suspension""	""Metoprolol""	""2mg/1ml""	""Oral suspension""	""Oral""	""Beta-Adrenoceptor Blockers/Prophylaxis Of Migraine""	""Metoprolol""",
"""47159""",UNKNOWN,true,"35	""Lisinopril 10mg tablets (Almus Pharmaceuticals Ltd)""	""Lisinopril""	""10mg""	""Oral tablet""	""Oral""	""Angiotensin-Converting Enzyme Inhibitors (ACE Inhibitors)""	""Lisinopril""",
"""71419""",UNKNOWN,true,"39	""Hytrin 2mg tablets (Waymade Healthcare Plc)""	""Terazosin""	""2mg""	""Oral tablet""	""Oral""	""Alpha-Adrenoceptor Blockers/Alpha-Blockers (In Urinary Retention)""	""Terazosin""",
"""41630""",UNKNOWN,true,"315	""Amiloride 5mg Tablet (IVAX Pharmaceuticals UK Ltd)""	""Amiloride""	""5mg""	""Oral tablet""	""Oral""	""Potassium-Sparing Diuretics And Aldosterone Antagonists""	""Amiloride""",
"""41205""",UNKNOWN,true,"879	""Sevikar 40mg/5mg tablets (Daiichi Sankyo UK Ltd)""	""Amlodipine/Olmesartan""	""40mg + 5mg""	""Oral tablet""	""Oral""	""Angiotensin-II Receptor Antagonists/Calcium-Channel Blockers""	""Amlodipine/Olmesartan""",
"""39357""",UNKNOWN,true,"219	""Neofel XL 2.5mg tablets (Kent Pharma (UK) Ltd)""	""Felodipine""	""2.5mg""	""Modified-release tablet""	""Oral""	""Calcium-Channel Blockers""	""Felodipine""",
"""65536""",UNKNOWN,true,"0	""Lisinopril 2.5mg tablets (Alliance Healthcare (Distribution) Ltd)""	""Lisinopril""	""2.5mg""	""Oral tablet""	""Oral""	""Angiotensin-Converting Enzyme Inhibitors (ACE Inhibitors)""	""Lisinopril""",
"""19051""",UNKNOWN,true,"20	""Regaine regular strength 50mg/ml Cutaneous solution (Pharmacia Ltd)""	""Minoxidil""	""50mg/1ml""	""Cutaneous solution""	""Cutaneous""	""Androgenetic Alopecia""	""Minoxidil""",
"""82785""",UNKNOWN,true,"32	""Candesartan 4mg tablets (Almus Pharmaceuticals Ltd)""	""Candesartan""	""4mg""	""Oral tablet""	""Oral""	""Angiotensin-II Receptor Antagonists""	""Candesartan""",
"""68311""",UNKNOWN,true,"0	""Amlodipine 5mg/5ml oral solution sugar free (A A H Pharmaceuticals Ltd)""	""Amlodipine""	""1mg/1ml""	""Oral solution""	""Oral""	""Calcium-Channel Blockers""	""Amlodipine""",
"""57235""",UNKNOWN,true,"0	""Ramipril 1.25mg tablets (Sandoz Ltd)""	""Ramipril""	""1.25mg""	""Oral tablet""	""Oral""	""Angiotensin-Converting Enzyme Inhibitors (ACE Inhibitors)""	""Ramipril""",
"""81164""",UNKNOWN,true,"1	""Kentipine MR 10 tablets (Kent Pharma (UK) Ltd)""	""Nifedipine""	""10mg""	""Modified-release tablet""	""Oral""	""Calcium-Channel Blockers""	""Nifedipine""",
"""82419""",UNKNOWN,true,"0	""Methyldopa 250mg tablets (Genesis Pharmaceuticals Ltd)""	""Methyldopa""	""250mg""	""Oral tablet""	""Oral""	""Centrally Acting Antihypertensive Products""	""Methyldopa""",
"""65389""",UNKNOWN,true,"0	""Gopten 500microgram capsules (Waymade Healthcare Plc)""	""Trandolapril""	""500microgram""	""Oral capsule""	""Oral""	""Angiotensin-Converting Enzyme Inhibitors (ACE Inhibitors)""	""Trandolapril""",
"""17633""",UNKNOWN,true,"1034	""Captopril 3mg/5ml oral solution""	""Captopril""	""3mg/5ml""	""Oral Liquid""	""Oral""	""Angiotensin-Converting Enzyme Inhibitors (ACE Inhibitors)""	""Captopril""",
"""81148""",UNKNOWN,true,"0	""Lisinopril 10mg tablets (Mawdsley-Brooks & Company Ltd)""	""Lisinopril""	""10mg""	""Oral tablet""	""Oral""	""Angiotensin-Converting Enzyme Inhibitors (ACE Inhibitors)""	""Lisinopril""",
"""12574""",UNKNOWN,true,"12582	""Cilazapril 1mg tablets""	""Cilazapril""	""1mg""	""Oral tablet""	""Oral""	""Angiotensin-Converting Enzyme Inhibitors (ACE Inhibitors)""	""Cilazapril""",
"""74153""",UNKNOWN,true,"2	""Chlorothiazide 10mg/5ml oral solution""	""Chlorothiazide""	""2mg/1ml""	""Oral solution""	""Oral""	""Thiazides And Related Diuretics""	""Chlorothiazide""",
"""65479""",UNKNOWN,true,"0	""Candesartan 2mg tablets (A A H Pharmaceuticals Ltd)""	""Candesartan""	""2mg""	""Oral tablet""	""Oral""	""Angiotensin-II Receptor Antagonists""	""Candesartan""",
"""8201""",UNKNOWN,true,"70529	""Nicardipine 30mg capsules""	""Nicardipine""	""30mg""	""Oral capsule""	""Oral""	""Calcium-Channel Blockers""	""Nicardipine""",
"""62065""",UNKNOWN,true,"29	""Diltiazem 90mg modified-release tablets (Colorama Pharmaceuticals Ltd)""	""Diltiazem""	""90mg""	""Modified-release tablet""	""Oral""	""Calcium-Channel Blockers""	""Diltiazem""",
"""64474""",UNKNOWN,true,"3	""Felodipine 2.5mg modified-release tablets (A A H Pharmaceuticals Ltd)""	""Felodipine""	""2.5mg""	""Modified-release tablet""	""Oral""	""Calcium-Channel Blockers""	""Felodipine""",
"""87679""",UNKNOWN,true,"0	""Losartan 50mg / Hydrochlorothiazide 12.5mg tablets (Milpharm Ltd)""	""Hydrochlorothiazide/Losartan""	""50mg + 12.5mg""	""Oral tablet""	""Oral""	""Angiotensin-II Receptor Antagonists With Diuretic""	""Hydrochlorothiazide/Losartan""",
"""27700""",UNKNOWN,true,"1367	""Propranolol 40mg tablets (Actavis UK Ltd)""	""Propranolol""	""40mg""	""Oral tablet""	""Oral""	""Beta-Adrenoceptor Blockers/Prophylaxis Of Migraine/Drugs For Essential Tremor, Chorea, Tics, And Related Disorders/Antithyroid Products""	""Propranolol""",
"""24482""",UNKNOWN,true,"18	""Captomex 50mg tablets (Actavis UK Ltd)""	""Captopril""	""50mg""	""Oral tablet""	""Oral""	""Angiotensin-Converting Enzyme Inhibitors (ACE Inhibitors)""	""Captopril""",
"""66958""",UNKNOWN,true,"6	""Candesartan 8mg tablets (Sandoz Ltd)""	""Candesartan""	""8mg""	""Oral tablet""	""Oral""	""Angiotensin-II Receptor Antagonists""	""Candesartan""",
"""78356""",UNKNOWN,true,"2	""Spironolactone 2mg/5ml oral solution""	""Spironolactone""	""400microgram/1ml""	""Oral solution""	""Oral""	""Potassium-Sparing Diuretics And Aldosterone Antagonists""	""Spironolactone""",
"""45494""",UNKNOWN,true,"86	""Propranolol 10mg tablets (Almus Pharmaceuticals Ltd)""	""Propranolol""	""10mg""	""Oral tablet""	""Oral""	""Beta-Adrenoceptor Blockers/Prophylaxis Of Migraine/Drugs For Essential Tremor, Chorea, Tics, And Related Disorders/Antithyroid Products""	""Propranolol""",
"""73968""",UNKNOWN,true,"21	""Nicardipine 20mg capsules (Teva UK Ltd)""	""Nicardipine""	""20mg""	""Oral capsule""	""Oral""	""Calcium-Channel Blockers""	""Nicardipine""",
"""62771""",UNKNOWN,true,"0	""Indapamide 1.5mg modified-release tablets (DE Pharmaceuticals)""	""Indapamide""	""1.5mg""	""Modified-release tablet""	""Oral""	""Thiazides And Related Diuretics""	""Indapamide""",
"""16786""",UNKNOWN,true,"1590	""Chlortalidone 25mg with Atenolol 100mg tablets""	""Chlortalidone/Atenolol""	""25mg+100mg""	""Tablets""	""Oral""	""Thiazides And Related Diuretics/Beta-Adrenoceptor Blockers""	""Chlortalidone/Atenolol""",
"""80""",UNKNOWN,true,"12793873	""Ramipril 5mg capsules""	""Ramipril""	""5mg""	""Oral capsule""	""Oral""	""Angiotensin-Converting Enzyme Inhibitors (ACE Inhibitors)""	""Ramipril""",
"""7823""",UNKNOWN,true,"1948	""NIFEDIPINE TAB 5 mg""	""Nifedipine""	NA	""Tablet""	""Oral""	""Unknown""	""Nifedipine""",
"""37978""",UNKNOWN,true,"93484	""Perindopril arginine 5mg / Indapamide 1.25mg tablets""	""Indapamide/Perindopril""	""1.25mg + 5mg""	""Oral tablet""	""Oral""	""Thiazides And Related Diuretics/Angiotensin-Converting Enzyme Inhibitors (ACE Inhibitors)""	""Indapamide/Perindopril""",
"""38026""",UNKNOWN,true,"4452	""Coversyl Arginine 10mg tablets (Servier Laboratories Ltd)""	""Perindopril""	""10mg""	""Oral tablet""	""Oral""	""Angiotensin-Converting Enzyme Inhibitors (ACE Inhibitors)""	""Perindopril""",
"""82319""",UNKNOWN,true,"0	""Co-tenidone 100mg/25mg tablets (Medreich Plc)""	""Chlortalidone/Atenolol""	""100mg + 25mg""	""Oral tablet""	""Oral""	""Thiazides And Related Diuretics/Beta-Adrenoceptor Blockers""	""Chlortalidone/Atenolol""",
"""40242""",UNKNOWN,true,"1856	""Timolol 0.5% eye drops (Teva UK Ltd)""	""Timolol""	""5mg/1ml""	""Eye drops""	""Ocular""	""Beta-Blockers (In Glaucoma)""	""Timolol""",
"""91617""",UNKNOWN,true,"42	""Tenormin 25mg tablets (Waymade Healthcare Plc)""	""Atenolol""	""25mg""	""Oral tablet""	""Oral""	""Beta-Adrenoceptor Blockers""	""Atenolol""",
"""2926""",UNKNOWN,true,"135297	""Nicardipine 20mg capsules""	""Nicardipine""	""20mg""	""Oral capsule""	""Oral""	""Calcium-Channel Blockers""	""Nicardipine""",
"""63890""",UNKNOWN,true,"0	""MicardisPlus 80mg/12.5mg tablets (Waymade Healthcare Plc)""	""Hydrochlorothiazide/Telmisartan""	""80mg + 12.5mg""	""Oral tablet""	""Oral""	""Angiotensin-II Receptor Antagonists With Diuretic""	""Hydrochlorothiazide/Telmisartan""",
"""82515""",UNKNOWN,true,"42	""Innovace 20mg tablets (Dowelhurst Ltd)""	""Enalapril""	""20mg""	""Oral tablet""	""Oral""	""Angiotensin-Converting Enzyme Inhibitors (ACE Inhibitors)""	""Enalapril""",
"""55979""",UNKNOWN,true,"80	""Metoprolol 25mg/5ml oral suspension""	""Metoprolol""	""5mg/1ml""	""Oral suspension""	""Oral""	""Beta-Adrenoceptor Blockers/Prophylaxis Of Migraine""	""Metoprolol""",
"""8189""",UNKNOWN,true,"16388	""Secadrex 200mg/12.5mg tablets (Sanofi)""	""Hydrochlorothiazide/Acebutolol""	""200mg + 12.5mg""	""Oral tablet""	""Oral""	""Unknown""	""Hydrochlorothiazide/Acebutolol""",
"""19216""",UNKNOWN,true,"117	""Doxazosin 4mg tablets (IVAX Pharmaceuticals UK Ltd)""	""Doxazosin""	""4mg""	""Oral tablet""	""Oral""	""Alpha-Adrenoceptor Blockers/Drugs For Genito-Urinary Disorders""	""Doxazosin""",
"""18743""",UNKNOWN,true,"5435	""Tenben 25mg/1.25mg capsules (Galen Ltd)""	""Bendroflumethiazide/Atenolol""	""25mg + 1.25mg""	""Oral capsule""	""Oral""	""Unknown""	""Bendroflumethiazide/Atenolol""",
"""34431""",UNKNOWN,true,"47	""Ramipril 2.5mg capsules (Zentiva Pharma UK Ltd)""	""Ramipril""	""2.5mg""	""Oral capsule""	""Oral""	""Angiotensin-Converting Enzyme Inhibitors (ACE Inhibitors)""	""Ramipril""",
"""10429""",UNKNOWN,true,"18084	""Lopresor 50mg Tablet (Novartis Pharmaceuticals UK Ltd)""	""Metoprolol""	""50mg""	""Oral tablet""	""Oral""	""Beta-Adrenoceptor Blockers""	""Metoprolol""",
"""26220""",UNKNOWN,true,"1808	""Delvas Tablet (Berk Pharmaceuticals Ltd)""	""Hydrochlorothiazide/Amiloride""	""50mg + 5mg""	""Oral tablet""	""Oral""	""Thiazides And Related Diuretics/Potassium-Sparing Diuretics With Other Diuretics""	""Hydrochlorothiazide/Amiloride""",
"""84202""",UNKNOWN,true,"0	""Losartan 25mg tablets (Relonchem Ltd)""	""Losartan""	""25mg""	""Oral tablet""	""Oral""	""Angiotensin-II Receptor Antagonists""	""Losartan""",
"""51917""",UNKNOWN,true,"2231	""Adalat LA 60 tablets (Sigma Pharmaceuticals Plc)""	""Nifedipine""	""60mg""	""Modified-release tablet""	""Oral""	""Calcium-Channel Blockers""	""Nifedipine""",
"""82271""",UNKNOWN,true,"87	""Losartan 12.5mg/5ml oral suspension""	""Losartan""	""2.5mg/1ml""	""Oral suspension""	""Oral""	""Angiotensin-II Receptor Antagonists""	""Losartan""",
"""57817""",UNKNOWN,true,"3	""Atenolol 50mg tablets (Zentiva Pharma UK Ltd)""	""Atenolol""	""50mg""	""Oral tablet""	""Oral""	""Beta-Adrenoceptor Blockers""	""Atenolol""",
"""63918""",UNKNOWN,true,"15	""Losartan 25mg tablets (Teva UK Ltd)""	""Losartan""	""25mg""	""Oral tablet""	""Oral""	""Angiotensin-II Receptor Antagonists""	""Losartan""",
"""6765""",UNKNOWN,true,"73741	""Quinapril 5mg tablets""	""Quinapril""	""5mg""	""Oral tablet""	""Oral""	""Angiotensin-Converting Enzyme Inhibitors (ACE Inhibitors)""	""Quinapril""",
"""21778""",UNKNOWN,true,"227	""Diltiazem 60mg modified-release tablets (Teva UK Ltd)""	""Diltiazem""	""60mg""	""Modified-release tablet""	""Oral""	""Calcium-Channel Blockers""	""Diltiazem""",
"""78358""",UNKNOWN,true,"0	""Irbesartan 75mg tablets (DE Pharmaceuticals)""	""Irbesartan""	""75mg""	""Oral tablet""	""Oral""	""Angiotensin-II Receptor Antagonists""	""Irbesartan""",
"""88900""",UNKNOWN,true,"0	""Propranolol 5mg/5ml oral solution sugar free (A A H Pharmaceuticals Ltd)""	""Propranolol""	""1mg/1ml""	""Oral solution""	""Oral""	""Beta-Adrenoceptor Blockers/Prophylaxis Of Migraine/Drugs For Essential Tremor, Chorea, Tics, And Related Disorders/Antithyroid Products""	""Propranolol""",
"""52499""",UNKNOWN,true,"418	""Captopril 25mg/5ml oral solution""	""Captopril""	""5mg/1ml""	""Oral solution""	""Oral""	""Angiotensin-Converting Enzyme Inhibitors (ACE Inhibitors)""	""Captopril""",
"""11806""",UNKNOWN,true,"3772	""Regaine for Women Regular Strength 2% solution (McNeil Products Ltd)""	""Minoxidil""	""20mg/1ml""	""Cutaneous solution""	""Cutaneous""	""Androgenetic Alopecia""	""Minoxidil""",
"""1213""",UNKNOWN,true,"97939	""Neo-Naclex-K modified-release tablets (Mercury Pharma Group Ltd)""	""Bendroflumethiazide""	""2.5mg + 630mg""	""Modified-release tablet""	""Oral""	""Thiazides And Related Diuretics""	""Bendroflumethiazide""",
"""2347""",UNKNOWN,true,"11553	""Hytrin 10mg Tablet (Abbott Laboratories Ltd)""	""Terazosin""	""10mg""	""Oral tablet""	""Oral""	""Alpha-Adrenoceptor Blockers/Alpha-Blockers (In Urinary Retention)""	""Terazosin""",
"""75507""",UNKNOWN,true,"178	""Propranolol 160mg Capsule (IVAX Pharmaceuticals UK Ltd)""	""Propranolol""	""160mg""	""Modified-release capsule""	""Oral""	""Beta-Adrenoceptor Blockers/Prophylaxis Of Migraine""	""Propranolol""",
"""7991""",UNKNOWN,true,"2312	""Spiroctan 100mg Capsule (Roche Products Ltd)""	""Spironolactone""	""100mg""	""Capsule""	""Oral""	""Potassium-Sparing Diuretics And Aldosterone Antagonists""	""Spironolactone""",
"""30034""",UNKNOWN,true,"4	""CHLOROTHIAZIDE / SPIRONOLACTONE 100 MG POW""	""Chlorothiazide/Spironolactone""	NA	NA	NA	""Unknown""	""Chlorothiazide/Spironolactone""",
"""67738""",UNKNOWN,true,"0	""Bendroflumethiazide 5mg tablets (Dr Reddy's Laboratories (UK) Ltd)""	""Bendroflumethiazide""	""5mg""	""Oral tablet""	""Oral""	""Thiazides And Related Diuretics""	""Bendroflumethiazide""",
"""58669""",UNKNOWN,true,"0	""Valsartan 40mg capsules (Teva UK Ltd)""	""Valsartan""	""40mg""	""Oral capsule""	""Oral""	""Angiotensin-II Receptor Antagonists""	""Valsartan""",
"""20849""",UNKNOWN,true,"19	""Tensopril 12.5mg tablets (Teva UK Ltd)""	""Captopril""	""12.5mg""	""Oral tablet""	""Oral""	""Angiotensin-Converting Enzyme Inhibitors (ACE Inhibitors)""	""Captopril""",
"""13965""",UNKNOWN,true,"2630	""Cordilox MR 240mg tablets (Teva UK Ltd)""	""Verapamil""	""240mg""	""Modified-release tablet""	""Oral""	""Calcium-Channel Blockers""	""Verapamil""",
"""56279""",UNKNOWN,true,"14	""Lisinopril 2.5mg/5ml oral solution""	""Lisinopril""	""500microgram/1ml""	""Oral solution""	""Oral""	""Angiotensin-Converting Enzyme Inhibitors (ACE Inhibitors)""	""Lisinopril""",
"""35697""",UNKNOWN,true,"3530	""Exforge 5mg/160mg tablets (Novartis Pharmaceuticals UK Ltd)""	""Amlodipine/Valsartan""	""160mg + 5mg""	""Oral tablet""	""Oral""	""Angiotensin-II Receptor Antagonists/Calcium-Channel Blockers""	""Amlodipine/Valsartan""",
"""1836""",UNKNOWN,true,"356559	""Diltiazem 60mg modified-release tablets""	""Diltiazem""	""60mg""	""Modified-release tablet""	""Oral""	""Calcium-Channel Blockers""	""Diltiazem""",
"""56994""",UNKNOWN,true,"2	""Lacidipine 4mg tablets (Teva UK Ltd)""	""Lacidipine""	""4mg""	""Oral tablet""	""Oral""	""Calcium-Channel Blockers""	""Lacidipine""",
"""61719""",UNKNOWN,true,"211	""Beta-Adalat modified-release capsules (Waymade Healthcare Plc)""	""Nifedipine/Atenolol""	""50mg + 20mg""	""Modified-release capsule""	""Oral""	""Beta-Adrenoceptor Blockers/Calcium-Channel Blockers""	""Nifedipine/Atenolol""",
"""34799""",UNKNOWN,true,"24	""Lisinopril 20mg tablets (Zentiva Pharma UK Ltd)""	""Lisinopril""	""20mg""	""Oral tablet""	""Oral""	""Angiotensin-Converting Enzyme Inhibitors (ACE Inhibitors)""	""Lisinopril""",
"""52136""",UNKNOWN,true,"73	""Bedranol sr 160mg Capsule (Lagap)""	""Propranolol""	""160mg""	""Modified-release capsule""	""Oral""	""Beta-Adrenoceptor Blockers/Prophylaxis Of Migraine""	""Propranolol""",
"""80967""",UNKNOWN,true,"11	""Timolol 0.5% eye drops (Almus Pharmaceuticals Ltd)""	""Timolol""	""5mg/1ml""	""Eye drops""	""Ocular""	""Beta-Blockers (In Glaucoma)""	""Timolol""",
"""74057""",UNKNOWN,true,"2	""Valsartan 40mg/5ml oral suspension""	""Valsartan""	""8mg/1ml""	""Oral suspension""	""Oral""	""Angiotensin-II Receptor Antagonists""	""Valsartan""",
"""80104""",UNKNOWN,true,"0	""Doxazosin 8mg tablets (A A H Pharmaceuticals Ltd)""	""Doxazosin""	""8mg""	""Oral tablet""	""Oral""	""Alpha-Adrenoceptor Blockers/Alpha-Blockers (In Urinary Retention)""	""Doxazosin""",
"""22648""",UNKNOWN,true,"4	""GUANETHIDINE DROPS 3 % EYE""	""Guanethidine""	NA	NA	NA	""Unknown""	""Guanethidine""",
"""52440""",UNKNOWN,true,"108	""Amlodipine 10mg/5ml oral solution""	""Amlodipine""	""2mg/1ml""	""Oral solution""	""Oral""	""Calcium-Channel Blockers""	""Amlodipine""",
"""77397""",UNKNOWN,true,"460	""Timoptol 0.5% eye drops (Dowelhurst Ltd)""	""Timolol""	""5mg/1ml""	""Eye drops""	""Ocular""	""Beta-Blockers (In Glaucoma)""	""Timolol""",
"""29443""",UNKNOWN,true,"25	""Bendogen 10mg Tablet (Lagap)""	""Betanidine""	""10mg""	""Tablet""	""Oral""	""Adrenergic Neurone Blockers""	""Betanidine""",
"""66702""",UNKNOWN,true,"63195	""Sacubitril 24mg / Valsartan 26mg tablets""	""Valsartan""	""24mg + 26mg""	""Oral tablet""	""Oral""	""Angiotensin-II Receptor Antagonists/Other Antihypertensives""	""Valsartan""",
"""84512""",UNKNOWN,true,"0	""Timolol 0.25% eye drops (Alliance Healthcare (Distribution) Ltd)""	""Timolol""	""2.5mg/1ml""	""Eye drops""	""Ocular""	""Beta-Blockers (In Glaucoma)""	""Timolol""",
"""85046""",UNKNOWN,true,"0	""Lisinopril 10mg tablets (Medihealth (Northern) Ltd)""	""Lisinopril""	""10mg""	""Oral tablet""	""Oral""	""Angiotensin-Converting Enzyme Inhibitors (ACE Inhibitors)""	""Lisinopril""",
"""22882""",UNKNOWN,true,"35	""RAMIPRIL""	""Ramipril""	NA	NA	NA	""Unknown""	""Ramipril""",
"""26759""",UNKNOWN,true,"38	""Zildil SR 60mg capsules (Healthcare Pharma Ltd)""	""Diltiazem""	""60mg""	""Modified-release capsule""	""Oral""	""Calcium-Channel Blockers""	""Diltiazem""",
"""4960""",UNKNOWN,true,"15965	""Aldactone 50mg tablets (Pfizer Ltd)""	""Spironolactone""	""50mg""	""Oral tablet""	""Oral""	""Potassium-Sparing Diuretics And Aldosterone Antagonists""	""Spironolactone""",
"""82316""",UNKNOWN,true,"0	""Adalat LA 60 tablets (Lexon (UK) Ltd)""	""Nifedipine""	""60mg""	""Modified-release tablet""	""Oral""	""Calcium-Channel Blockers""	""Nifedipine""",
"""15577""",UNKNOWN,true,"3	""HYDROCHLOROTHIAZIDE 12.5MG/K 8.1MMOL S/R 12.5 MG TAB""	""Hydrochlorothiazide""	NA	""Tablet""	""Oral""	""Unknown""	""Hydrochlorothiazide""",
"""66597""",UNKNOWN,true,"11	""Captopril 10mg/5ml oral suspension""	""Captopril""	""2mg/1ml""	""Oral suspension""	""Oral""	""Angiotensin-Converting Enzyme Inhibitors (ACE Inhibitors)""	""Captopril""",
"""74795""",UNKNOWN,true,"351	""Amlodipine 10mg tablets (Somex Pharma)""	""Amlodipine""	""10mg""	""Oral tablet""	""Oral""	""Calcium-Channel Blockers""	""Amlodipine""",
"""3509""",UNKNOWN,true,"7448	""ENALAPRIL MALEATE 40 MG TAB""	""Enalapril""	NA	""Tablet""	""Oral""	""Unknown""	""Enalapril""",
"""15031""",UNKNOWN,true,"6886	""Accuretic 10mg/12.5mg tablets (Pfizer Ltd)""	""Hydrochlorothiazide/Quinapril""	""12.5mg + 10mg""	""Oral tablet""	""Oral""	""Angiotensin-Converting Enzyme Inhibitors (ACE Inhibitors)""	""Hydrochlorothiazide/Quinapril""",
"""66574""",UNKNOWN,true,"36	""Amlodipine 5mg tablets (Phoenix Healthcare Distribution Ltd)""	""Amlodipine""	""5mg""	""Oral tablet""	""Oral""	""Calcium-Channel Blockers""	""Amlodipine""",
"""74301""",UNKNOWN,true,"1	""Diazoxide 125mg/5ml oral solution""	""Diazoxide""	""25mg/1ml""	""Oral solution""	""Oral""	""Treatment Of Hypoglycaemia""	""Diazoxide""",
"""18270""",UNKNOWN,true,"307	""Guanethidine 1% / Adrenaline 0.2% eye drops""	""Guanethidine""	""2mg/1ml + 10mg/1ml""	""Eye drops""	""Ocular""	""Unknown""	""Guanethidine""",
"""5612""",UNKNOWN,true,"82463	""Coversyl 2mg tablets (Servier Laboratories Ltd)""	""Perindopril""	""2mg""	""Oral tablet""	""Oral""	""Angiotensin-Converting Enzyme Inhibitors (ACE Inhibitors)""	""Perindopril""",
"""60506""",UNKNOWN,true,"0	""Losartan 100mg tablets (Dexcel-Pharma Ltd)""	""Losartan""	""100mg""	""Oral tablet""	""Oral""	""Angiotensin-II Receptor Antagonists""	""Losartan""",
"""77386""",UNKNOWN,true,"853	""Dyazide 50mg/25mg tablets (Dowelhurst Ltd)""	""Hydrochlorothiazide/Triamterene""	""25mg + 50mg""	""Oral tablet""	""Oral""	""Potassium-Sparing Diuretics With Other Diuretics""	""Hydrochlorothiazide/Triamterene""",
"""81603""",UNKNOWN,true,"0	""Losartan 25mg tablets (Krka UK Ltd)""	""Losartan""	""25mg""	""Oral tablet""	""Oral""	""Angiotensin-II Receptor Antagonists""	""Losartan""",
"""86263""",UNKNOWN,true,"0	""Spironolactone 25mg tablets (Alliance Healthcare (Distribution) Ltd)""	""Spironolactone""	""25mg""	""Oral tablet""	""Oral""	""Potassium-Sparing Diuretics And Aldosterone Antagonists""	""Spironolactone""",
"""55798""",UNKNOWN,true,"104	""Ramipril 5mg capsules (Waymade Healthcare Plc)""	""Ramipril""	""5mg""	""Oral capsule""	""Oral""	""Angiotensin-Converting Enzyme Inhibitors (ACE Inhibitors)""	""Ramipril""",
"""90817""",UNKNOWN,true,"1	""Clonidine 5micrograms/5ml oral solution""	""Clonidine""	""1microgram/1ml""	""Oral solution""	""Oral""	""Centrally Acting Antihypertensive Products/Prophylaxis Of Migraine/Oestrogens And HRT""	""Clonidine""",
"""3343""",UNKNOWN,true,"194814	""Half Securon SR 120mg tablets (Viatris UK Healthcare Ltd)""	""Verapamil""	""120mg""	""Modified-release tablet""	""Oral""	""Calcium-Channel Blockers""	""Verapamil""",
"""34803""",UNKNOWN,true,"1	""Bendroflumethiazide 2.5mg Tablet (Regent Laboratories Ltd)""	""Bendroflumethiazide""	""2.5mg""	""Oral tablet""	""Oral""	""Thiazides And Related Diuretics""	""Bendroflumethiazide""",
"""20363""",UNKNOWN,true,"431715	""Ganfort 0.3mg/ml / 5mg/ml eye drops (AbbVie Ltd)""	""Timolol""	""300microgram/1ml + 5mg/1ml""	""Eye drops""	""Ocular""	""Prostaglandin Analogues (In Glaucoma)""	""Timolol""",
"""74930""",UNKNOWN,true,"17	""Nadolol 30mg/5ml oral suspension (Drug Tariff Special Order)""	""Nadolol""	""6mg/1ml""	""Oral suspension""	""Oral""	""Beta-Adrenoceptor Blockers""	""Nadolol""",
"""39009""",UNKNOWN,true,"871	""Verapamil 40mg tablets (Teva UK Ltd)""	""Verapamil""	""40mg""	""Oral tablet""	""Oral""	""Calcium-Channel Blockers""	""Verapamil""",
"""23459""",UNKNOWN,true,"64	""Hypovase benign prostatic hyperplasia 2mg Tablet (Pfizer Ltd)""	""Prazosin""	""2mg""	""Oral tablet""	""Oral""	""Alpha-Adrenoceptor Blockers/Alpha-Blockers (In Urinary Retention)""	""Prazosin""",
"""707""",UNKNOWN,true,"4662061	""Propranolol 40mg tablets""	""Propranolol""	""40mg""	""Oral tablet""	""Oral""	""Beta-Adrenoceptor Blockers/Prophylaxis Of Migraine/Drugs For Essential Tremor, Chorea, Tics, And Related Disorders/Antithyroid Products""	""Propranolol""",
"""34825""",UNKNOWN,true,"1204	""Co-tenidone 50mg/12.5mg tablets (Teva UK Ltd)""	""Chlortalidone/Atenolol""	""12.5mg + 50mg""	""Oral tablet""	""Oral""	""Thiazides And Related Diuretics/Beta-Adrenoceptor Blockers""	""Chlortalidone/Atenolol""",
"""82423""",UNKNOWN,true,"0	""Amias 16mg tablets (Lexon (UK) Ltd)""	""Candesartan""	""16mg""	""Oral tablet""	""Oral""	""Angiotensin-II Receptor Antagonists""	""Candesartan""",
"""2816""",UNKNOWN,true,"434873	""Indoramin 20mg tablets""	""Indoramin""	""20mg""	""Oral tablet""	""Oral""	""Alpha-Adrenoceptor Blockers/Alpha-Blockers (In Urinary Retention)""	""Indoramin""",
"""50607""",UNKNOWN,true,"0	""Perindopril arginine 2mg with Indapamide 625 micrograms tablet""	""Indapamide/Perindopril""	NA	""Tablet""	""Oral""	""Thiazides And Related Diuretics/Angiotensin-Converting Enzyme Inhibitors (ACE Inhibitors)""	""Indapamide/Perindopril""",
"""77449""",UNKNOWN,true,"132	""Natrilix SR 1.5mg tablets (Waymade Healthcare Plc)""	""Indapamide""	""1.5mg""	""Modified-release tablet""	""Oral""	""Thiazides And Related Diuretics""	""Indapamide""",
"""25075""",UNKNOWN,true,"0	""FRUSEMIDE 40MG/AMILORIDE HYD 5MG""	""Amiloride""	NA	NA	NA	""Unknown""	""Amiloride""",
"""62912""",UNKNOWN,true,"43	""Diltiazem 120mg modified-release capsules (AM Distributions (Yorkshire) Ltd)""	""Diltiazem""	""120mg""	""Modified-release capsule""	""Oral""	""Calcium-Channel Blockers""	""Diltiazem""",
"""16924""",UNKNOWN,true,"16235	""Imidapril 5mg tablets""	""Imidapril""	""5mg""	""Oral tablet""	""Oral""	""Angiotensin-Converting Enzyme Inhibitors (ACE Inhibitors)""	""Imidapril""",
"""6078""",UNKNOWN,true,"3516227	""Perindopril erbumine 8mg tablets""	""Perindopril""	""8mg""	""Oral tablet""	""Oral""	""Angiotensin-Converting Enzyme Inhibitors (ACE Inhibitors)""	""Perindopril""",
"""17783""",UNKNOWN,true,"6	""Spiroprop Tablet (Pharmacia Ltd)""	""Spironolactone/Propranolol""	NA	""Tablet""	""Oral""	""Beta-Adrenoceptor Blockers""	""Spironolactone/Propranolol""",
"""73672""",UNKNOWN,true,"0	""Lisinopril 10mg tablets (Milpharm Ltd)""	""Lisinopril""	""10mg""	""Oral tablet""	""Oral""	""Angiotensin-Converting Enzyme Inhibitors (ACE Inhibitors)""	""Lisinopril""",
"""88972""",UNKNOWN,true,"0	""Indapamide 2.5mg tablets (RX Farma)""	""Indapamide""	""2.5mg""	""Oral tablet""	""Oral""	""Thiazides And Related Diuretics""	""Indapamide""",
"""57653""",UNKNOWN,true,"0	""Adalat LA 20mg tablets (Sigma Pharmaceuticals Plc)""	""Nifedipine""	""20mg""	""Modified-release tablet""	""Oral""	""Calcium-Channel Blockers""	""Nifedipine""",
"""73637""",UNKNOWN,true,"0	""Doxazosin 1mg tablets (Sterwin Medicines)""	""Doxazosin""	""1mg""	""Oral tablet""	""Oral""	""Alpha-Adrenoceptor Blockers/Drugs For Genito-Urinary Disorders""	""Doxazosin""",
"""31716""",UNKNOWN,true,"10	""Enalapril 20mg tablets (Accord-UK Ltd)""	""Enalapril""	""20mg""	""Oral tablet""	""Oral""	""Angiotensin-Converting Enzyme Inhibitors (ACE Inhibitors)""	""Enalapril""",
"""62537""",UNKNOWN,true,"0	""Co-tenidone 100mg/25mg tablets (DE Pharmaceuticals)""	""Chlortalidone/Atenolol""	""100mg + 25mg""	""Oral tablet""	""Oral""	""Thiazides And Related Diuretics/Beta-Adrenoceptor Blockers""	""Chlortalidone/Atenolol""",
"""71618""",UNKNOWN,true,"0	""Losartan 100mg / Hydrochlorothiazide 12.5mg tablets (A A H Pharmaceuticals Ltd)""	""Hydrochlorothiazide/Losartan""	""12.5mg + 100mg""	""Oral tablet""	""Oral""	""Angiotensin-II Receptor Antagonists With Diuretic""	""Hydrochlorothiazide/Losartan""",
"""74061""",UNKNOWN,true,"3949	""Adalat LA 30 tablets (Waymade Healthcare Plc)""	""Nifedipine""	""30mg""	""Modified-release tablet""	""Oral""	""Calcium-Channel Blockers""	""Nifedipine""",
"""73467""",UNKNOWN,true,"28	""Verapamil hc 80mg Tablet (Ranbaxy (UK) Ltd)""	""Verapamil""	""80mg""	""Oral tablet""	""Oral""	""Supraventricular Arrhythmias/Calcium-Channel Blockers""	""Verapamil""",
"""55446""",UNKNOWN,true,"0	""Losartan 100mg tablets (Bristol Laboratories Ltd)""	""Losartan""	""100mg""	""Oral tablet""	""Oral""	""Angiotensin-II Receptor Antagonists""	""Losartan""",
"""16161""",UNKNOWN,true,"54031	""Telmisartan 80mg / Hydrochlorothiazide 12.5mg tablets""	""Hydrochlorothiazide/Telmisartan""	""80mg + 12.5mg""	""Oral tablet""	""Oral""	""Angiotensin-II Receptor Antagonists With Diuretic""	""Hydrochlorothiazide/Telmisartan""",
"""57048""",UNKNOWN,true,"0	""Lisinopril 10mg tablets (Zentiva Pharma UK Ltd)""	""Lisinopril""	""10mg""	""Oral tablet""	""Oral""	""Angiotensin-Converting Enzyme Inhibitors (ACE Inhibitors)""	""Lisinopril""",
"""65911""",UNKNOWN,true,"529	""Phentolamine 2mg/0.35ml / Aviptadil 25micrograms/0.35ml solution for injection ampoules""	""Phentolamine""	""71.43microgram/1ml + 5.71mg/1ml""	""Solution for injection""	""Intracavernous""	""Drugs For Erectile Dysfunction""	""Phentolamine""",
"""49491""",UNKNOWN,true,"0	""Perindopril erbumine 2mg tablets (Krka UK Ltd)""	""Perindopril""	""2mg""	""Oral tablet""	""Oral""	""Angiotensin-Converting Enzyme Inhibitors (ACE Inhibitors)""	""Perindopril""",
"""21025""",UNKNOWN,true,"481	""Prestim forte Tablet (LEO Pharma)""	""Bendroflumethiazide/Timolol""	NA	""Tablet""	""Oral""	""Thiazides And Related Diuretics/Beta-Adrenoceptor Blockers""	""Bendroflumethiazide/Timolol""",
"""16201""",UNKNOWN,true,"6148	""Hytrin bph 2mg Tablet (Amdipharm Plc)""	""Terazosin""	""2mg""	""Oral tablet""	""Oral""	""Alpha-Adrenoceptor Blockers/Alpha-Blockers (In Urinary Retention)""	""Terazosin""",
"""90212""",UNKNOWN,true,"1	""Candesartan 4mg tablets (Torrent Pharma (UK) Ltd)""	""Candesartan""	""4mg""	""Oral tablet""	""Oral""	""Angiotensin-II Receptor Antagonists""	""Candesartan""",
"""17876""",UNKNOWN,true,"22	""METOPROLOL FUMARATE 190 MG TAB""	""Metoprolol""	NA	""Tablet""	""Oral""	""Unknown""	""Metoprolol""",
"""25836""",UNKNOWN,true,"5	""METHYLDOPA 200 MG TAB""	""Methyldopa""	NA	""Tablet""	""Oral""	""Unknown""	""Methyldopa""",
"""70805""",UNKNOWN,true,"0	""Candesartan 8mg tablets (Crescent Pharma Ltd)""	""Candesartan""	""8mg""	""Oral tablet""	""Oral""	""Angiotensin-II Receptor Antagonists""	""Candesartan""",
"""76180""",UNKNOWN,true,"32	""Metoprolol 5mg/5ml oral solution""	""Metoprolol""	""1mg/1ml""	""Oral solution""	""Oral""	""Beta-Adrenoceptor Blockers/Prophylaxis Of Migraine""	""Metoprolol""",
"""12412""",UNKNOWN,true,"14905	""Cilazapril 2.5mg tablets""	""Cilazapril""	""2.5mg""	""Oral tablet""	""Oral""	""Angiotensin-Converting Enzyme Inhibitors (ACE Inhibitors)""	""Cilazapril""",
"""4507""",UNKNOWN,true,"74	""HYDRALAZINE HCl 12.5 MG TAB""	""Hydralazine""	NA	""Tablet""	""Oral""	""Unknown""	""Hydralazine""",
"""34949""",UNKNOWN,true,"270	""Propranolol 160mg Modified-release capsule (Actavis UK Ltd)""	""Propranolol""	""160mg""	""Modified-release capsule""	""Oral""	""Beta-Adrenoceptor Blockers/Prophylaxis Of Migraine""	""Propranolol""",
"""42210""",UNKNOWN,true,"6127	""Amlodipine 10mg tablets (Zentiva Pharma UK Ltd)""	""Amlodipine""	""10mg""	""Oral tablet""	""Oral""	""Calcium-Channel Blockers""	""Amlodipine""",
"""37971""",UNKNOWN,true,"22523	""Perindopril arginine 10mg tablets""	""Perindopril""	""10mg""	""Oral tablet""	""Oral""	""Angiotensin-Converting Enzyme Inhibitors (ACE Inhibitors)""	""Perindopril""",
"""36583""",UNKNOWN,true,"2	""Zemret xl 180mg Capsule (Neo Laboratories Ltd)""	""Diltiazem""	""180mg""	""Capsule""	""Oral""	""Calcium-Channel Blockers""	""Diltiazem""",
"""76486""",UNKNOWN,true,"60	""Enalapril 2.5mg tablets (Viatris UK Healthcare Ltd)""	""Enalapril""	""2.5mg""	""Oral tablet""	""Oral""	""Angiotensin-Converting Enzyme Inhibitors (ACE Inhibitors)""	""Enalapril""",
"""89472""",UNKNOWN,true,"0	""Losartan 25mg tablets (Rudipharm Ltd)""	""Losartan""	""25mg""	""Oral tablet""	""Oral""	""Angiotensin-II Receptor Antagonists""	""Losartan""",
"""69802""",UNKNOWN,true,"0	""Candesartan 4mg tablets (Viatris UK Healthcare Ltd)""	""Candesartan""	""4mg""	""Oral tablet""	""Oral""	""Angiotensin-II Receptor Antagonists""	""Candesartan""",
"""59762""",UNKNOWN,true,"1436	""Amlodipine 10mg tablets (Teva UK Ltd)""	""Amlodipine""	""10mg""	""Oral tablet""	""Oral""	""Calcium-Channel Blockers""	""Amlodipine""",
"""71030""",UNKNOWN,true,"0	""Lercanidipine 20mg tablets (Arrow Generics Ltd)""	""Lercanidipine""	""20mg""	""Oral tablet""	""Oral""	""Calcium-Channel Blockers""	""Lercanidipine""",
"""57701""",UNKNOWN,true,"1	""Perindopril erbumine 8mg tablets (Actavis UK Ltd)""	""Perindopril""	""8mg""	""Oral tablet""	""Oral""	""Angiotensin-Converting Enzyme Inhibitors (ACE Inhibitors)""	""Perindopril""",
"""25047""",UNKNOWN,true,"46	""Hypovase benign prostatic hyperplasia 500microgram Tablet (Pfizer Ltd)""	""Prazosin""	""500microgram""	""Oral tablet""	""Oral""	""Alpha-Adrenoceptor Blockers/Alpha-Blockers (In Urinary Retention)""	""Prazosin""",
"""71256""",UNKNOWN,true,"0	""Hydralazine 20mg powder for concentrate for solution for injection ampoules (Advanz Pharma)""	""Hydralazine""	""20mg""	""Powder for solution for injection""	""Intravenous""	""Vasodilator Antihypertensive Products""	""Hydralazine""",
"""8923""",UNKNOWN,true,"173	""CAPTOPRIL 100 MG TAB""	""Captopril""	NA	""Tablet""	""Oral""	""Unknown""	""Captopril""",
"""9708""",UNKNOWN,true,"65034	""Diltiazem 24hr 120mg modified-release capsules""	""Diltiazem""	""120mg""	""24 Hour Modified Release Capsules""	""Oral""	""Calcium-Channel Blockers""	""Diltiazem""",
"""3302""",UNKNOWN,true,"14201	""Cardene SR 30mg capsules (Astellas Pharma Ltd)""	""Nicardipine""	""30mg""	""Modified-release capsule""	""Oral""	""Calcium-Channel Blockers""	""Nicardipine""",
"""4993""",UNKNOWN,true,"548172	""Moxonidine 200microgram tablets""	""Moxonidine""	""200microgram""	""Oral tablet""	""Oral""	""Centrally Acting Antihypertensive Products""	""Moxonidine""",
"""45584""",UNKNOWN,true,"0	""Phenoxybenzamine 100mg/2ml solution for infusion ampoules""	""Phenoxybenzamine""	""50mg/1ml""	""Solution for infusion""	""Intravenous""	""Unknown""	""Phenoxybenzamine""",
"""32857""",UNKNOWN,true,"1061	""Ramipril 1.25mg capsules (Teva UK Ltd)""	""Ramipril""	""1.25mg""	""Oral capsule""	""Oral""	""Angiotensin-Converting Enzyme Inhibitors (ACE Inhibitors)""	""Ramipril""",
"""12545""",UNKNOWN,true,"396	""Phentolamine 10mg/1ml solution for injection ampoules""	""Phentolamine""	""10mg/1ml""	""Solution for injection""	""Intramuscular/Intravenous""	""Alpha-Adrenoceptor Blockers""	""Phentolamine""",
"""57444""",UNKNOWN,true,"0	""Lercanidipine 10mg tablets (Aptil Pharma Ltd)""	""Lercanidipine""	""10mg""	""Oral tablet""	""Oral""	""Calcium-Channel Blockers""	""Lercanidipine""",
"""81961""",UNKNOWN,true,"2	""Inderal LA 160mg capsules (DE Pharmaceuticals)""	""Propranolol""	""160mg""	""Modified-release capsule""	""Oral""	""Beta-Adrenoceptor Blockers/Prophylaxis Of Migraine/Drugs For Essential Tremor, Chorea, Tics, And Related Disorders/Antithyroid Products""	""Propranolol""",
"""48288""",UNKNOWN,true,"1343	""Diltiazem 120mg modified-release capsules (A A H Pharmaceuticals Ltd)""	""Diltiazem""	""120mg""	""Modified-release capsule""	""Oral""	""Calcium-Channel Blockers""	""Diltiazem""",
"""74155""",UNKNOWN,true,"0	""Lisinopril 5mg tablets (Milpharm Ltd)""	""Lisinopril""	""5mg""	""Oral tablet""	""Oral""	""Angiotensin-Converting Enzyme Inhibitors (ACE Inhibitors)""	""Lisinopril""",
"""64471""",UNKNOWN,true,"3838	""Taptiqom 15micrograms/ml / 5mg/ml eye drops 0.3ml unit dose (Santen UK Ltd)""	""Timolol""	""5mg/1ml + 15microgram/1ml""	""Eye drops""	""Ocular""	""Beta-Blockers (In Glaucoma)/Prostaglandin Analogues (In Glaucoma)""	""Timolol""",
"""42723""",UNKNOWN,true,"21	""Pralenal 5 tablets (Opus Pharmaceuticals Ltd)""	""Enalapril""	""5mg""	""Oral tablet""	""Oral""	""Angiotensin-Converting Enzyme Inhibitors (ACE Inhibitors)""	""Enalapril""",
"""87625""",UNKNOWN,true,"0	""Propranolol 10mg tablets (Bristol Laboratories Ltd)""	""Propranolol""	""10mg""	""Oral tablet""	""Oral""	""Beta-Adrenoceptor Blockers/Prophylaxis Of Migraine/Drugs For Essential Tremor, Chorea, Tics, And Related Disorders/Antithyroid Products""	""Propranolol""",
"""59340""",UNKNOWN,true,"66	""Losartan 12.5mg tablets (Dexcel-Pharma Ltd)""	""Losartan""	""12.5mg""	""Oral tablet""	""Oral""	""Angiotensin-II Receptor Antagonists""	""Losartan""",
"""47217""",UNKNOWN,true,"8	""Adipine la 60mg Modified-release tablet (Chiesi Ltd)""	""Nifedipine""	""60mg""	""Modified-release tablet""	""Oral""	""Calcium-Channel Blockers""	""Nifedipine""",
"""5284""",UNKNOWN,true,"35329	""Pindolol 5mg tablets""	""Pindolol""	""5mg""	""Oral tablet""	""Oral""	""Beta-Adrenoceptor Blockers""	""Pindolol""",
"""17082""",UNKNOWN,true,"228	""Syprol 5mg/5ml oral solution (Rosemont Pharmaceuticals Ltd)""	""Propranolol""	""1mg/1ml""	""Oral solution""	""Oral""	""Beta-Adrenoceptor Blockers/Prophylaxis Of Migraine/Drugs For Essential Tremor, Chorea, Tics, And Related Disorders/Antithyroid Products""	""Propranolol""",
"""78252""",UNKNOWN,true,"20	""Lisinopril 20mg/5ml oral suspension""	""Lisinopril""	""4mg/1ml""	""Oral suspension""	""Oral""	""Angiotensin-Converting Enzyme Inhibitors (ACE Inhibitors)""	""Lisinopril""",
"""54037""",UNKNOWN,true,"60	""Lisinopril 10mg tablets (Relonchem Ltd)""	""Lisinopril""	""10mg""	""Oral tablet""	""Oral""	""Angiotensin-Converting Enzyme Inhibitors (ACE Inhibitors)""	""Lisinopril""",
"""65602""",UNKNOWN,true,"0	""Adizem-XL 120mg capsules (Waymade Healthcare Plc)""	""Diltiazem""	""120mg""	""Modified-release capsule""	""Oral""	""Calcium-Channel Blockers""	""Diltiazem""",
"""57028""",UNKNOWN,true,"0	""Losartan 100mg tablets (Viatris UK Healthcare Ltd)""	""Losartan""	""100mg""	""Oral tablet""	""Oral""	""Angiotensin-II Receptor Antagonists""	""Losartan""",
"""34551""",UNKNOWN,true,"151	""Indapamide 2.5mg tablets (Viatris UK Healthcare Ltd)""	""Indapamide""	""2.5mg""	""Oral tablet""	""Oral""	""Thiazides And Related Diuretics""	""Indapamide""",
"""75410""",UNKNOWN,true,"23	""Ramipril 2.5mg capsules (Brown & Burk UK Ltd)""	""Ramipril""	""2.5mg""	""Oral capsule""	""Oral""	""Angiotensin-Converting Enzyme Inhibitors (ACE Inhibitors)""	""Ramipril""",
"""3517""",UNKNOWN,true,"10256	""Hydrochlorothiazide 50mg tablets""	""Hydrochlorothiazide""	""50mg""	""Oral tablet""	""Oral""	""Thiazides And Related Diuretics""	""Hydrochlorothiazide""",
"""40421""",UNKNOWN,true,"1	""Bendogen 50mg Tablet (Lagap)""	""Betanidine""	""50mg""	""Tablet""	""Oral""	""Adrenergic Neurone Blockers""	""Betanidine""",
"""68021""",UNKNOWN,true,"0	""Perindopril erbumine 4mg tablets (Alliance Healthcare (Distribution) Ltd)""	""Perindopril""	""4mg""	""Oral tablet""	""Oral""	""Angiotensin-Converting Enzyme Inhibitors (ACE Inhibitors)""	""Perindopril""",
"""48745""",UNKNOWN,true,"0	""Timolol 10mg / Amiloride 2.5mg / Hydrochlorothiazide 25mg tablets""	""Hydrochlorothiazide/Amiloride/Timolol""	""10mg + 2.5mg + 25mg""	""Oral tablet""	""Oral""	""Beta-Blockers With Diuretics""	""Hydrochlorothiazide/Amiloride/Timolol""",
"""16701""",UNKNOWN,true,"35432	""Carace 10mg tablets (Bristol-Myers Squibb Pharmaceuticals Ltd)""	""Lisinopril""	""10mg""	""Oral tablet""	""Oral""	""Angiotensin-Converting Enzyme Inhibitors (ACE Inhibitors)""	""Lisinopril""",
"""77406""",UNKNOWN,true,"978	""Natrilix 2.5mg tablets (Mawdsley-Brooks & Company Ltd)""	""Indapamide""	""2.5mg""	""Oral tablet""	""Oral""	""Thiazides And Related Diuretics""	""Indapamide""",
"""52882""",UNKNOWN,true,"94	""Enalapril 5mg/5ml oral suspension sugar free""	""Enalapril""	""1mg/1ml""	""Oral suspension""	""Oral""	""Angiotensin-Converting Enzyme Inhibitors (ACE Inhibitors)""	""Enalapril""",
"""60232""",UNKNOWN,true,"40	""Lisinopril 5mg tablets (Zentiva Pharma UK Ltd)""	""Lisinopril""	""5mg""	""Oral tablet""	""Oral""	""Angiotensin-Converting Enzyme Inhibitors (ACE Inhibitors)""	""Lisinopril""",
"""9697""",UNKNOWN,true,"643	""Loniten 2.5mg tablets (Pfizer Ltd)""	""Minoxidil""	""2.5mg""	""Oral tablet""	""Oral""	""Vasodilator Antihypertensive Products""	""Minoxidil""",
"""53719""",UNKNOWN,true,"0	""Enalapril 20mg tablets (Alliance Healthcare (Distribution) Ltd)""	""Enalapril""	""20mg""	""Oral tablet""	""Oral""	""Angiotensin-Converting Enzyme Inhibitors (ACE Inhibitors)""	""Enalapril""",
"""46792""",UNKNOWN,true,"4	""Olmesartan medoxomil with amlodipine and hydrochlorothiazide 40mg + 5mg + 12.5mg Tablet""	""Amlodipine/Hydrochlorothiazide/Olmesartan""	""40mg + 5mg + 12.5mg""	""Tablet""	""Oral""	""Thiazides And Related Diuretics/Angiotensin-II Receptor Antagonists""	""Amlodipine/Hydrochlorothiazide/Olmesartan""",
"""72215""",UNKNOWN,true,"0	""Candesartan 4mg tablets (Krka UK Ltd)""	""Candesartan""	""4mg""	""Oral tablet""	""Oral""	""Angiotensin-II Receptor Antagonists""	""Candesartan""",
"""9919""",UNKNOWN,true,"42676	""Diltiazem 2% cream""	""Diltiazem""	""20mg/1gram""	""Cream""	""Route of administration not applicable""	""Local Products For Anal Or Rectal Problems/Calcium-Channel Blockers""	""Diltiazem""",
"""26269""",UNKNOWN,true,"349	""Optil sr 180mg Modified-release capsule (Opus Pharmaceuticals Ltd)""	""Diltiazem""	""180mg""	""Modified-Release Capsule""	""Oral""	""Calcium-Channel Blockers""	""Diltiazem""",
"""19695""",UNKNOWN,true,"15	""AMILORIDE HYDROCHLORIDE""	""Amiloride""	NA	NA	NA	""Unknown""	""Amiloride""",
"""68221""",UNKNOWN,true,"5837	""Amlodipine 10mg tablets (Kent Pharma (UK) Ltd)""	""Amlodipine""	""10mg""	""Oral tablet""	""Oral""	""Calcium-Channel Blockers""	""Amlodipine""",
"""56763""",UNKNOWN,true,"0	""Ramipril 10mg capsules (Phoenix Healthcare Distribution Ltd)""	""Ramipril""	""10mg""	""Oral capsule""	""Oral""	""Angiotensin-Converting Enzyme Inhibitors (ACE Inhibitors)""	""Ramipril""",
"""26895""",UNKNOWN,true,"226	""Syprol 10mg/5ml oral solution (Rosemont Pharmaceuticals Ltd)""	""Propranolol""	""2mg/1ml""	""Oral solution""	""Oral""	""Beta-Adrenoceptor Blockers/Prophylaxis Of Migraine/Drugs For Essential Tremor, Chorea, Tics, And Related Disorders/Antithyroid Products""	""Propranolol""",
"""58990""",UNKNOWN,true,"1	""Nifedipine 10mg modified-release tablets (Cubic Pharmaceuticals Ltd)""	""Nifedipine""	""10mg""	""Modified-release tablet""	""Oral""	""Calcium-Channel Blockers""	""Nifedipine""",
"""42906""",UNKNOWN,true,"2715	""Indapamide 2.5mg tablets (Niche Generics Ltd)""	""Indapamide""	""2.5mg""	""Oral tablet""	""Oral""	""Thiazides And Related Diuretics""	""Indapamide""",
"""624""",UNKNOWN,true,"4789691	""Losartan 100mg tablets""	""Losartan""	""100mg""	""Oral tablet""	""Oral""	""Angiotensin-II Receptor Antagonists""	""Losartan""",
"""2686""",UNKNOWN,true,"23897	""Dilzem xl mr 240mg Modified-release capsule (Elan Pharma)""	""Diltiazem""	""240mg""	""Modified-release capsule""	""Oral""	""Calcium-Channel Blockers""	""Diltiazem""",
"""90132""",UNKNOWN,true,"146	""Candesartan 32mg tablets (Actavis UK Ltd)""	""Candesartan""	""32mg""	""Oral tablet""	""Oral""	""Angiotensin-II Receptor Antagonists""	""Candesartan""",
"""30473""",UNKNOWN,true,"153	""Coroday MR 20mg tablets (Viatris UK Healthcare Ltd)""	""Nifedipine""	""20mg""	""Modified-release tablet""	""Oral""	""Calcium-Channel Blockers""	""Nifedipine""",
"""82348""",UNKNOWN,true,"0	""Trandolapril 500microgram capsules (Accord-UK Ltd)""	""Trandolapril""	""500microgram""	""Oral capsule""	""Oral""	""Angiotensin-Converting Enzyme Inhibitors (ACE Inhibitors)""	""Trandolapril""",
"""90653""",UNKNOWN,true,"0	""Metoprolol 25mg tablets (A A H Pharmaceuticals Ltd)""	""Metoprolol""	""25mg""	""Oral tablet""	""Oral""	""Beta-Adrenoceptor Blockers/Prophylaxis Of Migraine""	""Metoprolol""",
"""56760""",UNKNOWN,true,"0	""Indapamide 2.5mg tablets (Strides Pharma UK Ltd)""	""Indapamide""	""2.5mg""	""Oral tablet""	""Oral""	""Thiazides And Related Diuretics""	""Indapamide""",
"""77436""",UNKNOWN,true,"182	""Cardura XL 4mg tablets (Mawdsley-Brooks & Company Ltd)""	""Doxazosin""	""4mg""	""Modified-release tablet""	""Oral""	""Alpha-Adrenoceptor Blockers/Alpha-Blockers (In Urinary Retention)""	""Doxazosin""",
"""11965""",UNKNOWN,true,"1613	""Ramipril 2.5mg with felodipine 2.5mg modified-release tablet""	""Felodipine/Ramipril""	""2.5mg + 2.5mg""	""Modified Release Tablet""	""Oral""	""Angiotensin-Converting Enzyme Inhibitors (ACE Inhibitors)/Calcium-Channel Blockers""	""Felodipine/Ramipril""",
"""87363""",UNKNOWN,true,"16	""Bimatoprost 300micrograms/ml / Timolol 5mg/ml eye drops 0.4ml unit dose preservative free (Aspire Pharma Ltd)""	""Timolol""	""5mg/1ml + 300microgram/1ml""	""Eye drops""	""Ocular""	""Prostaglandin Analogues (In Glaucoma)""	""Timolol""",
"""77457""",UNKNOWN,true,"828	""Capozide 25mg/50mg tablets (Dowelhurst Ltd)""	""Captopril/Hydrochlorothiazide""	""25mg + 50mg""	""Oral tablet""	""Oral""	""Angiotensin-Converting Enzyme Inhibitors (ACE Inhibitors)""	""Captopril/Hydrochlorothiazide""",
"""1120""",UNKNOWN,true,"350064	""Verapamil 80mg tablets""	""Verapamil""	""80mg""	""Oral tablet""	""Oral""	""Calcium-Channel Blockers""	""Verapamil""",
"""13264""",UNKNOWN,true,"187	""Spironolactone 15mg/5ml oral suspension""	""Spironolactone""	""3mg/1ml""	""Oral suspension""	""Oral""	""Potassium-Sparing Diuretics And Aldosterone Antagonists""	""Spironolactone""",
"""15085""",UNKNOWN,true,"316	""Innovace Titration pack (Merck Sharp & Dohme Ltd)""	""Enalapril""	NA	""Titration Pack""	""Oral""	""Angiotensin-Converting Enzyme Inhibitors (ACE Inhibitors)""	""Enalapril""",
"""18938""",UNKNOWN,true,"2	""MINOXIDIL 1 % TAB""	""Minoxidil""	NA	""Tablet""	""Oral""	""Unknown""	""Minoxidil""",
"""15619""",UNKNOWN,true,"190	""Half-betadur cr 80mg Capsule (Monmouth Pharmaceuticals Ltd)""	""Propranolol""	""80mg""	""Modified-release capsule""	""Oral""	""Beta-Adrenoceptor Blockers/Prophylaxis Of Migraine""	""Propranolol""",
"""15042""",UNKNOWN,true,"1001	""Tolerzide Tablet (Bristol-Myers Squibb Pharmaceuticals Ltd)""	""Hydrochlorothiazide""	NA	""Tablet""	""Oral""	""Beta-Adrenoceptor Blockers""	""Hydrochlorothiazide""",
"""34357""",UNKNOWN,true,"157	""Ramipril 10mg capsules (Genus Pharmaceuticals Ltd)""	""Ramipril""	""10mg""	""Oral capsule""	""Oral""	""Angiotensin-Converting Enzyme Inhibitors (ACE Inhibitors)""	""Ramipril""",
"""9386""",UNKNOWN,true,"16045	""Nicardipine 45mg modified-release capsules""	""Nicardipine""	""45mg""	""Modified-release capsule""	""Oral""	""Calcium-Channel Blockers""	""Nicardipine""",
"""25367""",UNKNOWN,true,"1564	""Rapranol SR 80mg capsules (Sun Pharma UK Ltd)""	""Propranolol""	""80mg""	""Modified-release capsule""	""Oral""	""Beta-Adrenoceptor Blockers/Prophylaxis Of Migraine/Drugs For Essential Tremor, Chorea, Tics, And Related Disorders/Antithyroid Products""	""Propranolol""",
"""12547""",UNKNOWN,true,"2364	""Triamterene 50mg / Chlortalidone 50mg tablets""	""Chlortalidone/Triamterene""	""50mg + 50mg""	""Oral tablet""	""Oral""	""Potassium-Sparing Diuretics With Other Diuretics""	""Chlortalidone/Triamterene""",
"""69526""",UNKNOWN,true,"5	""Atenolol 50mg/5ml oral solution""	""Atenolol""	""10mg/1ml""	""Oral solution""	""Oral""	""Beta-Adrenoceptor Blockers""	""Atenolol""",
"""33095""",UNKNOWN,true,"113	""Perindopril erbumine 4mg tablets (A A H Pharmaceuticals Ltd)""	""Perindopril""	""4mg""	""Oral tablet""	""Oral""	""Angiotensin-Converting Enzyme Inhibitors (ACE Inhibitors)""	""Perindopril""",
"""57448""",UNKNOWN,true,"121	""Doxazosin 4mg tablets (A A H Pharmaceuticals Ltd)""	""Doxazosin""	""4mg""	""Oral tablet""	""Oral""	""Alpha-Adrenoceptor Blockers/Alpha-Blockers (In Urinary Retention)""	""Doxazosin""",
"""87675""",UNKNOWN,true,"1	""Valsartan 40mg capsules (Alliance Healthcare (Distribution) Ltd)""	""Valsartan""	""40mg""	""Oral capsule""	""Oral""	""Angiotensin-II Receptor Antagonists""	""Valsartan""",
"""86992""",UNKNOWN,true,"1	""Lacidipine 2mg/5ml oral suspension""	""Lacidipine""	""400microgram/1ml""	""Oral suspension""	""Oral""	""Calcium-Channel Blockers""	""Lacidipine""",
"""45324""",UNKNOWN,true,"558	""Lisinopril 20mg tablets (Actavis UK Ltd)""	""Lisinopril""	""20mg""	""Oral tablet""	""Oral""	""Angiotensin-Converting Enzyme Inhibitors (ACE Inhibitors)""	""Lisinopril""",
"""197""",UNKNOWN,true,"660	""Atenolol 5mg/10ml solution for injection ampoules""	""Atenolol""	""500microgram/1ml""	""Solution for injection""	""Intravenous""	""Beta-Adrenoceptor Blockers""	""Atenolol""",
"""5277""",UNKNOWN,true,"21619	""Fortipine LA 40 tablets (Advanz Pharma)""	""Nifedipine""	""40mg""	""Modified-release tablet""	""Oral""	""Calcium-Channel Blockers""	""Nifedipine""",
"""59699""",UNKNOWN,true,"3248	""Captopril 5mg/5ml oral solution sugar free""	""Captopril""	""1mg/1ml""	""Oral solution""	""Oral""	""Angiotensin-Converting Enzyme Inhibitors (ACE Inhibitors)""	""Captopril""",
"""60603""",UNKNOWN,true,"8	""Chlorothiazide 50mg/5ml oral suspension""	""Chlorothiazide""	""10mg/1ml""	""Oral suspension""	""Oral""	""Thiazides And Related Diuretics""	""Chlorothiazide""",
"""41885""",UNKNOWN,true,"26	""Ethibide XL 1.5mg tablets (Genus Pharmaceuticals Ltd)""	""Indapamide""	""1.5mg""	""Modified-release tablet""	""Oral""	""Thiazides And Related Diuretics""	""Indapamide""",
"""19325""",UNKNOWN,true,"6	""Cordilox 2.5mg/ml Injection (IVAX Pharmaceuticals UK Ltd)""	""Verapamil""	""2.5mg/1ml""	""Solution for injection""	""Intravenous""	""Supraventricular Arrhythmias/Calcium-Channel Blockers""	""Verapamil""",
"""41706""",UNKNOWN,true,"17	""Spironolactone 50mg tablets (IVAX Pharmaceuticals UK Ltd)""	""Spironolactone""	""50mg""	""Oral tablet""	""Oral""	""Potassium-Sparing Diuretics And Aldosterone Antagonists""	""Spironolactone""",
"""80833""",UNKNOWN,true,"1	""Irbesartan 300mg tablets (Zentiva Pharma UK Ltd)""	""Irbesartan""	""300mg""	""Oral tablet""	""Oral""	""Angiotensin-II Receptor Antagonists""	""Irbesartan""",
"""83288""",UNKNOWN,true,"4	""Bedranol 10mg tablets (Ennogen Pharma Ltd)""	""Propranolol""	""10mg""	""Oral tablet""	""Oral""	""Beta-Adrenoceptor Blockers/Prophylaxis Of Migraine/Drugs For Essential Tremor, Chorea, Tics, And Related Disorders/Antithyroid Products""	""Propranolol""",
"""74929""",UNKNOWN,true,"103	""Nadolol Oral solution""	""Nadolol""	NA	""Oral Solution""	""Oral""	""Beta-Adrenoceptor Blockers/Prophylaxis Of Migraine""	""Nadolol""",
"""64624""",UNKNOWN,true,"6	""Diltiazem 4% cream""	""Diltiazem""	""40mg/1gram""	""Cream""	""Route of administration not applicable""	""Local Products For Anal Or Rectal Problems/Calcium-Channel Blockers""	""Diltiazem""",
"""63717""",UNKNOWN,true,"0	""Irbesartan 300mg tablets (DE Pharmaceuticals)""	""Irbesartan""	""300mg""	""Oral tablet""	""Oral""	""Angiotensin-II Receptor Antagonists""	""Irbesartan""",
"""62300""",UNKNOWN,true,"0	""Phenoxybenzamine 10mg capsules (Advanz Pharma)""	""Phenoxybenzamine""	""10mg""	""Oral capsule""	""Oral""	""Alpha-Adrenoceptor Blockers""	""Phenoxybenzamine""",
"""76195""",UNKNOWN,true,"7	""Spironolactone 5mg/5ml Oral suspension sugar free (Rosemont Pharmaceuticals Ltd)""	""Spironolactone""	""5mg/5ml""	""Oral Suspension""	""Oral""	""Potassium-Sparing Diuretics And Aldosterone Antagonists""	""Spironolactone""",
"""63724""",UNKNOWN,true,"0	""Metoprolol 100mg tablets (Waymade Healthcare Plc)""	""Metoprolol""	""100mg""	""Oral tablet""	""Oral""	""Beta-Adrenoceptor Blockers/Prophylaxis Of Migraine""	""Metoprolol""",
"""83117""",UNKNOWN,true,"0	""Adizem-XL 200mg capsules (Lexon (UK) Ltd)""	""Diltiazem""	""200mg""	""Modified-release capsule""	""Oral""	""Calcium-Channel Blockers""	""Diltiazem""",
"""53551""",UNKNOWN,true,"0	""Lisinopril 20mg tablets (Phoenix Healthcare Distribution Ltd)""	""Lisinopril""	""20mg""	""Oral tablet""	""Oral""	""Angiotensin-Converting Enzyme Inhibitors (ACE Inhibitors)""	""Lisinopril""",
"""55853""",UNKNOWN,true,"25	""Pindolol 15mg Tablet (Hillcross Pharmaceuticals Ltd)""	""Pindolol""	""15mg""	""Oral tablet""	""Oral""	""Beta-Adrenoceptor Blockers""	""Pindolol""",
"""76797""",UNKNOWN,true,"2	""Ifirmasta 75mg tablets (Krka UK Ltd)""	""Irbesartan""	""75mg""	""Oral tablet""	""Oral""	""Angiotensin-II Receptor Antagonists""	""Irbesartan""",
"""75488""",UNKNOWN,true,"6	""Spironolactone 250mg/5ml oral suspension""	""Spironolactone""	""50mg/1ml""	""Oral suspension""	""Oral""	""Potassium-Sparing Diuretics And Aldosterone Antagonists""	""Spironolactone""",
"""34893""",UNKNOWN,true,"10	""Ramipril 10mg Capsule (IVAX Pharmaceuticals UK Ltd)""	""Ramipril""	""10mg""	""Oral capsule""	""Oral""	""Angiotensin-Converting Enzyme Inhibitors (ACE Inhibitors)""	""Ramipril""",
"""38855""",UNKNOWN,true,"201830	""Adizem-XL 180mg capsules (Napp Pharmaceuticals Ltd)""	""Diltiazem""	""180mg""	""Modified-release capsule""	""Oral""	""Calcium-Channel Blockers""	""Diltiazem""",
"""30557""",UNKNOWN,true,"209	""Felogen XL 10mg tablets (Viatris UK Healthcare Ltd)""	""Felodipine""	""10mg""	""Modified-release tablet""	""Oral""	""Calcium-Channel Blockers""	""Felodipine""",
"""21466""",UNKNOWN,true,"5	""PHENOXYBENZAMINE HCl 5 MG CAP""	""Phenoxybenzamine""	NA	NA	NA	""Unknown""	""Phenoxybenzamine""",
"""57266""",UNKNOWN,true,"0	""Candesartan 2mg tablets (Accord-UK Ltd)""	""Candesartan""	""2mg""	""Oral tablet""	""Oral""	""Angiotensin-II Receptor Antagonists""	""Candesartan""",
"""43989""",UNKNOWN,true,"1248	""Aldomet 500mg tablets (Aspen Pharma Trading Ltd)""	""Methyldopa""	""500mg""	""Oral tablet""	""Oral""	""Centrally Acting Antihypertensive Products""	""Methyldopa""",
"""63322""",UNKNOWN,true,"7	""Enalapril 10mg tablets (Almus Pharmaceuticals Ltd)""	""Enalapril""	""10mg""	""Oral tablet""	""Oral""	""Angiotensin-Converting Enzyme Inhibitors (ACE Inhibitors)""	""Enalapril""",
"""24""",UNKNOWN,true,"7372084	""Atenolol 100mg tablets""	""Atenolol""	""100mg""	""Oral tablet""	""Oral""	""Beta-Adrenoceptor Blockers""	""Atenolol""",
"""65513""",UNKNOWN,true,"4192	""Invicorp 25micrograms/2mg/0.35ml solution for injection ampoules (Evolan Pharma AB)""	""Phentolamine""	""71.43microgram/1ml + 5.71mg/1ml""	""Solution for injection""	""Intracavernous""	""Drugs For Erectile Dysfunction""	""Phentolamine""",
"""48870""",UNKNOWN,true,"153	""Adizem-SR 90mg capsules (DE Pharmaceuticals)""	""Diltiazem""	""90mg""	""Modified-release capsule""	""Oral""	""Calcium-Channel Blockers""	""Diltiazem""",
"""18834""",UNKNOWN,true,"698	""Disogram SR 60mg capsules (Sun Pharma UK Ltd)""	""Diltiazem""	""60mg""	""Modified-release capsule""	""Oral""	""Calcium-Channel Blockers""	""Diltiazem""",
"""63385""",UNKNOWN,true,"5	""Sabervel 75mg tablets (Aspire Pharma Ltd)""	""Irbesartan""	""75mg""	""Oral tablet""	""Oral""	""Angiotensin-II Receptor Antagonists""	""Irbesartan""",
"""61067""",UNKNOWN,true,"10	""Ramipril 5mg capsules (Almus Pharmaceuticals Ltd)""	""Ramipril""	""5mg""	""Oral capsule""	""Oral""	""Angiotensin-Converting Enzyme Inhibitors (ACE Inhibitors)""	""Ramipril""",
"""54467""",UNKNOWN,true,"49	""Clonidine 300micrograms/24hours transdermal patches""	""Clonidine""	""300microgram/24hour""	""Transdermal patch""	""Transdermal""	""Centrally Acting Antihypertensive Products""	""Clonidine""",
"""4802""",UNKNOWN,true,"82615	""Cardura 2mg tablets (Viatris UK Healthcare Ltd)""	""Doxazosin""	""2mg""	""Oral tablet""	""Oral""	""Alpha-Adrenoceptor Blockers/Alpha-Blockers (In Urinary Retention)""	""Doxazosin""",
"""48398""",UNKNOWN,true,"0	""Losartan 25mg tablets (Dexcel-Pharma Ltd)""	""Losartan""	""25mg""	""Oral tablet""	""Oral""	""Angiotensin-II Receptor Antagonists""	""Losartan""",
"""62415""",UNKNOWN,true,"0	""Irbesartan 300mg tablets (A A H Pharmaceuticals Ltd)""	""Irbesartan""	""300mg""	""Oral tablet""	""Oral""	""Angiotensin-II Receptor Antagonists""	""Irbesartan""",
"""72924""",UNKNOWN,true,"0	""Candesartan 4mg tablets (Phoenix Healthcare Distribution Ltd)""	""Candesartan""	""4mg""	""Oral tablet""	""Oral""	""Angiotensin-II Receptor Antagonists""	""Candesartan""",
"""11304""",UNKNOWN,true,"675	""Regaine extra strength 50mg/ml Cutaneous solution (Pharmacia Ltd)""	""Minoxidil""	""50mg/1ml""	""Cutaneous solution""	""Cutaneous""	""Androgenetic Alopecia""	""Minoxidil""",
"""65504""",UNKNOWN,true,"0	""Adizem-SR 180mg capsules (Lexon (UK) Ltd)""	""Diltiazem""	""180mg""	""Modified-release capsule""	""Oral""	""Calcium-Channel Blockers""	""Diltiazem""",
"""75847""",UNKNOWN,true,"43	""Perindopril erbumine 8mg/5ml oral solution""	""Perindopril""	""1.6mg/1ml""	""Oral solution""	""Oral""	""Angiotensin-Converting Enzyme Inhibitors (ACE Inhibitors)""	""Perindopril""",
"""74285""",UNKNOWN,true,"4	""Spironolactone 25mg/5ml oral suspension (Special Order)""	""Spironolactone""	""5mg/1ml""	""Oral suspension""	""Oral""	""Potassium-Sparing Diuretics And Aldosterone Antagonists""	""Spironolactone""",
"""30242""",UNKNOWN,true,"18020	""Diltiazem 180mg modified-release capsules""	""Diltiazem""	""180mg""	""Modified-release capsule""	""Oral""	""Calcium-Channel Blockers""	""Diltiazem""",
"""87812""",UNKNOWN,true,"16	""Perindopril erbumine 4mg tablets (Tillomed Laboratories Ltd)""	""Perindopril""	""4mg""	""Oral tablet""	""Oral""	""Angiotensin-Converting Enzyme Inhibitors (ACE Inhibitors)""	""Perindopril""",
"""34471""",UNKNOWN,true,"26	""Lisinopril 5mg tablets (Viatris UK Healthcare Ltd)""	""Lisinopril""	""5mg""	""Oral tablet""	""Oral""	""Angiotensin-Converting Enzyme Inhibitors (ACE Inhibitors)""	""Lisinopril""",
"""4818""",UNKNOWN,true,"3343016	""Candesartan 8mg tablets""	""Candesartan""	""8mg""	""Oral tablet""	""Oral""	""Angiotensin-II Receptor Antagonists""	""Candesartan""",
"""4227""",UNKNOWN,true,"794859	""Adalat la 60mg Tablet (Bayer Plc)""	""Nifedipine""	""60mg""	""Modified-release tablet""	""Oral""	""Calcium-Channel Blockers""	""Nifedipine""",
"""64719""",UNKNOWN,true,"0	""Felodipine 2.5mg modified-release tablets (Sigma Pharmaceuticals Plc)""	""Felodipine""	""2.5mg""	""Modified-release tablet""	""Oral""	""Calcium-Channel Blockers""	""Felodipine""",
"""62516""",UNKNOWN,true,"386	""Hydrochlorothiazide 12.5mg tablets""	""Hydrochlorothiazide""	""12.5mg""	""Oral tablet""	""Oral""	""Thiazides And Related Diuretics""	""Hydrochlorothiazide""",
"""15108""",UNKNOWN,true,"13023	""Quinapril 10mg / Hydrochlorothiazide 12.5mg tablets""	""Hydrochlorothiazide/Quinapril""	""12.5mg + 10mg""	""Oral tablet""	""Oral""	""Thiazides And Related Diuretics/Angiotensin-Converting Enzyme Inhibitors (ACE Inhibitors)""	""Hydrochlorothiazide/Quinapril""",
"""26219""",UNKNOWN,true,"1001	""Zida-co 5mg+50mg Tablet (Opus Pharmaceuticals Ltd)""	""Hydrochlorothiazide/Amiloride""	""50mg + 5mg""	""Oral tablet""	""Oral""	""Thiazides And Related Diuretics/Potassium-Sparing Diuretics With Other Diuretics""	""Hydrochlorothiazide/Amiloride""",
"""4215""",UNKNOWN,true,"16276	""Catapres 100microgram tablets (Glenwood GmbH)""	""Clonidine""	""100microgram""	""Oral tablet""	""Oral""	""Centrally Acting Antihypertensive Products""	""Clonidine""",
"""35731""",UNKNOWN,true,"2355	""Perindopril erbumine 8mg tablets (A A H Pharmaceuticals Ltd)""	""Perindopril""	""8mg""	""Oral tablet""	""Oral""	""Angiotensin-Converting Enzyme Inhibitors (ACE Inhibitors)""	""Perindopril""",
"""26256""",UNKNOWN,true,"145	""Opumide 2.5mg Tablet (Opus Pharmaceuticals Ltd)""	""Indapamide""	""2.5mg""	""Oral tablet""	""Oral""	""Thiazides And Related Diuretics""	""Indapamide""",
"""58451""",UNKNOWN,true,"1	""Lisinopril 2.5mg tablets (Almus Pharmaceuticals Ltd)""	""Lisinopril""	""2.5mg""	""Oral tablet""	""Oral""	""Angiotensin-Converting Enzyme Inhibitors (ACE Inhibitors)""	""Lisinopril""",
"""6243""",UNKNOWN,true,"183334	""Telmisartan 20mg tablets""	""Telmisartan""	""20mg""	""Oral tablet""	""Oral""	""Angiotensin-II Receptor Antagonists""	""Telmisartan""",
"""73646""",UNKNOWN,true,"0	""Nicardipine 20mg capsules (Tillomed Laboratories Ltd)""	""Nicardipine""	""20mg""	""Oral capsule""	""Oral""	""Calcium-Channel Blockers""	""Nicardipine""",
"""26275""",UNKNOWN,true,"1240	""Nindaxa 2.5 tablets (Ashbourne Pharmaceuticals Ltd)""	""Indapamide""	""2.5mg""	""Oral tablet""	""Oral""	""Thiazides And Related Diuretics""	""Indapamide""",
"""24195""",UNKNOWN,true,"7874	""Antipressan 100mg tablets (Teva UK Ltd)""	""Atenolol""	""100mg""	""Oral tablet""	""Oral""	""Beta-Adrenoceptor Blockers""	""Atenolol""",
"""72819""",UNKNOWN,true,"0	""Methyldopa 250mg tablets (Phoenix Healthcare Distribution Ltd)""	""Methyldopa""	""250mg""	""Oral tablet""	""Oral""	""Centrally Acting Antihypertensive Products""	""Methyldopa""",
"""67675""",UNKNOWN,true,"7060	""Guanfacine 4mg modified-release tablets""	""Guanfacine""	""4mg""	""Modified-release tablet""	""Oral""	""Centrally Acting Antihypertensive Products""	""Guanfacine""",
"""45265""",UNKNOWN,true,"6	""Doxazosin sr 4mg Tablet (Generics (UK) Ltd)""	""Doxazosin""	""4mg""	""Modified-release tablet""	""Oral""	""Alpha-Adrenoceptor Blockers/Alpha-Blockers (In Urinary Retention)""	""Doxazosin""",
"""49953""",UNKNOWN,true,"10	""Atenolol 25mg tablets (Bristol Laboratories Ltd)""	""Atenolol""	""25mg""	""Oral tablet""	""Oral""	""Beta-Adrenoceptor Blockers""	""Atenolol""",
"""53253""",UNKNOWN,true,"3	""Spironolactone 50mg/5ml oral suspension (Special Order)""	""Spironolactone""	""10mg/1ml""	""Oral suspension""	""Oral""	""Potassium-Sparing Diuretics And Aldosterone Antagonists""	""Spironolactone""",
"""38433""",UNKNOWN,true,"6	""Propranolol 50mg/5ml Oral solution (Rosemont Pharmaceuticals Ltd)""	""Propranolol""	""50mg/5ml""	""Oral Solution""	""Oral""	""Supraventricular Arrhythmias/Beta-Adrenoceptor Blockers""	""Propranolol""",
"""12639""",UNKNOWN,true,"194	""Diltiazem HCl 90mg Modified-release tablet (Actavis UK Ltd)""	""Diltiazem""	""90mg""	""Modified-release tablet""	""Oral""	""Calcium-Channel Blockers""	""Diltiazem""",
"""55297""",UNKNOWN,true,"0	""Timolol 0.25% eye drops (Phoenix Healthcare Distribution Ltd)""	""Timolol""	""2.5mg/1ml""	""Eye drops""	""Ocular""	""Beta-Blockers (In Glaucoma)""	""Timolol""",
"""55050""",UNKNOWN,true,"3	""CHLOROTHIAZIDE/SPIRONOLACTONE/LACT SACH 50 MG""	""Chlorothiazide/Spironolactone""	NA	NA	NA	""Unknown""	""Chlorothiazide/Spironolactone""",
"""54345""",UNKNOWN,true,"0	""Trandolapril 4mg capsules (Arrow Generics Ltd)""	""Trandolapril""	""4mg""	""Oral capsule""	""Oral""	""Angiotensin-Converting Enzyme Inhibitors (ACE Inhibitors)""	""Trandolapril""",
"""25055""",UNKNOWN,true,"0	""NIFEDIPINE""	""Nifedipine""	NA	NA	NA	""Unknown""	""Nifedipine""",
"""60149""",UNKNOWN,true,"94	""Amiloride 5mg/5ml oral suspension""	""Amiloride""	""1mg/1ml""	""Oral suspension""	""Oral""	""Potassium-Sparing Diuretics And Aldosterone Antagonists""	""Amiloride""",
"""38889""",UNKNOWN,true,"890	""MicardisPlus 80mg/25mg tablets (Boehringer Ingelheim Ltd)""	""Hydrochlorothiazide/Telmisartan""	""25mg + 80mg""	""Oral tablet""	""Oral""	""Angiotensin-II Receptor Antagonists With Diuretic""	""Hydrochlorothiazide/Telmisartan""",
"""55824""",UNKNOWN,true,"156	""Nifedipine 20mg Modified-release tablet (Berk Pharmaceuticals Ltd)""	""Nifedipine""	""20mg""	""Modified-Release Tablet""	""Oral""	""Calcium-Channel Blockers""	""Nifedipine""",
"""44657""",UNKNOWN,true,"9	""Ednyt 2.5mg Tablet (Dominion Pharma)""	""Enalapril""	""2.5mg""	""Oral tablet""	""Oral""	""Angiotensin-Converting Enzyme Inhibitors (ACE Inhibitors)""	""Enalapril""",
"""8884""",UNKNOWN,true,"13918	""Cordilox 40mg tablets (IVAX Pharmaceuticals UK Ltd)""	""Verapamil""	""40mg""	""Oral tablet""	""Oral""	""Calcium-Channel Blockers""	""Verapamil""",
"""54733""",UNKNOWN,true,"0	""Perindopril erbumine 8mg tablets (Krka UK Ltd)""	""Perindopril""	""8mg""	""Oral tablet""	""Oral""	""Angiotensin-Converting Enzyme Inhibitors (ACE Inhibitors)""	""Perindopril""",
"""27964""",UNKNOWN,true,"1	""Apsolol 40mg Tablet (Approved Prescription Services Ltd)""	""Propranolol""	""40mg""	""Oral tablet""	""Oral""	""Supraventricular Arrhythmias/Beta-Adrenoceptor Blockers""	""Propranolol""",
"""40384""",UNKNOWN,true,"98	""Ramipril 10mg tablets (A A H Pharmaceuticals Ltd)""	""Ramipril""	""10mg""	""Oral tablet""	""Oral""	""Angiotensin-Converting Enzyme Inhibitors (ACE Inhibitors)""	""Ramipril""",
"""81936""",UNKNOWN,true,"1	""Enalapril 20mg/5ml oral suspension""	""Enalapril""	""4mg/1ml""	""Oral suspension""	""Oral""	""Angiotensin-Converting Enzyme Inhibitors (ACE Inhibitors)""	""Enalapril""",
"""2590""",UNKNOWN,true,"85896	""Tenormin 25mg tablets (AstraZeneca UK Ltd)""	""Atenolol""	""25mg""	""Oral tablet""	""Oral""	""Beta-Adrenoceptor Blockers""	""Atenolol""",
"""15117""",UNKNOWN,true,"10699	""Nifedipine with atenolol 20mg + 50mg Capsule""	""Nifedipine/Atenolol""	""20mg + 50mg""	""Capsule""	""Oral""	""Beta-Adrenoceptor Blockers/Calcium-Channel Blockers""	""Nifedipine/Atenolol""",
"""43547""",UNKNOWN,true,"2	""Prazosin 500microgram tablets (IVAX Pharmaceuticals UK Ltd)""	""Prazosin""	""500microgram""	""Oral tablet""	""Oral""	""Alpha-Adrenoceptor Blockers/Alpha-Blockers (In Urinary Retention)""	""Prazosin""",
"""78906""",UNKNOWN,true,"0	""Atenolol 25mg/5ml oral solution sugar free (Sigma Pharmaceuticals Plc)""	""Atenolol""	""5mg/1ml""	""Oral solution""	""Oral""	""Beta-Adrenoceptor Blockers""	""Atenolol""",
"""34124""",UNKNOWN,true,"342	""Bendroflumethiazide 5mg tablets (Accord-UK Ltd)""	""Bendroflumethiazide""	""5mg""	""Oral tablet""	""Oral""	""Thiazides And Related Diuretics""	""Bendroflumethiazide""",
"""38107""",UNKNOWN,true,"76	""Nifedipine sr 30mg Tablet (Hillcross Pharmaceuticals Ltd)""	""Nifedipine""	""30mg""	""Tablet""	""Oral""	""Calcium-Channel Blockers""	""Nifedipine""",
"""82499""",UNKNOWN,true,"125	""Innovace 5mg tablets (Dowelhurst Ltd)""	""Enalapril""	""5mg""	""Oral tablet""	""Oral""	""Angiotensin-Converting Enzyme Inhibitors (ACE Inhibitors)""	""Enalapril""",
"""64760""",UNKNOWN,true,"0	""Felodipine 10mg modified-release tablets (Phoenix Healthcare Distribution Ltd)""	""Felodipine""	""10mg""	""Modified-release tablet""	""Oral""	""Calcium-Channel Blockers""	""Felodipine""",
"""91605""",UNKNOWN,true,"73	""Losartan 50mg tablets (Genesis Pharmaceuticals Ltd)""	""Losartan""	""50mg""	""Oral tablet""	""Oral""	""Angiotensin-II Receptor Antagonists""	""Losartan""",
"""55358""",UNKNOWN,true,"23	""Olmesartan medoxomil with amlodipine and hydrochlorothiazide 40mg + 10mg + 25mg Tablet""	""Amlodipine/Hydrochlorothiazide/Olmesartan""	""40mg + 10mg + 25mg""	""Tablet""	""Oral""	""Thiazides And Related Diuretics/Angiotensin-II Receptor Antagonists""	""Amlodipine/Hydrochlorothiazide/Olmesartan""",
"""62039""",UNKNOWN,true,"0	""Ramipril 1.25mg tablets (Zentiva Pharma UK Ltd)""	""Ramipril""	""1.25mg""	""Oral tablet""	""Oral""	""Angiotensin-Converting Enzyme Inhibitors (ACE Inhibitors)""	""Ramipril""",
"""66114""",UNKNOWN,true,"0	""Losartan 12.5mg tablets (Mawdsley-Brooks & Company Ltd)""	""Losartan""	""12.5mg""	""Oral tablet""	""Oral""	""Angiotensin-II Receptor Antagonists""	""Losartan""",
"""52609""",UNKNOWN,true,"2258	""Inderal LA 160mg capsules (Sigma Pharmaceuticals Plc)""	""Propranolol""	""160mg""	""Modified-release capsule""	""Oral""	""Beta-Adrenoceptor Blockers/Prophylaxis Of Migraine/Drugs For Essential Tremor, Chorea, Tics, And Related Disorders/Antithyroid Products""	""Propranolol""",
"""75259""",UNKNOWN,true,"1	""Hydralazine 1mg/5ml oral suspension""	""Hydralazine""	""200microgram/1ml""	""Oral suspension""	""Oral""	""Vasodilator Antihypertensive Products""	""Hydralazine""",
"""16285""",UNKNOWN,true,"1876	""Teveten 400mg tablets (Abbott Healthcare Products Ltd)""	""Eprosartan""	""400mg""	""Oral tablet""	""Oral""	""Angiotensin-II Receptor Antagonists""	""Eprosartan""",
"""79798""",UNKNOWN,true,"7	""Chlorothiazide 500mg tablets""	""Chlorothiazide""	""500mg""	""Oral tablet""	""Oral""	""Thiazides And Related Diuretics""	""Chlorothiazide""",
"""77413""",UNKNOWN,true,"1317	""Inderal LA 160mg capsules (Waymade Healthcare Plc)""	""Propranolol""	""160mg""	""Modified-release capsule""	""Oral""	""Beta-Adrenoceptor Blockers/Prophylaxis Of Migraine/Drugs For Essential Tremor, Chorea, Tics, And Related Disorders/Antithyroid Products""	""Propranolol""",
"""81049""",UNKNOWN,true,"3	""Perindopril erbumine 2mg/5ml oral suspension""	""Perindopril""	""400microgram/1ml""	""Oral suspension""	""Oral""	""Angiotensin-Converting Enzyme Inhibitors (ACE Inhibitors)""	""Perindopril""",
"""56704""",UNKNOWN,true,"0	""Ramipril 1.25mg capsules (Alliance Healthcare (Distribution) Ltd)""	""Ramipril""	""1.25mg""	""Oral capsule""	""Oral""	""Angiotensin-Converting Enzyme Inhibitors (ACE Inhibitors)""	""Ramipril""",
"""22208""",UNKNOWN,true,"33	""Half propanix la 80mg Modified-release capsule (Ashbourne Pharmaceuticals Ltd)""	""Propranolol""	""80mg""	""Modified-release capsule""	""Oral""	""Beta-Adrenoceptor Blockers/Prophylaxis Of Migraine""	""Propranolol""",
"""1747""",UNKNOWN,true,"202526	""Verapamil 120mg tablets""	""Verapamil""	""120mg""	""Oral tablet""	""Oral""	""Calcium-Channel Blockers""	""Verapamil""",
"""6288""",UNKNOWN,true,"387846	""Ramipril 5mg tablets""	""Ramipril""	""5mg""	""Oral tablet""	""Oral""	""Angiotensin-Converting Enzyme Inhibitors (ACE Inhibitors)""	""Ramipril""",
"""34432""",UNKNOWN,true,"31	""Ramipril 2.5mg capsules (Genus Pharmaceuticals Ltd)""	""Ramipril""	""2.5mg""	""Oral capsule""	""Oral""	""Angiotensin-Converting Enzyme Inhibitors (ACE Inhibitors)""	""Ramipril""",
"""78262""",UNKNOWN,true,"0	""Lisinopril 10mg / Hydrochlorothiazide 12.5mg tablets (Waymade Healthcare Plc)""	""Hydrochlorothiazide/Lisinopril""	""10mg + 12.5mg""	""Oral tablet""	""Oral""	""Thiazides And Related Diuretics/Angiotensin-Converting Enzyme Inhibitors (ACE Inhibitors)""	""Hydrochlorothiazide/Lisinopril""",
"""40405""",UNKNOWN,true,"609	""Verapamil 120mg tablets (Teva UK Ltd)""	""Verapamil""	""120mg""	""Oral tablet""	""Oral""	""Calcium-Channel Blockers""	""Verapamil""",
"""75024""",UNKNOWN,true,"19	""Perindopril erbumine 4mg tablets (Phoenix Healthcare Distribution Ltd)""	""Perindopril""	""4mg""	""Oral tablet""	""Oral""	""Angiotensin-Converting Enzyme Inhibitors (ACE Inhibitors)""	""Perindopril""",
"""5736""",UNKNOWN,true,"330571	""Xalacom eye drops (Viatris UK Healthcare Ltd)""	""Timolol""	""5mg/1ml + 50microgram/1ml""	""Eye drops""	""Ocular""	""Beta-Blockers (In Glaucoma)/Prostaglandin Analogues (In Glaucoma)""	""Timolol""",
"""62918""",UNKNOWN,true,"115	""Ramipril 2.5mg/5ml oral solution""	""Ramipril""	""500microgram/1ml""	""Oral solution""	""Oral""	""Angiotensin-Converting Enzyme Inhibitors (ACE Inhibitors)""	""Ramipril""",
"""80566""",UNKNOWN,true,"1	""Phenoxybenzamine 25mg/5ml oral solution""	""Phenoxybenzamine""	""5mg/1ml""	""Oral solution""	""Oral""	""Alpha-Adrenoceptor Blockers""	""Phenoxybenzamine""",
"""3342""",UNKNOWN,true,"498675	""Securon SR 240mg tablets (Viatris UK Healthcare Ltd)""	""Verapamil""	""240mg""	""Modified-release tablet""	""Oral""	""Calcium-Channel Blockers""	""Verapamil""",
"""66772""",UNKNOWN,true,"0	""Lisinopril 2.5mg tablets (Waymade Healthcare Plc)""	""Lisinopril""	""2.5mg""	""Oral tablet""	""Oral""	""Angiotensin-Converting Enzyme Inhibitors (ACE Inhibitors)""	""Lisinopril""",
"""2528""",UNKNOWN,true,"135258	""Slozem 120mg capsules (Zentiva Pharma UK Ltd)""	""Diltiazem""	""120mg""	""Modified-release capsule""	""Oral""	""Calcium-Channel Blockers""	""Diltiazem""",
"""3344""",UNKNOWN,true,"34175	""Betaloc 100mg tablets (AstraZeneca UK Ltd)""	""Metoprolol""	""100mg""	""Oral tablet""	""Oral""	""Beta-Adrenoceptor Blockers/Prophylaxis Of Migraine""	""Metoprolol""",
"""41892""",UNKNOWN,true,"0	""METOPROLOL 100MG/HYDROCHLOROTHIAZ.12.5MG""	""Metoprolol""	NA	NA	NA	""Unknown""	""Metoprolol""",
"""59448""",UNKNOWN,true,"0	""Valsartan 80mg capsules (A A H Pharmaceuticals Ltd)""	""Valsartan""	""80mg""	""Oral capsule""	""Oral""	""Angiotensin-II Receptor Antagonists""	""Valsartan""",
"""69319""",UNKNOWN,true,"6	""Doxazosin 2mg tablets (DE Pharmaceuticals)""	""Doxazosin""	""2mg""	""Oral tablet""	""Oral""	""Alpha-Adrenoceptor Blockers/Alpha-Blockers (In Urinary Retention)""	""Doxazosin""",
"""82584""",UNKNOWN,true,"62	""Tildiem Retard 90mg tablets (Waymade Healthcare Plc)""	""Diltiazem""	""90mg""	""Modified-release tablet""	""Oral""	""Calcium-Channel Blockers""	""Diltiazem""",
"""70306""",UNKNOWN,true,"0	""Diltiazem 180mg modified-release capsules (Mawdsley-Brooks & Company Ltd)""	""Diltiazem""	""180mg""	""Modified-release capsule""	""Oral""	""Calcium-Channel Blockers""	""Diltiazem""",
"""57378""",UNKNOWN,true,"13	""Enalapril 2mg/5ml oral suspension""	""Enalapril""	""400microgram/1ml""	""Oral suspension""	""Oral""	""Angiotensin-Converting Enzyme Inhibitors (ACE Inhibitors)""	""Enalapril""",
"""34430""",UNKNOWN,true,"1251	""Metoprolol 50mg tablets (Actavis UK Ltd)""	""Metoprolol""	""50mg""	""Oral tablet""	""Oral""	""Beta-Adrenoceptor Blockers/Prophylaxis Of Migraine""	""Metoprolol""",
"""74618""",UNKNOWN,true,"308	""Ramipril 2.5mg capsules (Mawdsley-Brooks & Company Ltd)""	""Ramipril""	""2.5mg""	""Oral capsule""	""Oral""	""Angiotensin-Converting Enzyme Inhibitors (ACE Inhibitors)""	""Ramipril""",
"""42285""",UNKNOWN,true,"0	""Quinil 40mg tablets (Tillomed Laboratories Ltd)""	""Quinapril""	""40mg""	""Oral tablet""	""Oral""	""Angiotensin-Converting Enzyme Inhibitors (ACE Inhibitors)""	""Quinapril""",
"""34567""",UNKNOWN,true,"4	""Ramipril 2.5mg capsules (Viatris UK Healthcare Ltd)""	""Ramipril""	""2.5mg""	""Oral capsule""	""Oral""	""Angiotensin-Converting Enzyme Inhibitors (ACE Inhibitors)""	""Ramipril""",
"""49390""",UNKNOWN,true,"674	""Diltiazem 90mg modified-release tablets (Alliance Healthcare (Distribution) Ltd)""	""Diltiazem""	""90mg""	""Modified-release tablet""	""Oral""	""Calcium-Channel Blockers""	""Diltiazem""",
"""5806""",UNKNOWN,true,"29641	""Tensipine MR 20 tablets (Genus Pharmaceuticals Ltd)""	""Nifedipine""	""20mg""	""Modified-release tablet""	""Oral""	""Calcium-Channel Blockers""	""Nifedipine""",
"""36261""",UNKNOWN,true,"15	""Atenolol 50mg tablets (Tillomed Laboratories Ltd)""	""Atenolol""	""50mg""	""Oral tablet""	""Oral""	""Beta-Adrenoceptor Blockers""	""Atenolol""",
"""35196""",UNKNOWN,true,"5076	""CoAprovel 300mg/25mg tablets (Sanofi)""	""Hydrochlorothiazide/Irbesartan""	""300mg + 25mg""	""Oral tablet""	""Oral""	""Thiazides And Related Diuretics/Angiotensin-II Receptor Antagonists With Diuretic""	""Hydrochlorothiazide/Irbesartan""",
"""71019""",UNKNOWN,true,"0	""Irbesartan 75mg tablets (Dr Reddy's Laboratories (UK) Ltd)""	""Irbesartan""	""75mg""	""Oral tablet""	""Oral""	""Angiotensin-II Receptor Antagonists""	""Irbesartan""",
"""57074""",UNKNOWN,true,"4	""Doxazosin 2mg tablets (Sigma Pharmaceuticals Plc)""	""Doxazosin""	""2mg""	""Oral tablet""	""Oral""	""Alpha-Adrenoceptor Blockers/Alpha-Blockers (In Urinary Retention)""	""Doxazosin""",
"""18263""",UNKNOWN,true,"9205	""Acezide 25mg/50mg tablets (Bristol-Myers Squibb Pharmaceuticals Ltd)""	""Captopril/Hydrochlorothiazide""	""25mg + 50mg""	""Oral tablet""	""Oral""	""Angiotensin-Converting Enzyme Inhibitors (ACE Inhibitors)""	""Captopril/Hydrochlorothiazide""",
"""58757""",UNKNOWN,true,"17	""Spironolactone 20mg/5ml oral suspension""	""Spironolactone""	""4mg/1ml""	""Oral suspension""	""Oral""	""Potassium-Sparing Diuretics And Aldosterone Antagonists""	""Spironolactone""",
"""78797""",UNKNOWN,true,"270	""Nadolol 30mg/5ml oral solution""	""Nadolol""	""6mg/1ml""	""Oral solution""	""Oral""	""Beta-Adrenoceptor Blockers""	""Nadolol""",
"""57594""",UNKNOWN,true,"4	""Tildiem 60mg modified-release tablets (Waymade Healthcare Plc)""	""Diltiazem""	""60mg""	""Modified-release tablet""	""Oral""	""Calcium-Channel Blockers""	""Diltiazem""",
"""80522""",UNKNOWN,true,"0	""Lisinopril 5mg/5ml oral solution sugar free (Alliance Healthcare (Distribution) Ltd)""	""Lisinopril""	""1mg/1ml""	""Oral solution""	""Oral""	""Angiotensin-Converting Enzyme Inhibitors (ACE Inhibitors)""	""Lisinopril""",
"""31776""",UNKNOWN,true,"65	""Propranolol 40mg tablets (Viatris UK Healthcare Ltd)""	""Propranolol""	""40mg""	""Oral tablet""	""Oral""	""Beta-Adrenoceptor Blockers/Prophylaxis Of Migraine/Drugs For Essential Tremor, Chorea, Tics, And Related Disorders/Antithyroid Products""	""Propranolol""",
"""58225""",UNKNOWN,true,"12	""Spironolactone 2.5mg/5ml oral suspension""	""Spironolactone""	""500microgram/1ml""	""Oral suspension""	""Oral""	""Potassium-Sparing Diuretics And Aldosterone Antagonists""	""Spironolactone""",
"""30365""",UNKNOWN,true,"55	""CHLOROTHIAZIDE/SPIRONOLACTONE/LACTOSE MG POW""	""Chlorothiazide/Spironolactone""	NA	NA	NA	""Unknown""	""Chlorothiazide/Spironolactone""",
"""1292""",UNKNOWN,true,"40568	""Hypovase 1mg tablets (Pfizer Ltd)""	""Prazosin""	""1mg""	""Oral tablet""	""Oral""	""Alpha-Adrenoceptor Blockers/Alpha-Blockers (In Urinary Retention)""	""Prazosin""",
"""75312""",UNKNOWN,true,"15	""Bedranol 80mg tablets (Ennogen Pharma Ltd)""	""Propranolol""	""80mg""	""Oral tablet""	""Oral""	""Beta-Adrenoceptor Blockers/Prophylaxis Of Migraine/Drugs For Essential Tremor, Chorea, Tics, And Related Disorders/Antithyroid Products""	""Propranolol""",
"""6066""",UNKNOWN,true,"111048	""Atenolol 25mg/5ml oral solution sugar free""	""Atenolol""	""5mg/1ml""	""Oral solution""	""Oral""	""Beta-Adrenoceptor Blockers""	""Atenolol""",
"""1299""",UNKNOWN,true,"2689668	""Enalapril 10mg tablets""	""Enalapril""	""10mg""	""Oral tablet""	""Oral""	""Angiotensin-Converting Enzyme Inhibitors (ACE Inhibitors)""	""Enalapril""",
"""43184""",UNKNOWN,true,"7	""Mapemid XL 1.5mg tablets (Teva UK Ltd)""	""Indapamide""	""1.5mg""	""Modified-release tablet""	""Oral""	""Thiazides And Related Diuretics""	""Indapamide""",
"""53833""",UNKNOWN,true,"10	""Valsartan 160mg capsules (Viatris UK Healthcare Ltd)""	""Valsartan""	""160mg""	""Oral capsule""	""Oral""	""Angiotensin-II Receptor Antagonists""	""Valsartan""",
"""88605""",UNKNOWN,true,"0	""Propranolol 40mg tablets (Genesis Pharmaceuticals Ltd)""	""Propranolol""	""40mg""	""Oral tablet""	""Oral""	""Beta-Adrenoceptor Blockers/Prophylaxis Of Migraine/Drugs For Essential Tremor, Chorea, Tics, And Related Disorders/Antithyroid Products""	""Propranolol""",
"""36780""",UNKNOWN,true,"4020	""Hytrin 5mg tablets (Advanz Pharma)""	""Terazosin""	""5mg""	""Oral tablet""	""Oral""	""Alpha-Adrenoceptor Blockers/Alpha-Blockers (In Urinary Retention)""	""Terazosin""",
"""21911""",UNKNOWN,true,"623	""Spirospare 25mg Tablet (Ashbourne Pharmaceuticals Ltd)""	""Spironolactone""	""25mg""	""Oral tablet""	""Oral""	""Potassium-Sparing Diuretics And Aldosterone Antagonists""	""Spironolactone""",
"""88368""",UNKNOWN,true,"0	""Perindopril erbumine 8mg tablets (Alliance Healthcare (Distribution) Ltd)""	""Perindopril""	""8mg""	""Oral tablet""	""Oral""	""Angiotensin-Converting Enzyme Inhibitors (ACE Inhibitors)""	""Perindopril""",
"""31489""",UNKNOWN,true,"60	""Bi-carzem xl 240mg Capsule (Tillomed Laboratories Ltd)""	""Diltiazem""	""240mg""	""Modified-release capsule""	""Oral""	""Calcium-Channel Blockers""	""Diltiazem""",
"""30367""",UNKNOWN,true,"9	""CHLOROTHIAZIDE 60MG / SPIRONOLACTONE 6MG POW""	""Chlorothiazide/Spironolactone""	NA	NA	NA	""Unknown""	""Chlorothiazide/Spironolactone""",
"""21053""",UNKNOWN,true,"1511	""Vascace 500microgram tablets (Roche Products Ltd)""	""Cilazapril""	""500microgram""	""Oral tablet""	""Oral""	""Angiotensin-Converting Enzyme Inhibitors (ACE Inhibitors)""	""Cilazapril""",
"""568""",UNKNOWN,true,"2194711	""Felodipine 10mg modified-release tablets""	""Felodipine""	""10mg""	""Modified-release tablet""	""Oral""	""Calcium-Channel Blockers""	""Felodipine""",
"""18973""",UNKNOWN,true,"252	""Centyl 2.5mg Tablet (Edwin Burgess Ltd)""	""Bendroflumethiazide""	""2.5mg""	""Oral tablet""	""Oral""	""Thiazides And Related Diuretics""	""Bendroflumethiazide""",
"""43879""",UNKNOWN,true,"1153	""Vera-Til SR 240mg tablets (Accord-UK Ltd)""	""Verapamil""	""240mg""	""Modified-release tablet""	""Oral""	""Calcium-Channel Blockers""	""Verapamil""",
"""34575""",UNKNOWN,true,"406	""Atenolol 25mg tablets (Wockhardt UK Ltd)""	""Atenolol""	""25mg""	""Oral tablet""	""Oral""	""Beta-Adrenoceptor Blockers""	""Atenolol""",
"""47907""",UNKNOWN,true,"666	""Bedranol SR 160mg capsules (Almus Pharmaceuticals Ltd)""	""Propranolol""	""160mg""	""Modified-release capsule""	""Oral""	""Beta-Adrenoceptor Blockers/Prophylaxis Of Migraine/Drugs For Essential Tremor, Chorea, Tics, And Related Disorders/Antithyroid Products""	""Propranolol""",
"""43915""",UNKNOWN,true,"928	""Olmetec Plus 40mg/12.5mg tablets (Daiichi Sankyo UK Ltd)""	""Hydrochlorothiazide/Olmesartan""	""40mg + 12.5mg""	""Oral tablet""	""Oral""	""Thiazides And Related Diuretics/Angiotensin-II Receptor Antagonists""	""Hydrochlorothiazide/Olmesartan""",
"""41719""",UNKNOWN,true,"319	""Co-amilofruse 5mg/40mg tablets (Actavis UK Ltd)""	""Amiloride""	""5mg + 40mg""	""Oral tablet""	""Oral""	""Potassium-Sparing Diuretics With Other Diuretics""	""Amiloride""",
"""7712""",UNKNOWN,true,"24090	""Timolol 0.25% eye drops 0.2ml unit dose preservative free""	""Timolol""	""2.5mg/1ml""	""Eye drops""	""Ocular""	""Beta-Blockers (In Glaucoma)""	""Timolol""",
"""34475""",UNKNOWN,true,"452	""Diltiazem HCl 90mg Modified-release tablet (IVAX Pharmaceuticals UK Ltd)""	""Diltiazem""	""90mg""	""Modified-release tablet""	""Oral""	""Calcium-Channel Blockers""	""Diltiazem""",
"""11351""",UNKNOWN,true,"24326	""Co-zidocapt 25mg/50mg tablets""	""Captopril/Hydrochlorothiazide""	""25mg + 50mg""	""Oral tablet""	""Oral""	""Thiazides And Related Diuretics/Angiotensin-Converting Enzyme Inhibitors (ACE Inhibitors)""	""Captopril/Hydrochlorothiazide""",
"""21773""",UNKNOWN,true,"59	""Diltiazem HCl 60mg Tablet (Generics (UK) Ltd)""	""Diltiazem""	""60mg""	""Modified-release tablet""	""Oral""	""Calcium-Channel Blockers""	""Diltiazem""",
"""3470""",UNKNOWN,true,"935	""Terazosin 1mg tablets""	""Terazosin""	""1mg""	""Tablets""	""Oral""	""Alpha-Adrenoceptor Blockers/Alpha-Blockers (In Urinary Retention)""	""Terazosin""",
"""19142""",UNKNOWN,true,"764	""Bendroflumethiazide 2.5mg with Timolol maleate 10mg tablets""	""Bendroflumethiazide/Timolol""	""2.5mg + 10mg""	""Tablets""	""Oral""	""Thiazides And Related Diuretics/Beta-Adrenoceptor Blockers""	""Bendroflumethiazide/Timolol""",
"""1300""",UNKNOWN,true,"25772	""Nifensar xl 20mg Modified-release tablet (Rhone-Poulenc Rorer Ltd)""	""Nifedipine""	""20mg""	""Modified-Release Tablet""	""Oral""	""Calcium-Channel Blockers""	""Nifedipine""",
"""56157""",UNKNOWN,true,"337	""Perindopril tosilate 5mg / Indapamide 1.25mg tablets""	""Indapamide/Perindopril""	""1.25mg + 5mg""	""Oral tablet""	""Oral""	""Thiazides And Related Diuretics/Angiotensin-Converting Enzyme Inhibitors (ACE Inhibitors)""	""Indapamide/Perindopril""",
"""33057""",UNKNOWN,true,"1	""Ednyt 5mg Tablet (Dominion Pharma)""	""Enalapril""	""5mg""	""Oral tablet""	""Oral""	""Angiotensin-Converting Enzyme Inhibitors (ACE Inhibitors)""	""Enalapril""",
"""36620""",UNKNOWN,true,"16	""Parmid XL 10mg tablets (Sandoz Ltd)""	""Felodipine""	""10mg""	""Modified-release tablet""	""Oral""	""Calcium-Channel Blockers""	""Felodipine""",
"""82813""",UNKNOWN,true,"0	""Ramipril 2.5mg capsules (Crescent Pharma Ltd)""	""Ramipril""	""2.5mg""	""Oral capsule""	""Oral""	""Angiotensin-Converting Enzyme Inhibitors (ACE Inhibitors)""	""Ramipril""",
"""9410""",UNKNOWN,true,"118064	""Angitil SR 120 capsules (Ethypharm UK Ltd)""	""Diltiazem""	""120mg""	""Modified-release capsule""	""Oral""	""Calcium-Channel Blockers""	""Diltiazem""",
"""39512""",UNKNOWN,true,"1180	""Captopril 25mg/5ml oral suspension""	""Captopril""	""25mg/5ml""	""Oral Suspension""	""Oral""	""Angiotensin-Converting Enzyme Inhibitors (ACE Inhibitors)""	""Captopril""",
"""46916""",UNKNOWN,true,"58	""Co-amilozide 5mg/50mg tablets (A A H Pharmaceuticals Ltd)""	""Hydrochlorothiazide/Amiloride""	""50mg + 5mg""	""Oral tablet""	""Oral""	""Potassium-Sparing Diuretics With Other Diuretics""	""Hydrochlorothiazide/Amiloride""",
"""21866""",UNKNOWN,true,"4411	""Berkolol 40mg Tablet (Berk Pharmaceuticals Ltd)""	""Propranolol""	""40mg""	""Oral tablet""	""Oral""	""Supraventricular Arrhythmias/Beta-Adrenoceptor Blockers""	""Propranolol""",
"""520""",UNKNOWN,true,"2535244	""Losartan 25mg tablets""	""Losartan""	""25mg""	""Oral tablet""	""Oral""	""Angiotensin-II Receptor Antagonists""	""Losartan""",
"""39242""",UNKNOWN,true,"1031	""Carace 10 Plus tablets (Organon Pharma (UK) Ltd)""	""Hydrochlorothiazide/Lisinopril""	""10mg + 12.5mg""	""Oral tablet""	""Oral""	""Angiotensin-Converting Enzyme Inhibitors (ACE Inhibitors)""	""Hydrochlorothiazide/Lisinopril""",
"""55306""",UNKNOWN,true,"2527	""Folpik XL 5mg tablets (Teva UK Ltd)""	""Felodipine""	""5mg""	""Modified-release tablet""	""Oral""	""Calcium-Channel Blockers""	""Felodipine""",
"""82557""",UNKNOWN,true,"79	""Accupro 5mg tablets (Waymade Healthcare Plc)""	""Quinapril""	""5mg""	""Oral tablet""	""Oral""	""Angiotensin-Converting Enzyme Inhibitors (ACE Inhibitors)""	""Quinapril""",
"""71040""",UNKNOWN,true,"0	""Ramipril 5mg tablets (Pfizer Ltd)""	""Ramipril""	""5mg""	""Oral tablet""	""Oral""	""Angiotensin-Converting Enzyme Inhibitors (ACE Inhibitors)""	""Ramipril""",
"""67741""",UNKNOWN,true,"0	""Ramipril 1.25mg capsules (Almus Pharmaceuticals Ltd)""	""Ramipril""	""1.25mg""	""Oral capsule""	""Oral""	""Angiotensin-Converting Enzyme Inhibitors (ACE Inhibitors)""	""Ramipril""",
"""83892""",UNKNOWN,true,"1	""Chlorothiazide 24mg/5ml oral solution""	""Chlorothiazide""	""4.8mg/1ml""	""Oral solution""	""Oral""	""Thiazides And Related Diuretics""	""Chlorothiazide""",
"""8331""",UNKNOWN,true,"4512	""Inderal 160mg Tablet (AstraZeneca UK Ltd)""	""Propranolol""	""160mg""	""Oral tablet""	""Oral""	""Supraventricular Arrhythmias/Beta-Adrenoceptor Blockers""	""Propranolol""",
"""62036""",UNKNOWN,true,"1	""Ramipril 5mg tablets (Waymade Healthcare Plc)""	""Ramipril""	""5mg""	""Oral tablet""	""Oral""	""Angiotensin-Converting Enzyme Inhibitors (ACE Inhibitors)""	""Ramipril""",
"""20369""",UNKNOWN,true,"552	""Doxazosin 1mg/5ml oral suspension""	""Doxazosin""	""200microgram/1ml""	""Oral suspension""	""Oral""	""Alpha-Adrenoceptor Blockers/Alpha-Blockers (In Urinary Retention)""	""Doxazosin""",
"""68022""",UNKNOWN,true,"0	""Doxazosin 4mg tablets (Sovereign Medical Ltd)""	""Doxazosin""	""4mg""	""Oral tablet""	""Oral""	""Alpha-Adrenoceptor Blockers/Alpha-Blockers (In Urinary Retention)""	""Doxazosin""",
"""2970""",UNKNOWN,true,"14795	""Minoxidil 2.5mg tablets""	""Minoxidil""	""2.5mg""	""Oral tablet""	""Oral""	""Vasodilator Antihypertensive Products""	""Minoxidil""",
"""33657""",UNKNOWN,true,"1299	""Atenolol 25mg tablets (A A H Pharmaceuticals Ltd)""	""Atenolol""	""25mg""	""Oral tablet""	""Oral""	""Beta-Adrenoceptor Blockers""	""Atenolol""",
"""45070""",UNKNOWN,true,"356	""Amlodipine 10mg/5ml oral suspension""	""Amlodipine""	""2mg/1ml""	""Oral suspension""	""Oral""	""Calcium-Channel Blockers""	""Amlodipine""",
"""78819""",UNKNOWN,true,"6	""Diltiazem 2% cream (Drug Tariff Special Order)""	""Diltiazem""	""20mg/1gram""	""Cream""	""Route of administration not applicable""	""Local Products For Anal Or Rectal Problems/Calcium-Channel Blockers""	""Diltiazem""",
"""13672""",UNKNOWN,true,"4623	""Angiopine MR 10mg tablets (Ashbourne Pharmaceuticals Ltd)""	""Nifedipine""	""10mg""	""Modified-release tablet""	""Oral""	""Calcium-Channel Blockers""	""Nifedipine""",
"""29762""",UNKNOWN,true,"142	""Mepranix 50mg Tablet (Ashbourne Pharmaceuticals Ltd)""	""Metoprolol""	""50mg""	""Oral tablet""	""Oral""	""Beta-Adrenoceptor Blockers""	""Metoprolol""",
"""24359""",UNKNOWN,true,"428	""Diovan 40mg tablets (Novartis Pharmaceuticals UK Ltd)""	""Valsartan""	""40mg""	""Oral tablet""	""Oral""	""Angiotensin-II Receptor Antagonists""	""Valsartan""",
"""10214""",UNKNOWN,true,"4690	""Spironolactone 5mg/5ml oral suspension sugar free""	""Spironolactone""	""5mg/5ml""	""Suspension Sugar-Free""	""Oral""	""Potassium-Sparing Diuretics And Aldosterone Antagonists""	""Spironolactone""",
"""88463""",UNKNOWN,true,"0	""Atenolol 100mg tablets (Accord-UK Ltd)""	""Atenolol""	""100mg""	""Oral tablet""	""Oral""	""Beta-Adrenoceptor Blockers""	""Atenolol""",
"""78157""",UNKNOWN,true,"116	""Methyldopa 125mg Tablet (C P Pharmaceuticals Ltd)""	""Methyldopa""	""125mg""	""Oral tablet""	""Oral""	""Centrally Acting Antihypertensive Products""	""Methyldopa""",
"""5330""",UNKNOWN,true,"3937	""Corgaretic 40mg tablets (Sanofi-Synthelabo Ltd)""	""Bendroflumethiazide/Nadolol""	""40mg + 5mg""	""Oral tablet""	""Oral""	""Unknown""	""Bendroflumethiazide/Nadolol""",
"""52886""",UNKNOWN,true,"0	""Losartan 12.5mg tablets (A A H Pharmaceuticals Ltd)""	""Losartan""	""12.5mg""	""Oral tablet""	""Oral""	""Angiotensin-II Receptor Antagonists""	""Losartan""",
"""4103""",UNKNOWN,true,"110723	""Trandolapril 1mg capsules""	""Trandolapril""	""1mg""	""Oral capsule""	""Oral""	""Angiotensin-Converting Enzyme Inhibitors (ACE Inhibitors)""	""Trandolapril""",
"""18269""",UNKNOWN,true,"13792	""Acepril 12.5mg tablets (Bristol-Myers Squibb Pharmaceuticals Ltd)""	""Captopril""	""12.5mg""	""Oral tablet""	""Oral""	""Angiotensin-Converting Enzyme Inhibitors (ACE Inhibitors)""	""Captopril""",
"""60684""",UNKNOWN,true,"97	""Perindopril erbumine 4mg / Amlodipine 10mg tablets""	""Amlodipine/Perindopril""	""10mg + 4mg""	""Oral tablet""	""Oral""	""Angiotensin-Converting Enzyme Inhibitors (ACE Inhibitors)/Calcium-Channel Blockers""	""Amlodipine/Perindopril""",
"""32089""",UNKNOWN,true,"337	""Diltiazem HCl 120mg Modified-release capsule (Hillcross Pharmaceuticals Ltd)""	""Diltiazem""	""120mg""	""Modified-Release Capsule""	""Oral""	""Calcium-Channel Blockers""	""Diltiazem""",
"""69661""",UNKNOWN,true,"1	""Propranolol 3mg/5ml oral solution""	""Propranolol""	""600microgram/1ml""	""Oral solution""	""Oral""	""Beta-Adrenoceptor Blockers/Prophylaxis Of Migraine/Drugs For Essential Tremor, Chorea, Tics, And Related Disorders/Antithyroid Products""	""Propranolol""",
"""70994""",UNKNOWN,true,"0	""Captopril 12.5mg tablets (Sandoz Ltd)""	""Captopril""	""12.5mg""	""Oral tablet""	""Oral""	""Angiotensin-Converting Enzyme Inhibitors (ACE Inhibitors)""	""Captopril""",
"""10135""",UNKNOWN,true,"832	""Nifedipress mr 10mg Modified-release tablet (Sandoz Ltd)""	""Nifedipine""	""10mg""	""Modified-release tablet""	""Oral""	""Calcium-Channel Blockers""	""Nifedipine""",
"""9269""",UNKNOWN,true,"37277	""Nifedipine 40mg modified-release tablets""	""Nifedipine""	""40mg""	""Modified-release tablet""	""Oral""	""Calcium-Channel Blockers""	""Nifedipine""",
"""7549""",UNKNOWN,true,"5746	""Doxadura 1mg tablets (Dexcel-Pharma Ltd)""	""Doxazosin""	""1mg""	""Oral tablet""	""Oral""	""Alpha-Adrenoceptor Blockers/Alpha-Blockers (In Urinary Retention)""	""Doxazosin""",
"""33336""",UNKNOWN,true,"25	""Captopril 5mg/5ml Oral suspension (Eldon Laboratories)""	""Captopril""	""1mg/1ml""	""Oral suspension""	""Oral""	""Angiotensin-Converting Enzyme Inhibitors (ACE Inhibitors)""	""Captopril""",
"""37778""",UNKNOWN,true,"1475	""Lisinopril 5mg/5ml oral suspension""	""Lisinopril""	""1mg/1ml""	""Oral suspension""	""Oral""	""Angiotensin-Converting Enzyme Inhibitors (ACE Inhibitors)""	""Lisinopril""",
"""91049""",UNKNOWN,true,"7	""Vizilatan Duo eye drops (Bausch & Lomb UK Ltd)""	""Timolol""	""50microgram/1ml + 5mg/1ml""	""Eye drops""	""Ocular""	""Beta-Blockers (In Glaucoma)/Prostaglandin Analogues (In Glaucoma)""	""Timolol""",
"""18874""",UNKNOWN,true,"414	""Disogram SR 180mg capsules (Sun Pharma UK Ltd)""	""Diltiazem""	""180mg""	""Modified-release capsule""	""Oral""	""Calcium-Channel Blockers""	""Diltiazem""",
"""69116""",UNKNOWN,true,"31	""Diltiazem 60mg modified-release tablets (DE Pharmaceuticals)""	""Diltiazem""	""60mg""	""Modified-release tablet""	""Oral""	""Calcium-Channel Blockers""	""Diltiazem""",
"""80853""",UNKNOWN,true,"2	""Perindopril erbumine 2mg tablets (Tillomed Laboratories Ltd)""	""Perindopril""	""2mg""	""Oral tablet""	""Oral""	""Angiotensin-Converting Enzyme Inhibitors (ACE Inhibitors)""	""Perindopril""",
"""53142""",UNKNOWN,true,"189	""Clonidine 50micrograms/5ml oral suspension""	""Clonidine""	""10microgram/1ml""	""Oral suspension""	""Oral""	""Centrally Acting Antihypertensive Products/Prophylaxis Of Migraine/Oestrogens And HRT""	""Clonidine""",
"""756""",UNKNOWN,true,"521332	""Ramipril 10mg tablets""	""Ramipril""	""10mg""	""Oral tablet""	""Oral""	""Angiotensin-Converting Enzyme Inhibitors (ACE Inhibitors)""	""Ramipril""",
"""41517""",UNKNOWN,true,"2584	""Bendroflumethiazide 5mg tablets (Teva UK Ltd)""	""Bendroflumethiazide""	""5mg""	""Oral tablet""	""Oral""	""Thiazides And Related Diuretics""	""Bendroflumethiazide""",
"""71653""",UNKNOWN,true,"166	""Nidef 60mg modified-release tablets (Morningside Healthcare Ltd)""	""Nifedipine""	""60mg""	""Modified-release tablet""	""Oral""	""Calcium-Channel Blockers""	""Nifedipine""",
"""31214""",UNKNOWN,true,"1	""Propranolol 80mg tablets (Viatris UK Healthcare Ltd)""	""Propranolol""	""80mg""	""Oral tablet""	""Oral""	""Beta-Adrenoceptor Blockers/Prophylaxis Of Migraine/Drugs For Essential Tremor, Chorea, Tics, And Related Disorders/Antithyroid Products""	""Propranolol""",
"""45289""",UNKNOWN,true,"1	""Metoprolol tartrate Oral solution""	""Metoprolol""	NA	""Oral Solution""	""Oral""	""Beta-Adrenoceptor Blockers""	""Metoprolol""",
"""57567""",UNKNOWN,true,"6	""Propranolol 10mg/5ml oral suspension""	""Propranolol""	""2mg/1ml""	""Oral suspension""	""Oral""	""Beta-Adrenoceptor Blockers/Prophylaxis Of Migraine/Drugs For Essential Tremor, Chorea, Tics, And Related Disorders/Antithyroid Products""	""Propranolol""",
"""29398""",UNKNOWN,true,"318	""Atenamin 100mg Tablet (OPD Pharm)""	""Atenolol""	""100mg""	""Oral tablet""	""Oral""	""Beta-Adrenoceptor Blockers""	""Atenolol""",
"""83491""",UNKNOWN,true,"0	""Nicardipine 30mg capsules (Tillomed Laboratories Ltd)""	""Nicardipine""	""30mg""	""Oral capsule""	""Oral""	""Calcium-Channel Blockers""	""Nicardipine""",
"""59233""",UNKNOWN,true,"16	""Lercanidipine 20mg tablets (Accord-UK Ltd)""	""Lercanidipine""	""20mg""	""Oral tablet""	""Oral""	""Calcium-Channel Blockers""	""Lercanidipine""",
"""25059""",UNKNOWN,true,"221	""Berkatens 80mg Tablet (Berk Pharmaceuticals Ltd)""	""Verapamil""	""80mg""	""Oral tablet""	""Oral""	""Supraventricular Arrhythmias/Calcium-Channel Blockers""	""Verapamil""",
"""34804""",UNKNOWN,true,"1202	""Propranolol 10mg tablets (Teva UK Ltd)""	""Propranolol""	""10mg""	""Oral tablet""	""Oral""	""Beta-Adrenoceptor Blockers/Prophylaxis Of Migraine/Drugs For Essential Tremor, Chorea, Tics, And Related Disorders/Antithyroid Products""	""Propranolol""",
"""34943""",UNKNOWN,true,"780	""Ramipril 10mg capsules (A A H Pharmaceuticals Ltd)""	""Ramipril""	""10mg""	""Oral capsule""	""Oral""	""Angiotensin-Converting Enzyme Inhibitors (ACE Inhibitors)""	""Ramipril""",
"""76554""",UNKNOWN,true,"1	""Verapamil 120mg modified-release tablets (DE Pharmaceuticals)""	""Verapamil""	""120mg""	""Modified-release tablet""	""Oral""	""Calcium-Channel Blockers""	""Verapamil""",
"""81319""",UNKNOWN,true,"11	""Bendroflumethiazide 2.5mg tablets (Crescent Pharma Ltd)""	""Bendroflumethiazide""	""2.5mg""	""Oral tablet""	""Oral""	""Thiazides And Related Diuretics/Hypercalcaemia And Hypercalciuria""	""Bendroflumethiazide""",
"""78728""",UNKNOWN,true,"53	""Co-amilofruse 5mg/40mg/5ml oral suspension""	""Amiloride""	""1mg/1ml + 8mg/1ml""	""Oral suspension""	""Oral""	""Potassium-Sparing Diuretics With Other Diuretics""	""Amiloride""",
"""32922""",UNKNOWN,true,"31	""Felodipine 10mg Modified-release tablet (Sandoz Ltd)""	""Felodipine""	""10mg""	""Modified-release tablet""	""Oral""	""Calcium-Channel Blockers""	""Felodipine""",
"""37725""",UNKNOWN,true,"7	""Co-tenidone 100mg/25mg tablets (Viatris UK Healthcare Ltd)""	""Chlortalidone/Atenolol""	""100mg + 25mg""	""Oral tablet""	""Oral""	""Thiazides And Related Diuretics/Beta-Adrenoceptor Blockers""	""Chlortalidone/Atenolol""",
"""85565""",UNKNOWN,true,"0	""Amlodipine 5mg/5ml oral suspension sugar free (Alliance Healthcare (Distribution) Ltd)""	""Amlodipine""	""1mg/1ml""	""Oral suspension""	""Oral""	""Calcium-Channel Blockers""	""Amlodipine""",
"""49492""",UNKNOWN,true,"0	""Losartan 25mg tablets (Viatris UK Healthcare Ltd)""	""Losartan""	""25mg""	""Oral tablet""	""Oral""	""Angiotensin-II Receptor Antagonists""	""Losartan""",
"""71748""",UNKNOWN,true,"57	""Actelsar HCT 80mg/25mg tablets (Accord-UK Ltd)""	""Hydrochlorothiazide/Telmisartan""	""25mg + 80mg""	""Oral tablet""	""Oral""	""Angiotensin-II Receptor Antagonists With Diuretic""	""Hydrochlorothiazide/Telmisartan""",
"""2001""",UNKNOWN,true,"51306	""Aldactide 25 tablets (Pfizer Ltd)""	""Spironolactone""	""25mg + 25mg""	""Oral tablet""	""Oral""	""Potassium-Sparing Diuretics With Other Diuretics""	""Spironolactone""",
"""924""",UNKNOWN,true,"250120	""Co-amilozide 2.5mg/25mg tablets""	""Hydrochlorothiazide/Amiloride""	""25mg + 2.5mg""	""Oral tablet""	""Oral""	""Potassium-Sparing Diuretics With Other Diuretics""	""Hydrochlorothiazide/Amiloride""",
"""9196""",UNKNOWN,true,"72934	""Aprovel 150mg tablets (Sanofi)""	""Irbesartan""	""150mg""	""Oral tablet""	""Oral""	""Angiotensin-II Receptor Antagonists""	""Irbesartan""",
"""50402""",UNKNOWN,true,"0	""Perindopril 2mg Tablet (Servier Laboratories Ltd)""	""Perindopril""	""2mg""	""Oral tablet""	""Oral""	""Angiotensin-Converting Enzyme Inhibitors (ACE Inhibitors)""	""Perindopril""",
"""70922""",UNKNOWN,true,"0	""Losartan 100mg / Hydrochlorothiazide 12.5mg tablets (Phoenix Healthcare Distribution Ltd)""	""Hydrochlorothiazide/Losartan""	""12.5mg + 100mg""	""Oral tablet""	""Oral""	""Angiotensin-II Receptor Antagonists With Diuretic""	""Hydrochlorothiazide/Losartan""",
"""34012""",UNKNOWN,true,"145	""Co-tenidone 100mg/25mg tablets (IVAX Pharmaceuticals UK Ltd)""	""Chlortalidone/Atenolol""	""100mg + 25mg""	""Oral tablet""	""Oral""	""Thiazides And Related Diuretics/Beta-Adrenoceptor Blockers""	""Chlortalidone/Atenolol""",
"""48180""",UNKNOWN,true,"568	""Perindopril erbumine 4mg tablets (Sandoz Ltd)""	""Perindopril""	""4mg""	""Oral tablet""	""Oral""	""Angiotensin-Converting Enzyme Inhibitors (ACE Inhibitors)""	""Perindopril""",
"""4873""",UNKNOWN,true,"35265	""Fru-Co 5mg/40mg tablets (Teva UK Ltd)""	""Amiloride""	""5mg + 40mg""	""Oral tablet""	""Oral""	""Potassium-Sparing Diuretics With Other Diuretics""	""Amiloride""",
"""220""",UNKNOWN,true,"5418	""Propranolol 5mg/5ml oral solution""	""Propranolol""	""5mg/5ml""	""Oral Solution""	""Oral""	""Supraventricular Arrhythmias/Beta-Adrenoceptor Blockers""	""Propranolol""",
"""74243""",UNKNOWN,true,"0	""Losartan 50mg tablets (Krka UK Ltd)""	""Losartan""	""50mg""	""Oral tablet""	""Oral""	""Angiotensin-II Receptor Antagonists""	""Losartan""",
"""57059""",UNKNOWN,true,"134	""Dorzolamide 20mg/ml / Timolol 5mg/ml eye drops (A A H Pharmaceuticals Ltd)""	""Timolol""	""20mg/1ml + 5mg/1ml""	""Eye drops""	""Ocular""	""Beta-Blockers (In Glaucoma)/Carbonic Anhydrase Inhibitors And Systemic Drugs (In Glaucoma)""	""Timolol""",
"""24365""",UNKNOWN,true,"430248	""Cardioplen XL 5mg tablets (Chiesi Ltd)""	""Felodipine""	""5mg""	""Modified-release tablet""	""Oral""	""Calcium-Channel Blockers""	""Felodipine""",
"""45343""",UNKNOWN,true,"10	""Propranolol SR 80mg Modified-release capsule (C P Pharmaceuticals Ltd)""	""Propranolol""	""80mg""	""Modified-release capsule""	""Oral""	""Beta-Adrenoceptor Blockers/Prophylaxis Of Migraine""	""Propranolol""",
"""58632""",UNKNOWN,true,"7	""Tracleer 125mg tablets (Janssen-Cilag Ltd)""	""Bosentan""	""125mg""	""Oral tablet""	""Oral""	""Vasodilator Antihypertensive Products""	""Bosentan""",
"""43500""",UNKNOWN,true,"112	""Hydralazine 25mg tablets (Accord-UK Ltd)""	""Hydralazine""	""25mg""	""Oral tablet""	""Oral""	""Vasodilator Antihypertensive Products""	""Hydralazine""",
"""91424""",UNKNOWN,true,"3	""Ramipril 2.5mg tablets (A A H Pharmaceuticals Ltd)""	""Ramipril""	""2.5mg""	""Oral tablet""	""Oral""	""Angiotensin-Converting Enzyme Inhibitors (ACE Inhibitors)""	""Ramipril""",
"""74874""",UNKNOWN,true,"16	""Zestoretic 20 tablets (DE Pharmaceuticals)""	""Hydrochlorothiazide/Lisinopril""	""20mg + 12.5mg""	""Oral tablet""	""Oral""	""Angiotensin-Converting Enzyme Inhibitors (ACE Inhibitors)""	""Hydrochlorothiazide/Lisinopril""",
"""8978""",UNKNOWN,true,"753	""Propanix 160mg Modified-release capsule (Ashbourne Pharmaceuticals Ltd)""	""Propranolol""	""160mg""	""Modified-release capsule""	""Oral""	""Beta-Adrenoceptor Blockers/Prophylaxis Of Migraine""	""Propranolol""",
"""75041""",UNKNOWN,true,"2	""Riociguat 1.5mg tablets""	""Riociguat""	""1.5mg""	""Oral tablet""	""Oral""	""Vasodilator Antihypertensive Products""	""Riociguat""",
"""940""",UNKNOWN,true,"422404	""Propranolol 80mg tablets""	""Propranolol""	""80mg""	""Oral tablet""	""Oral""	""Beta-Adrenoceptor Blockers/Prophylaxis Of Migraine/Drugs For Essential Tremor, Chorea, Tics, And Related Disorders/Antithyroid Products""	""Propranolol""",
"""32595""",UNKNOWN,true,"86	""Amlodipine 5mg tablets (A A H Pharmaceuticals Ltd)""	""Amlodipine""	""5mg""	""Oral tablet""	""Oral""	""Calcium-Channel Blockers""	""Amlodipine""",
"""61010""",UNKNOWN,true,"61	""Diltiazem 120mg modified-release tablets (Cubic Pharmaceuticals Ltd)""	""Diltiazem""	""120mg""	""Modified-release tablet""	""Oral""	""Calcium-Channel Blockers""	""Diltiazem""",
"""29427""",UNKNOWN,true,"23	""Hydrochlorothiazide with metoprolol tartrate 12.5mg with 100mg tablet""	""Hydrochlorothiazide/Metoprolol""	""12.5mg + 100mg""	""Tablet""	""Oral""	""Thiazides And Related Diuretics/Beta-Adrenoceptor Blockers""	""Hydrochlorothiazide/Metoprolol""",
"""53629""",UNKNOWN,true,"77	""Adalat retard 20mg tablets (Lexon (UK) Ltd)""	""Nifedipine""	""20mg""	""Modified-release tablet""	""Oral""	""Calcium-Channel Blockers""	""Nifedipine""",
"""77315""",UNKNOWN,true,"32	""Enalapril 2.5mg/5ml oral solution""	""Enalapril""	""500microgram/1ml""	""Oral solution""	""Oral""	""Angiotensin-Converting Enzyme Inhibitors (ACE Inhibitors)""	""Enalapril""",
"""74066""",UNKNOWN,true,"1	""Ramipril 10mg tablets (Tillomed Laboratories Ltd)""	""Ramipril""	""10mg""	""Oral tablet""	""Oral""	""Angiotensin-Converting Enzyme Inhibitors (ACE Inhibitors)""	""Ramipril""",
"""14552""",UNKNOWN,true,"1788	""Propanix 10mg Tablet (Ashbourne Pharmaceuticals Ltd)""	""Propranolol""	""10mg""	""Oral tablet""	""Oral""	""Supraventricular Arrhythmias/Beta-Adrenoceptor Blockers""	""Propranolol""",
"""2002""",UNKNOWN,true,"117413	""Amiloride 5mg / hydrochlorothiazide 50mg tablets""	""Hydrochlorothiazide/Amiloride""	""5mg + 50mg""	""Tablets""	""Oral""	""Thiazides And Related Diuretics/Potassium-Sparing Diuretics With Other Diuretics""	""Hydrochlorothiazide/Amiloride""",
"""34443""",UNKNOWN,true,"559	""Atenolol 50mg tablets (Wockhardt UK Ltd)""	""Atenolol""	""50mg""	""Oral tablet""	""Oral""	""Beta-Adrenoceptor Blockers""	""Atenolol""",
"""89756""",UNKNOWN,true,"0	""Perindopril erbumine 2mg tablets (Medihealth (Northern) Ltd)""	""Perindopril""	""2mg""	""Oral tablet""	""Oral""	""Angiotensin-Converting Enzyme Inhibitors (ACE Inhibitors)""	""Perindopril""",
"""33091""",UNKNOWN,true,"114	""Felodipine 10mg modified-release tablets (A A H Pharmaceuticals Ltd)""	""Felodipine""	""10mg""	""Modified-release tablet""	""Oral""	""Calcium-Channel Blockers""	""Felodipine""",
"""14228""",UNKNOWN,true,"25133	""Coversyl Plus tablets (Servier Laboratories Ltd)""	""Indapamide/Perindopril""	""4mg + 1.25mg""	""Oral tablet""	""Oral""	""Thiazides And Related Diuretics/Products That Affect The Renin-Angiotensin System/Angiotensin-Converting Enzyme Inhibitors (ACE Inhibitors)""	""Indapamide/Perindopril""",
"""34925""",UNKNOWN,true,"67	""Metoprolol 50mg tablets (Sandoz Ltd)""	""Metoprolol""	""50mg""	""Oral tablet""	""Oral""	""Beta-Adrenoceptor Blockers/Prophylaxis Of Migraine""	""Metoprolol""",
"""8602""",UNKNOWN,true,"9851	""Metenix 5mg tablets (Sanofi)""	""Metolazone""	""5mg""	""Oral tablet""	""Oral""	""Thiazides And Related Diuretics""	""Metolazone""",
"""90867""",UNKNOWN,true,"12	""Ramipril 1.25mg capsules (Bristol Laboratories Ltd)""	""Ramipril""	""1.25mg""	""Oral capsule""	""Oral""	""Angiotensin-Converting Enzyme Inhibitors (ACE Inhibitors)""	""Ramipril""",
"""80958""",UNKNOWN,true,"1	""Propranolol 80mg Tablet (Celltech Pharma Europe Ltd)""	""Propranolol""	""80mg""	""Oral tablet""	""Oral""	""Supraventricular Arrhythmias/Beta-Adrenoceptor Blockers""	""Propranolol""",
"""34976""",UNKNOWN,true,"29	""Atenolol 25mg tablets (Tillomed Laboratories Ltd)""	""Atenolol""	""25mg""	""Oral tablet""	""Oral""	""Beta-Adrenoceptor Blockers""	""Atenolol""",
"""36519""",UNKNOWN,true,"0	""Esidrex -k Tablet (Novartis Pharmaceuticals UK Ltd)""	""Hydrochlorothiazide""	NA	""Tablet""	""Oral""	""Diuretics With Potassium""	""Hydrochlorothiazide""",
"""60258""",UNKNOWN,true,"51	""Co-amilofruse 2.5mg/20mg tablets (Milpharm Ltd)""	""Amiloride""	""2.5mg + 20mg""	""Oral tablet""	""Oral""	""Potassium-Sparing Diuretics With Other Diuretics""	""Amiloride""",
"""81797""",UNKNOWN,true,"0	""Clonidine 25microgram tablets (Phoenix Healthcare Distribution Ltd)""	""Clonidine""	""25microgram""	""Oral tablet""	""Oral""	""Prophylaxis Of Migraine/Oestrogens And HRT""	""Clonidine""",
"""61245""",UNKNOWN,true,"18	""Diltiazem 60mg modified-release capsules (Sigma Pharmaceuticals Plc)""	""Diltiazem""	""60mg""	""Modified-release capsule""	""Oral""	""Calcium-Channel Blockers""	""Diltiazem""",
"""14943""",UNKNOWN,true,"22771	""Valsartan 40mg tablets""	""Valsartan""	""40mg""	""Oral tablet""	""Oral""	""Angiotensin-II Receptor Antagonists""	""Valsartan""",
"""10931""",UNKNOWN,true,"6018	""Ganda 1 + 0.2 eye drops (Bausch & Lomb UK Ltd)""	""Guanethidine""	""2mg/1ml + 10mg/1ml""	""Eye drops""	""Ocular""	""Unknown""	""Guanethidine""",
"""74820""",UNKNOWN,true,"54	""Amlodipine 10mg tablets (Sigma Pharmaceuticals Plc)""	""Amlodipine""	""10mg""	""Oral tablet""	""Oral""	""Calcium-Channel Blockers""	""Amlodipine""",
"""74330""",UNKNOWN,true,"1	""Nifedipine 20mg modified-release tablets (Ennogen Healthcare Ltd)""	""Nifedipine""	""20mg""	""Modified-release tablet""	""Oral""	""Calcium-Channel Blockers""	""Nifedipine""",
"""60309""",UNKNOWN,true,"0	""Lisinopril 5mg tablets (Relonchem Ltd)""	""Lisinopril""	""5mg""	""Oral tablet""	""Oral""	""Angiotensin-Converting Enzyme Inhibitors (ACE Inhibitors)""	""Lisinopril""",
"""85147""",UNKNOWN,true,"2	""Indapamide 2.5mg tablets (Sigma Pharmaceuticals Plc)""	""Indapamide""	""2.5mg""	""Oral tablet""	""Oral""	""Thiazides And Related Diuretics""	""Indapamide""",
"""196""",UNKNOWN,true,"2121719	""Enalapril 5mg tablets""	""Enalapril""	""5mg""	""Oral tablet""	""Oral""	""Angiotensin-Converting Enzyme Inhibitors (ACE Inhibitors)""	""Enalapril""",
"""77400""",UNKNOWN,true,"279	""Capoten 25mg tablets (Mawdsley-Brooks & Company Ltd)""	""Captopril""	""25mg""	""Oral tablet""	""Oral""	""Angiotensin-Converting Enzyme Inhibitors (ACE Inhibitors)""	""Captopril""",
"""64227""",UNKNOWN,true,"15	""Lercanidipine 10mg tablets (Accord-UK Ltd)""	""Lercanidipine""	""10mg""	""Oral tablet""	""Oral""	""Calcium-Channel Blockers""	""Lercanidipine""",
"""64062""",UNKNOWN,true,"14	""Enalapril 1mg/5ml oral suspension""	""Enalapril""	""200microgram/1ml""	""Oral suspension""	""Oral""	""Angiotensin-Converting Enzyme Inhibitors (ACE Inhibitors)""	""Enalapril""",
"""54928""",UNKNOWN,true,"4	""Lisinopril 10mg tablets (Bristol Laboratories Ltd)""	""Lisinopril""	""10mg""	""Oral tablet""	""Oral""	""Angiotensin-Converting Enzyme Inhibitors (ACE Inhibitors)""	""Lisinopril""",
"""26228""",UNKNOWN,true,"243	""Propanix LA 160mg Modified-release capsule (Ashbourne Pharmaceuticals Ltd)""	""Propranolol""	""160mg""	""Modified-release capsule""	""Oral""	""Beta-Adrenoceptor Blockers/Prophylaxis Of Migraine""	""Propranolol""",
"""11265""",UNKNOWN,true,"26648	""Triamterene 50mg / Furosemide 40mg tablets""	""Triamterene""	""50mg + 40mg""	""Oral tablet""	""Oral""	""Potassium-Sparing Diuretics With Other Diuretics""	""Triamterene""",
"""76433""",UNKNOWN,true,"0	""Captopril 1.5mg capsules""	""Captopril""	""1.5mg""	""Oral capsule""	""Oral""	""Angiotensin-Converting Enzyme Inhibitors (ACE Inhibitors)""	""Captopril""",
"""61053""",UNKNOWN,true,"0	""Losartan 100mg tablets (Alliance Healthcare (Distribution) Ltd)""	""Losartan""	""100mg""	""Oral tablet""	""Oral""	""Angiotensin-II Receptor Antagonists""	""Losartan""",
"""7541""",UNKNOWN,true,"2372	""Nifopress Retard 20mg tablets (Advanz Pharma)""	""Nifedipine""	""20mg""	""Modified-release tablet""	""Oral""	""Calcium-Channel Blockers""	""Nifedipine""",
"""24677""",UNKNOWN,true,"4	""ATENOLOL""	""Atenolol""	NA	NA	NA	""Unknown""	""Atenolol""",
"""25037""",UNKNOWN,true,"0	""ATENOLOL""	""Atenolol""	NA	NA	NA	""Unknown""	""Atenolol""",
"""32048""",UNKNOWN,true,"31	""Kaplon 50mg tablets (Teva UK Ltd)""	""Captopril""	""50mg""	""Oral tablet""	""Oral""	""Angiotensin-Converting Enzyme Inhibitors (ACE Inhibitors)""	""Captopril""",
"""36909""",UNKNOWN,true,"21532	""Aliskiren 300mg tablets""	""Aliskiren""	""300mg""	""Oral tablet""	""Oral""	""Renin Inhibitors""	""Aliskiren""",
"""16162""",UNKNOWN,true,"9726	""Amlodipine 5mg/5ml oral suspension""	""Amlodipine""	""1mg/1ml""	""Oral suspension""	""Oral""	""Calcium-Channel Blockers""	""Amlodipine""",
"""66468""",UNKNOWN,true,"194	""Regaine for Women Once a Day 5% scalp foam (McNeil Products Ltd)""	""Minoxidil""	""50mg/1gram""	""Cutaneous foam""	""Cutaneous""	""Vasodilator Antihypertensive Products/Androgenetic Alopecia""	""Minoxidil""",
"""10595""",UNKNOWN,true,"865	""Nimotop 30mg tablets (Bayer Plc)""	""Nimodipine""	""30mg""	""Oral tablet""	""Oral""	""Calcium-Channel Blockers""	""Nimodipine""",
"""57346""",UNKNOWN,true,"0	""Ramipril 10mg capsules (Waymade Healthcare Plc)""	""Ramipril""	""10mg""	""Oral capsule""	""Oral""	""Angiotensin-Converting Enzyme Inhibitors (ACE Inhibitors)""	""Ramipril""",
"""18202""",UNKNOWN,true,"8074	""MicardisPlus 40mg/12.5mg tablets (Boehringer Ingelheim Ltd)""	""Hydrochlorothiazide/Telmisartan""	""40mg + 12.5mg""	""Oral tablet""	""Oral""	""Angiotensin-II Receptor Antagonists With Diuretic""	""Hydrochlorothiazide/Telmisartan""",
"""63227""",UNKNOWN,true,"3	""Chlorothiazide 70mg/5ml oral solution""	""Chlorothiazide""	""14mg/1ml""	""Oral solution""	""Oral""	""Thiazides And Related Diuretics""	""Chlorothiazide""",
"""32470""",UNKNOWN,true,"2	""PROPRANOLOL 1 MG LIQ""	""Propranolol""	NA	NA	NA	""Unknown""	""Propranolol""",
"""10902""",UNKNOWN,true,"12525	""Captopril 50mg with Hydrochlorothiazide 25mg tablets""	""Captopril/Hydrochlorothiazide""	""50mg + 25mg""	""Tablets""	""Oral""	""Thiazides And Related Diuretics/Angiotensin-Converting Enzyme Inhibitors (ACE Inhibitors)""	""Captopril/Hydrochlorothiazide""",
"""69288""",UNKNOWN,true,"0	""Ramipril 10mg capsules (Brown & Burk UK Ltd)""	""Ramipril""	""10mg""	""Oral capsule""	""Oral""	""Angiotensin-Converting Enzyme Inhibitors (ACE Inhibitors)""	""Ramipril""",
"""37908""",UNKNOWN,true,"24028	""Coversyl Arginine Plus 5mg/1.25mg tablets (Servier Laboratories Ltd)""	""Indapamide/Perindopril""	""1.25mg + 5mg""	""Oral tablet""	""Oral""	""Thiazides And Related Diuretics/Angiotensin-Converting Enzyme Inhibitors (ACE Inhibitors)""	""Indapamide/Perindopril""",
"""81175""",UNKNOWN,true,"5	""Ecopace 50mg tablets (Advanz Pharma)""	""Captopril""	""50mg""	""Oral tablet""	""Oral""	""Angiotensin-Converting Enzyme Inhibitors (ACE Inhibitors)""	""Captopril""",
"""34539""",UNKNOWN,true,"30	""Ramipril 5mg capsules (Sandoz Ltd)""	""Ramipril""	""5mg""	""Oral capsule""	""Oral""	""Angiotensin-Converting Enzyme Inhibitors (ACE Inhibitors)""	""Ramipril""",
"""277""",UNKNOWN,true,"3262520	""Lisinopril 2.5mg tablets""	""Lisinopril""	""2.5mg""	""Oral tablet""	""Oral""	""Angiotensin-Converting Enzyme Inhibitors (ACE Inhibitors)""	""Lisinopril""",
"""62351""",UNKNOWN,true,"0	""Doxazosin 2mg tablets (Phoenix Healthcare Distribution Ltd)""	""Doxazosin""	""2mg""	""Oral tablet""	""Oral""	""Alpha-Adrenoceptor Blockers/Alpha-Blockers (In Urinary Retention)""	""Doxazosin""",
"""8642""",UNKNOWN,true,"139533	""Tenif 50mg/20mg modified-release capsules (AstraZeneca UK Ltd)""	""Nifedipine/Atenolol""	""50mg + 20mg""	""Modified-release capsule""	""Oral""	""Beta-Adrenoceptor Blockers/Calcium-Channel Blockers""	""Nifedipine/Atenolol""",
"""2495""",UNKNOWN,true,"69439	""Bumetanide with Amiloride tablets""	""Amiloride""	NA	""Tablets""	""Oral""	""Loop Diuretics/Potassium-Sparing Diuretics With Other Diuretics""	""Amiloride""",
"""49529""",UNKNOWN,true,"0	""Indapamide 2.5mg tablets (Phoenix Healthcare Distribution Ltd)""	""Indapamide""	""2.5mg""	""Oral tablet""	""Oral""	""Thiazides And Related Diuretics""	""Indapamide""",
"""4265""",UNKNOWN,true,"84842	""Celectol 200mg Tablet (Pantheon Healthcare Ltd)""	""Celiprolol""	""200mg""	""Oral tablet""	""Oral""	""Beta-Adrenoceptor Blockers""	""Celiprolol""",
"""1788""",UNKNOWN,true,"232345	""Atenolol 100mg with Chlortalidone 25mg tablets""	""Chlortalidone/Atenolol""	""100mg+25mg""	""Tablets""	""Oral""	""Thiazides And Related Diuretics/Beta-Adrenoceptor Blockers""	""Chlortalidone/Atenolol""",
"""51447""",UNKNOWN,true,"293	""Metoprolol 12.5mg/5ml oral suspension""	""Metoprolol""	""2.5mg/1ml""	""Oral suspension""	""Oral""	""Beta-Adrenoceptor Blockers/Prophylaxis Of Migraine""	""Metoprolol""",
"""8464""",UNKNOWN,true,"6	""Meprobamate with bendroflumethiazide Tablet""	""Bendroflumethiazide""	NA	""Tablet""	""Oral""	""Thiazides And Related Diuretics/Anxiolytics""	""Bendroflumethiazide""",
"""77363""",UNKNOWN,true,"532	""Zanidip 10mg tablets (Dowelhurst Ltd)""	""Lercanidipine""	""10mg""	""Oral tablet""	""Oral""	""Calcium-Channel Blockers""	""Lercanidipine""",
"""63314""",UNKNOWN,true,"0	""Doxazosin 1mg tablets (Sovereign Medical Ltd)""	""Doxazosin""	""1mg""	""Oral tablet""	""Oral""	""Alpha-Adrenoceptor Blockers/Alpha-Blockers (In Urinary Retention)""	""Doxazosin""",
"""40527""",UNKNOWN,true,"12	""Ambrisentan 10mg tablets""	""Ambrisentan""	""10mg""	""Oral tablet""	""Oral""	""Vasodilator Antihypertensive Products""	""Ambrisentan""",
"""20093""",UNKNOWN,true,"547	""Metoprolol 200mg modified-release / Hydrochlorothiazide 25mg tablets""	""Hydrochlorothiazide/Metoprolol""	""200mg + 25mg""	""Modified-release tablet""	""Oral""	""Unknown""	""Hydrochlorothiazide/Metoprolol""",
"""84532""",UNKNOWN,true,"0	""Atenolol 25mg tablets (Medihealth (Northern) Ltd)""	""Atenolol""	""25mg""	""Oral tablet""	""Oral""	""Beta-Adrenoceptor Blockers""	""Atenolol""",
"""19208""",UNKNOWN,true,"41	""Enalapril 10mg tablets (Actavis UK Ltd)""	""Enalapril""	""10mg""	""Oral tablet""	""Oral""	""Angiotensin-Converting Enzyme Inhibitors (ACE Inhibitors)""	""Enalapril""",
"""11223""",UNKNOWN,true,"176869	""Angitil SR 90 capsules (Ethypharm UK Ltd)""	""Diltiazem""	""90mg""	""Modified-release capsule""	""Oral""	""Calcium-Channel Blockers""	""Diltiazem""",
"""89867""",UNKNOWN,true,"2	""Valsartan 40mg capsules (Kent Pharma (UK) Ltd)""	""Valsartan""	""40mg""	""Oral capsule""	""Oral""	""Angiotensin-II Receptor Antagonists""	""Valsartan""",
"""82567""",UNKNOWN,true,"50	""Generic Kalten capsules""	""Hydrochlorothiazide/Amiloride/Atenolol""	""50mg + 2.5mg + 25mg""	""Oral capsule""	""Oral""	""Beta-Blockers With Diuretics""	""Hydrochlorothiazide/Amiloride/Atenolol""",
"""74589""",UNKNOWN,true,"0	""Losartan 25mg tablets (Genesis Pharmaceuticals Ltd)""	""Losartan""	""25mg""	""Oral tablet""	""Oral""	""Angiotensin-II Receptor Antagonists""	""Losartan""",
"""67317""",UNKNOWN,true,"23	""Dilzem XL 120 capsules (Mawdsley-Brooks & Company Ltd)""	""Diltiazem""	""120mg""	""Modified-release capsule""	""Oral""	""Calcium-Channel Blockers""	""Diltiazem""",
"""11711""",UNKNOWN,true,"4039	""Propranolol 50mg/5ml oral solution""	""Propranolol""	""50mg/5ml""	""Oral Solution""	""Oral""	""Supraventricular Arrhythmias/Beta-Adrenoceptor Blockers""	""Propranolol""",
"""35272""",UNKNOWN,true,"3016	""Doxadura XL 4mg tablets (Dexcel-Pharma Ltd)""	""Doxazosin""	""4mg""	""Modified-release tablet""	""Oral""	""Alpha-Adrenoceptor Blockers/Alpha-Blockers (In Urinary Retention)""	""Doxazosin""",
"""70680""",UNKNOWN,true,"3	""Propranolol 6mg/5ml oral suspension""	""Propranolol""	""1.2mg/1ml""	""Oral suspension""	""Oral""	""Beta-Adrenoceptor Blockers/Prophylaxis Of Migraine/Drugs For Essential Tremor, Chorea, Tics, And Related Disorders/Antithyroid Products""	""Propranolol""",
"""69009""",UNKNOWN,true,"151	""Zaroxolyn 5mg tablets (Imported (Canada))""	""Metolazone""	""5mg""	""Oral tablet""	""Oral""	""Thiazides And Related Diuretics""	""Metolazone""",
"""17561""",UNKNOWN,true,"1146	""Bendroflumethiazide 2.5mg / Potassium chloride 573mg (potassium 7.7mmol) modified-release tablets""	""Bendroflumethiazide""	""2.5mg + 573mg""	""Modified-release tablet""	""Oral""	""Unknown""	""Bendroflumethiazide""",
"""72017""",UNKNOWN,true,"10	""Enalapril 1.25mg/5ml oral solution""	""Enalapril""	""250microgram/1ml""	""Oral solution""	""Oral""	""Angiotensin-Converting Enzyme Inhibitors (ACE Inhibitors)""	""Enalapril""",
"""72086""",UNKNOWN,true,"9	""Valsartan 160mg / Hydrochlorothiazide 12.5mg tablets (Actavis UK Ltd)""	""Hydrochlorothiazide/Valsartan""	""160mg + 12.5mg""	""Oral tablet""	""Oral""	""Angiotensin-II Receptor Antagonists With Diuretic""	""Hydrochlorothiazide/Valsartan""",
"""70251""",UNKNOWN,true,"2	""Telmisartan 20mg tablets (Teva UK Ltd)""	""Telmisartan""	""20mg""	""Oral tablet""	""Oral""	""Angiotensin-II Receptor Antagonists""	""Telmisartan""",
"""34490""",UNKNOWN,true,"1997	""Ramipril 2.5mg capsules (Teva UK Ltd)""	""Ramipril""	""2.5mg""	""Oral capsule""	""Oral""	""Angiotensin-Converting Enzyme Inhibitors (ACE Inhibitors)""	""Ramipril""",
"""54983""",UNKNOWN,true,"32	""Amlodipine 2.5mg/5ml oral suspension""	""Amlodipine""	""500microgram/1ml""	""Oral suspension""	""Oral""	""Calcium-Channel Blockers""	""Amlodipine""",
"""11432""",UNKNOWN,true,"18024	""Timoptol Unit Dose 0.5% ophthalmic solution 0.2ml unit dose (Santen UK Ltd)""	""Timolol""	""5mg/1ml""	""Eye drops""	""Ocular""	""Beta-Blockers (In Glaucoma)""	""Timolol""",
"""35695""",UNKNOWN,true,"841	""Visken 5mg tablets (Advanz Pharma)""	""Pindolol""	""5mg""	""Oral tablet""	""Oral""	""Beta-Adrenoceptor Blockers""	""Pindolol""",
"""42901""",UNKNOWN,true,"673	""Enalapril 5mg tablets (Teva UK Ltd)""	""Enalapril""	""5mg""	""Oral tablet""	""Oral""	""Angiotensin-Converting Enzyme Inhibitors (ACE Inhibitors)""	""Enalapril""",
"""67789""",UNKNOWN,true,"0	""Perindopril erbumine 2mg tablets (Accord-UK Ltd)""	""Perindopril""	""2mg""	""Oral tablet""	""Oral""	""Angiotensin-Converting Enzyme Inhibitors (ACE Inhibitors)""	""Perindopril""",
"""20690""",UNKNOWN,true,"193	""Reserpine 250micrograms tablet""	""Reserpine""	""250micrograms""	""Tablets""	""Oral""	""Centrally Acting Antihypertensive Products""	""Reserpine""",
"""82873""",UNKNOWN,true,"0	""Verapamil 120mg tablets (Sigma Pharmaceuticals Plc)""	""Verapamil""	""120mg""	""Oral tablet""	""Oral""	""Calcium-Channel Blockers""	""Verapamil""",
"""29610""",UNKNOWN,true,"731	""Betim 10mg tablets (Meda Pharmaceuticals Ltd)""	""Timolol""	""10mg""	""Oral tablet""	""Oral""	""Beta-Adrenoceptor Blockers/Prophylaxis Of Migraine""	""Timolol""",
"""15176""",UNKNOWN,true,"2724	""Totamol 50mg Tablet (C P Pharmaceuticals Ltd)""	""Atenolol""	""50mg""	""Oral tablet""	""Oral""	""Beta-Adrenoceptor Blockers""	""Atenolol""",
"""1289""",UNKNOWN,true,"386515	""Tildiem Retard 120mg tablets (Sanofi)""	""Diltiazem""	""120mg""	""Modified-release tablet""	""Oral""	""Calcium-Channel Blockers""	""Diltiazem""",
"""53820""",UNKNOWN,true,"65	""Lisinopril 5mg tablets (Arrow Generics Ltd)""	""Lisinopril""	""5mg""	""Oral tablet""	""Oral""	""Angiotensin-Converting Enzyme Inhibitors (ACE Inhibitors)""	""Lisinopril""",
"""36753""",UNKNOWN,true,"1	""Ednyt 10mg Tablet (Dominion Pharma)""	""Enalapril""	""10mg""	""Oral tablet""	""Oral""	""Angiotensin-Converting Enzyme Inhibitors (ACE Inhibitors)""	""Enalapril""",
"""69""",UNKNOWN,true,"9189196	""Lisinopril 20mg tablets""	""Lisinopril""	""20mg""	""Oral tablet""	""Oral""	""Angiotensin-Converting Enzyme Inhibitors (ACE Inhibitors)""	""Lisinopril""",
"""81340""",UNKNOWN,true,"0	""Candesartan 32mg tablets (DE Pharmaceuticals)""	""Candesartan""	""32mg""	""Oral tablet""	""Oral""	""Angiotensin-II Receptor Antagonists""	""Candesartan""",
"""11943""",UNKNOWN,true,"46321	""Cardene 20mg capsules (Laboratoire X.O)""	""Nicardipine""	""20mg""	""Oral capsule""	""Oral""	""Calcium-Channel Blockers""	""Nicardipine""",
"""77414""",UNKNOWN,true,"634	""Tenoretic 100mg/25mg tablets (Dowelhurst Ltd)""	""Chlortalidone/Atenolol""	""100mg + 25mg""	""Oral tablet""	""Oral""	""Thiazides And Related Diuretics/Beta-Adrenoceptor Blockers""	""Chlortalidone/Atenolol""",
"""38854""",UNKNOWN,true,"5	""Quinapril 20mg/5ml oral solution""	""Quinapril""	""20mg/5ml""	""Oral Suspension""	""Oral""	""Angiotensin-Converting Enzyme Inhibitors (ACE Inhibitors)""	""Quinapril""",
"""27256""",UNKNOWN,true,"37329	""Bendroflumethiazide 2.5mg tablets (Wockhardt UK Ltd)""	""Bendroflumethiazide""	""2.5mg""	""Oral tablet""	""Oral""	""Thiazides And Related Diuretics/Hypercalcaemia And Hypercalciuria""	""Bendroflumethiazide""",
"""68054""",UNKNOWN,true,"91	""Diltiazem 60mg modified-release tablets (Alliance Healthcare (Distribution) Ltd)""	""Diltiazem""	""60mg""	""Modified-release tablet""	""Oral""	""Calcium-Channel Blockers""	""Diltiazem""",
"""62064""",UNKNOWN,true,"0	""Diltiazem 120mg modified-release tablets (Mawdsley-Brooks & Company Ltd)""	""Diltiazem""	""120mg""	""Modified-release tablet""	""Oral""	""Calcium-Channel Blockers""	""Diltiazem""",
"""64870""",UNKNOWN,true,"1174	""Tafluprost 15micrograms/ml / Timolol 5mg/ml eye drops 0.3ml unit dose preservative free""	""Timolol""	""5mg/1ml + 15microgram/1ml""	""Eye drops""	""Ocular""	""Beta-Blockers (In Glaucoma)/Prostaglandin Analogues (In Glaucoma)""	""Timolol""",
"""30915""",UNKNOWN,true,"120	""Cabren 2.5mg modified-release tablets (Teva UK Ltd)""	""Felodipine""	""2.5mg""	""Modified-release tablet""	""Oral""	""Calcium-Channel Blockers""	""Felodipine""",
"""62711""",UNKNOWN,true,"0	""Propranolol 80mg modified-release capsules (Waymade Healthcare Plc)""	""Propranolol""	""80mg""	""Modified-release capsule""	""Oral""	""Beta-Adrenoceptor Blockers/Prophylaxis Of Migraine/Drugs For Essential Tremor, Chorea, Tics, And Related Disorders/Antithyroid Products""	""Propranolol""",
"""60597""",UNKNOWN,true,"18	""Irbesartan 150mg tablets (Teva UK Ltd)""	""Irbesartan""	""150mg""	""Oral tablet""	""Oral""	""Angiotensin-II Receptor Antagonists""	""Irbesartan""",
"""51643""",UNKNOWN,true,"0	""Atenolol 25mg/5ml oral solution sugar free (Alliance Healthcare (Distribution) Ltd)""	""Atenolol""	""5mg/1ml""	""Oral solution""	""Oral""	""Beta-Adrenoceptor Blockers""	""Atenolol""",
"""26675""",UNKNOWN,true,"3	""XIPAMIDE""	""Xipamide""	NA	NA	NA	""Unknown""	""Xipamide""",
"""46979""",UNKNOWN,true,"1	""Lisinopril 20mg tablets (Sandoz Ltd)""	""Lisinopril""	""20mg""	""Oral tablet""	""Oral""	""Angiotensin-Converting Enzyme Inhibitors (ACE Inhibitors)""	""Lisinopril""",
"""83454""",UNKNOWN,true,"0	""Metoprolol 100mg tablets (Almus Pharmaceuticals Ltd)""	""Metoprolol""	""100mg""	""Oral tablet""	""Oral""	""Beta-Adrenoceptor Blockers/Prophylaxis Of Migraine""	""Metoprolol""",
"""37964""",UNKNOWN,true,"15918	""Perindopril arginine 2.5mg tablets""	""Perindopril""	""2.5mg""	""Oral tablet""	""Oral""	""Angiotensin-Converting Enzyme Inhibitors (ACE Inhibitors)""	""Perindopril""",
"""76031""",UNKNOWN,true,"4	""Chlorothiazide 250mg/5ml oral solution (Drug Tariff Special Order)""	""Chlorothiazide""	""50mg/1ml""	""Oral solution""	""Oral""	""Thiazides And Related Diuretics""	""Chlorothiazide""",
"""89700""",UNKNOWN,true,"0	""Losartan 50mg tablets (Alissa Healthcare Research Ltd)""	""Losartan""	""50mg""	""Oral tablet""	""Oral""	""Angiotensin-II Receptor Antagonists""	""Losartan""",
"""50185""",UNKNOWN,true,"9	""Candesartan 8mg tablets (Teva UK Ltd)""	""Candesartan""	""8mg""	""Oral tablet""	""Oral""	""Angiotensin-II Receptor Antagonists""	""Candesartan""",
"""88402""",UNKNOWN,true,"2	""Prazosin 2mg/5ml oral suspension""	""Prazosin""	""400microgram/1ml""	""Oral suspension""	""Oral""	""Alpha-Adrenoceptor Blockers/Alpha-Blockers (In Urinary Retention)""	""Prazosin""",
"""60934""",UNKNOWN,true,"24	""Propranolol 80mg modified-release capsules (Kent Pharma (UK) Ltd)""	""Propranolol""	""80mg""	""Modified-release capsule""	""Oral""	""Beta-Adrenoceptor Blockers/Prophylaxis Of Migraine/Drugs For Essential Tremor, Chorea, Tics, And Related Disorders/Antithyroid Products""	""Propranolol""",
"""71021""",UNKNOWN,true,"0	""Dorzolamide 20mg/ml / Timolol 5mg/ml eye drops (Sandoz Ltd)""	""Timolol""	""20mg/1ml + 5mg/1ml""	""Eye drops""	""Ocular""	""Beta-Blockers (In Glaucoma)/Carbonic Anhydrase Inhibitors And Systemic Drugs (In Glaucoma)""	""Timolol""",
"""16032""",UNKNOWN,true,"11929	""Timolol 0.1% gel eye drops""	""Timolol""	""1mg/1ml""	""Eye drops""	""Ocular""	""Unknown""	""Timolol""",
"""4374""",UNKNOWN,true,"1019	""Debrisoquine 20mg tablets""	""Debrisoquine""	""20mg""	""Tablets""	""Oral""	""Adrenergic Neurone Blockers""	""Debrisoquine""",
"""58751""",UNKNOWN,true,"122	""Enalapril 1.25mg/5ml oral suspension""	""Enalapril""	""250microgram/1ml""	""Oral suspension""	""Oral""	""Angiotensin-Converting Enzyme Inhibitors (ACE Inhibitors)""	""Enalapril""",
"""22019""",UNKNOWN,true,"401	""Calanif 10mg Capsule (Berk Pharmaceuticals Ltd)""	""Nifedipine""	""10mg""	""Oral capsule""	""Oral""	""Calcium-Channel Blockers""	""Nifedipine""",
"""68192""",UNKNOWN,true,"0	""Ramipril 5mg capsules (Brown & Burk UK Ltd)""	""Ramipril""	""5mg""	""Oral capsule""	""Oral""	""Angiotensin-Converting Enzyme Inhibitors (ACE Inhibitors)""	""Ramipril""",
"""60884""",UNKNOWN,true,"4	""Felodipine 2.5mg modified-release tablets (Phoenix Healthcare Distribution Ltd)""	""Felodipine""	""2.5mg""	""Modified-release tablet""	""Oral""	""Calcium-Channel Blockers""	""Felodipine""",
"""37428""",UNKNOWN,true,"2068	""Hytrin 10mg tablets (Advanz Pharma)""	""Terazosin""	""10mg""	""Oral tablet""	""Oral""	""Alpha-Adrenoceptor Blockers/Alpha-Blockers (In Urinary Retention)""	""Terazosin""",
"""77408""",UNKNOWN,true,"332	""Cozaar 50mg tablets (Waymade Healthcare Plc)""	""Losartan""	""50mg""	""Oral tablet""	""Oral""	""Angiotensin-II Receptor Antagonists""	""Losartan""",
"""70509""",UNKNOWN,true,"2	""Indapamide 2.5mg tablets (DE Pharmaceuticals)""	""Indapamide""	""2.5mg""	""Oral tablet""	""Oral""	""Thiazides And Related Diuretics""	""Indapamide""",
"""22912""",UNKNOWN,true,"85	""Bendroflumethiazide 2.5mg with Propanolol 80mg capsules""	""Bendroflumethiazide/Propranolol""	""2.5mg + 80mg""	""Capsules""	""Oral""	""Thiazides And Related Diuretics/Beta-Adrenoceptor Blockers""	""Bendroflumethiazide/Propranolol""",
"""8026""",UNKNOWN,true,"24829	""Gopten 2mg capsules (Abbott Laboratories Ltd)""	""Trandolapril""	""2mg""	""Oral capsule""	""Oral""	""Angiotensin-Converting Enzyme Inhibitors (ACE Inhibitors)""	""Trandolapril""",
"""42625""",UNKNOWN,true,"1981	""Vera-Til SR 120mg tablets (Accord-UK Ltd)""	""Verapamil""	""120mg""	""Modified-release tablet""	""Oral""	""Calcium-Channel Blockers""	""Verapamil""",
"""79467""",UNKNOWN,true,"2	""Candesartan 2mg tablets (DE Pharmaceuticals)""	""Candesartan""	""2mg""	""Oral tablet""	""Oral""	""Angiotensin-II Receptor Antagonists""	""Candesartan""",
"""83864""",UNKNOWN,true,"0	""Doxazosin 2mg tablets (Ennogen Healthcare International Ltd)""	""Doxazosin""	""2mg""	""Oral tablet""	""Oral""	""Alpha-Adrenoceptor Blockers/Alpha-Blockers (In Urinary Retention)""	""Doxazosin""",
"""37243""",UNKNOWN,true,"7	""Cardozin xl 4mg Tablet (Teva UK Ltd)""	""Doxazosin""	""4mg""	""Modified-release tablet""	""Oral""	""Alpha-Adrenoceptor Blockers/Alpha-Blockers (In Urinary Retention)""	""Doxazosin""",
"""26674""",UNKNOWN,true,"24	""Verapamil 5mg/2ml solution for injection ampoules""	""Verapamil""	""2.5mg/1ml""	""Solution for injection""	""Intravenous""	""Calcium-Channel Blockers""	""Verapamil""",
"""67663""",UNKNOWN,true,"0	""Valsartan 160mg capsules (Dexcel-Pharma Ltd)""	""Valsartan""	""160mg""	""Oral capsule""	""Oral""	""Angiotensin-II Receptor Antagonists""	""Valsartan""",
"""8555""",UNKNOWN,true,"23351	""Sectral 200mg capsules (Neon Healthcare Ltd)""	""Acebutolol""	""200mg""	""Oral capsule""	""Oral""	""Beta-Adrenoceptor Blockers""	""Acebutolol""",
"""27719""",UNKNOWN,true,"31	""Metoros ls 95mg Tablet (Geigy Pharmaceuticals)""	""Metoprolol""	""95mg""	""Tablet""	""Oral""	""Beta-Adrenoceptor Blockers""	""Metoprolol""",
"""761""",UNKNOWN,true,"109987	""Ramipril 1.25mg tablets""	""Ramipril""	""1.25mg""	""Oral tablet""	""Oral""	""Angiotensin-Converting Enzyme Inhibitors (ACE Inhibitors)""	""Ramipril""",
"""2982""",UNKNOWN,true,"97477	""Zestoretic 20- 20mg+12.5mg Tablet (AstraZeneca UK Ltd)""	""Hydrochlorothiazide/Lisinopril""	""20mg + 12.5mg""	""Oral tablet""	""Oral""	""Thiazides And Related Diuretics/Angiotensin-Converting Enzyme Inhibitors (ACE Inhibitors)""	""Hydrochlorothiazide/Lisinopril""",
"""35173""",UNKNOWN,true,"2703	""Valsartan 160mg with amlodipine 5mg tablets""	""Amlodipine/Valsartan""	""160mg + 5mg""	""Tablets""	""Oral""	""Angiotensin-II Receptor Antagonists/Calcium-Channel Blockers""	""Amlodipine/Valsartan""",
"""7547""",UNKNOWN,true,"11432	""Doxadura 2mg tablets (Dexcel-Pharma Ltd)""	""Doxazosin""	""2mg""	""Oral tablet""	""Oral""	""Alpha-Adrenoceptor Blockers/Alpha-Blockers (In Urinary Retention)""	""Doxazosin""",
"""10153""",UNKNOWN,true,"351	""Felendil xl 5mg Modified-release tablet (Ratiopharm UK Ltd)""	""Felodipine""	""5mg""	""Modified-release tablet""	""Oral""	""Calcium-Channel Blockers""	""Felodipine""",
"""11448""",UNKNOWN,true,"113117	""Irbesartan 150mg / Hydrochlorothiazide 12.5mg tablets""	""Hydrochlorothiazide/Irbesartan""	""150mg + 12.5mg""	""Oral tablet""	""Oral""	""Thiazides And Related Diuretics/Angiotensin-II Receptor Antagonists With Diuretic""	""Hydrochlorothiazide/Irbesartan""",
"""43432""",UNKNOWN,true,"23	""Captopril 6.25mg tablets""	""Captopril""	""6.25mg""	""Tablets""	""Oral""	""Angiotensin-Converting Enzyme Inhibitors (ACE Inhibitors)""	""Captopril""",
"""72049""",UNKNOWN,true,"0	""Amlodipine 5mg tablets (Mawdsley-Brooks & Company Ltd)""	""Amlodipine""	""5mg""	""Oral tablet""	""Oral""	""Calcium-Channel Blockers""	""Amlodipine""",
"""66622""",UNKNOWN,true,"0	""Lisinopril 20mg tablets (DE Pharmaceuticals)""	""Lisinopril""	""20mg""	""Oral tablet""	""Oral""	""Angiotensin-Converting Enzyme Inhibitors (ACE Inhibitors)""	""Lisinopril""",
"""73151""",UNKNOWN,true,"0	""Atenolol 50mg tablets (Crescent Pharma Ltd)""	""Atenolol""	""50mg""	""Oral tablet""	""Oral""	""Beta-Adrenoceptor Blockers""	""Atenolol""",
"""34882""",UNKNOWN,true,"75	""Atenolol 50mg Tablet (Berk Pharmaceuticals Ltd)""	""Atenolol""	""50mg""	""Oral tablet""	""Oral""	""Beta-Adrenoceptor Blockers""	""Atenolol""",
"""5861""",UNKNOWN,true,"308460	""Fosinopril 20mg tablets""	""Fosinopril""	""20mg""	""Oral tablet""	""Oral""	""Angiotensin-Converting Enzyme Inhibitors (ACE Inhibitors)""	""Fosinopril""",
"""72430""",UNKNOWN,true,"0	""Amlodipine 10mg/5ml oral solution sugar free (Alliance Healthcare (Distribution) Ltd)""	""Amlodipine""	""2mg/1ml""	""Oral solution""	""Oral""	""Calcium-Channel Blockers""	""Amlodipine""",
"""51368""",UNKNOWN,true,"594	""Azilsartan medoxomil 80mg tablets""	""Azilsartan""	""80mg""	""Oral tablet""	""Oral""	""Angiotensin-II Receptor Antagonists""	""Azilsartan""",
"""15288""",UNKNOWN,true,"44028	""Angitil XL 300 capsules (Ethypharm UK Ltd)""	""Diltiazem""	""300mg""	""Modified-release capsule""	""Oral""	""Calcium-Channel Blockers""	""Diltiazem""",
"""3962""",UNKNOWN,true,"69857	""TRIAMTERENE 50MG HYDROCHLOROTHIAZIDE25MG TAB""	""Triamterene""	NA	""Tablet""	""Oral""	""Unknown""	""Triamterene""",
"""15715""",UNKNOWN,true,"19	""Genalat retard 20mg Modified-release tablet (Wyeth Pharmaceuticals)""	""Nifedipine""	""20mg""	""Modified-Release Tablet""	""Oral""	""Calcium-Channel Blockers""	""Nifedipine""",
"""77002""",UNKNOWN,true,"13	""Corgard 80mg tablets (Lexon (UK) Ltd)""	""Nadolol""	""80mg""	""Oral tablet""	""Oral""	""Beta-Adrenoceptor Blockers""	""Nadolol""",
"""53990""",UNKNOWN,true,"180	""Nifedipine 5mg/5ml oral suspension""	""Nifedipine""	""1mg/1ml""	""Oral suspension""	""Oral""	""Calcium-Channel Blockers""	""Nifedipine""",
"""9723""",UNKNOWN,true,"10142	""Calcicard CR 90mg tablets (Teva UK Ltd)""	""Diltiazem""	""90mg""	""Modified-release tablet""	""Oral""	""Calcium-Channel Blockers""	""Diltiazem""",
"""34093""",UNKNOWN,true,"2016	""Amlodipine 10mg tablets (A A H Pharmaceuticals Ltd)""	""Amlodipine""	""10mg""	""Oral tablet""	""Oral""	""Calcium-Channel Blockers""	""Amlodipine""",
"""50780""",UNKNOWN,true,"4	""Enalapril 2mg/5ml oral solution""	""Enalapril""	""400microgram/1ml""	""Oral solution""	""Oral""	""Angiotensin-Converting Enzyme Inhibitors (ACE Inhibitors)""	""Enalapril""",
"""82455""",UNKNOWN,true,"0	""Trandolapril 2mg capsules (Accord-UK Ltd)""	""Trandolapril""	""2mg""	""Oral capsule""	""Oral""	""Angiotensin-Converting Enzyme Inhibitors (ACE Inhibitors)""	""Trandolapril""",
"""43514""",UNKNOWN,true,"192	""Spironolactone 50mg tablets (A A H Pharmaceuticals Ltd)""	""Spironolactone""	""50mg""	""Oral tablet""	""Oral""	""Potassium-Sparing Diuretics And Aldosterone Antagonists""	""Spironolactone""",
"""47654""",UNKNOWN,true,"1	""Tracleer 62.5mg tablets (Janssen-Cilag Ltd)""	""Bosentan""	""62.5mg""	""Oral tablet""	""Oral""	""Vasodilator Antihypertensive Products""	""Bosentan""",
"""80448""",UNKNOWN,true,"0	""Eprosartan 600mg tablets (Viatris UK Healthcare Ltd)""	""Eprosartan""	""600mg""	""Oral tablet""	""Oral""	""Angiotensin-II Receptor Antagonists""	""Eprosartan""",
"""76840""",UNKNOWN,true,"4	""Actelsar HCT 40mg/12.5mg tablets (Actavis UK Ltd)""	""Hydrochlorothiazide/Telmisartan""	""40mg + 12.5mg""	""Oral tablet""	""Oral""	""Angiotensin-II Receptor Antagonists With Diuretic""	""Hydrochlorothiazide/Telmisartan""",
"""8897""",UNKNOWN,true,"21095	""Triam-Co 50mg/25mg tablets (IVAX Pharmaceuticals UK Ltd)""	""Hydrochlorothiazide/Triamterene""	""25mg + 50mg""	""Oral tablet""	""Oral""	""Potassium-Sparing Diuretics With Other Diuretics""	""Hydrochlorothiazide/Triamterene""",
"""46055""",UNKNOWN,true,"184	""Regaine for Men Extra Strength 5% scalp foam (McNeil Products Ltd)""	""Minoxidil""	""50mg/1gram""	""Cutaneous foam""	""Cutaneous""	""Vasodilator Antihypertensive Products/Androgenetic Alopecia""	""Minoxidil""",
"""34868""",UNKNOWN,true,"1191	""Propranolol 40mg tablets (Teva UK Ltd)""	""Propranolol""	""40mg""	""Oral tablet""	""Oral""	""Beta-Adrenoceptor Blockers/Prophylaxis Of Migraine/Drugs For Essential Tremor, Chorea, Tics, And Related Disorders/Antithyroid Products""	""Propranolol""",
"""41651""",UNKNOWN,true,"22	""Prazosin 500microgram Tablet (Approved Prescription Services Ltd)""	""Prazosin""	""500microgram""	""Oral tablet""	""Oral""	""Alpha-Adrenoceptor Blockers/Alpha-Blockers (In Urinary Retention)""	""Prazosin""",
"""33651""",UNKNOWN,true,"6049	""Bendroflumethiazide 2.5mg tablets (A A H Pharmaceuticals Ltd)""	""Bendroflumethiazide""	""2.5mg""	""Oral tablet""	""Oral""	""Thiazides And Related Diuretics/Hypercalcaemia And Hypercalciuria""	""Bendroflumethiazide""",
"""24268""",UNKNOWN,true,"274	""Hydrochlorothiazide with valsartan 12.5mg with 80mg Tablet""	""Hydrochlorothiazide/Valsartan""	""12.5mg + 80mg""	""Tablet""	""Oral""	""Thiazides And Related Diuretics/Angiotensin-II Receptor Antagonists""	""Hydrochlorothiazide/Valsartan""",
"""69600""",UNKNOWN,true,"1	""Captopril 1mg/5ml oral suspension""	""Captopril""	""200microgram/1ml""	""Oral suspension""	""Oral""	""Angiotensin-Converting Enzyme Inhibitors (ACE Inhibitors)""	""Captopril""",
"""1538""",UNKNOWN,true,"797088	""Diltiazem 60mg tablets""	""Diltiazem""	""60mg""	""Tablets""	""Oral""	""Calcium-Channel Blockers""	""Diltiazem""",
"""12705""",UNKNOWN,true,"2416	""Angiozem CR 90mg tablets (Ashbourne Pharmaceuticals Ltd)""	""Diltiazem""	""90mg""	""Modified-release tablet""	""Oral""	""Calcium-Channel Blockers""	""Diltiazem""",
"""60076""",UNKNOWN,true,"0	""Valsartan 160mg capsules (Waymade Healthcare Plc)""	""Valsartan""	""160mg""	""Oral capsule""	""Oral""	""Angiotensin-II Receptor Antagonists""	""Valsartan""",
"""75884""",UNKNOWN,true,"9747	""Fixapost 50micrograms/ml / 5mg/ml eye drops 0.2ml unit dose (Thea Pharmaceuticals Ltd)""	""Timolol""	""50microgram/1ml + 5mg/1ml""	""Eye drops""	""Ocular""	""Beta-Blockers (In Glaucoma)/Prostaglandin Analogues (In Glaucoma)""	""Timolol""",
"""58910""",UNKNOWN,true,"64	""Valsartan 80mg capsules (Sigma Pharmaceuticals Plc)""	""Valsartan""	""80mg""	""Oral capsule""	""Oral""	""Angiotensin-II Receptor Antagonists""	""Valsartan""",
"""51933""",UNKNOWN,true,"574	""Spironolactone 50mg/5ml oral solution""	""Spironolactone""	""10mg/1ml""	""Oral solution""	""Oral""	""Potassium-Sparing Diuretics And Aldosterone Antagonists""	""Spironolactone""",
"""58339""",UNKNOWN,true,"52	""Neofel XL 2.5mg tablets (Almus Pharmaceuticals Ltd)""	""Felodipine""	""2.5mg""	""Modified-release tablet""	""Oral""	""Calcium-Channel Blockers""	""Felodipine""",
"""88765""",UNKNOWN,true,"0	""Lisinopril 5mg tablets (Crescent Pharma Ltd)""	""Lisinopril""	""5mg""	""Oral tablet""	""Oral""	""Angiotensin-Converting Enzyme Inhibitors (ACE Inhibitors)""	""Lisinopril""",
"""32597""",UNKNOWN,true,"2	""Lisinopril 10mg tablets (Sandoz Ltd)""	""Lisinopril""	""10mg""	""Oral tablet""	""Oral""	""Angiotensin-Converting Enzyme Inhibitors (ACE Inhibitors)""	""Lisinopril""",
"""38066""",UNKNOWN,true,"66	""Diltiazem HCl 60mg Modified-release tablet (Lagap)""	""Diltiazem""	""60mg""	""Modified-release tablet""	""Oral""	""Calcium-Channel Blockers""	""Diltiazem""",
"""49752""",UNKNOWN,true,"7	""Metolazone 2.5mg/5ml oral solution""	""Metolazone""	""500microgram/1ml""	""Oral solution""	""Oral""	""Thiazides And Related Diuretics""	""Metolazone""",
"""69074""",UNKNOWN,true,"0	""Lisinopril 20mg tablets (Relonchem Ltd)""	""Lisinopril""	""20mg""	""Oral tablet""	""Oral""	""Angiotensin-Converting Enzyme Inhibitors (ACE Inhibitors)""	""Lisinopril""",
"""12858""",UNKNOWN,true,"35439	""Imidapril 10mg tablets""	""Imidapril""	""10mg""	""Oral tablet""	""Oral""	""Angiotensin-Converting Enzyme Inhibitors (ACE Inhibitors)""	""Imidapril""",
"""78524""",UNKNOWN,true,"0	""Lisinopril 10mg tablets (Tillomed Laboratories Ltd)""	""Lisinopril""	""10mg""	""Oral tablet""	""Oral""	""Angiotensin-Converting Enzyme Inhibitors (ACE Inhibitors)""	""Lisinopril""",
"""64441""",UNKNOWN,true,"16	""Amlodipine 5mg tablets (Alliance Healthcare (Distribution) Ltd)""	""Amlodipine""	""5mg""	""Oral tablet""	""Oral""	""Calcium-Channel Blockers""	""Amlodipine""",
"""57539""",UNKNOWN,true,"364	""Zestoretic 10 tablets (Sigma Pharmaceuticals Plc)""	""Hydrochlorothiazide/Lisinopril""	""10mg + 12.5mg""	""Oral tablet""	""Oral""	""Thiazides And Related Diuretics/Angiotensin-Converting Enzyme Inhibitors (ACE Inhibitors)""	""Hydrochlorothiazide/Lisinopril""",
"""77506""",UNKNOWN,true,"4	""Verapamil 240mg modified-release tablets (Kent Pharma (UK) Ltd)""	""Verapamil""	""240mg""	""Modified-release tablet""	""Oral""	""Calcium-Channel Blockers""	""Verapamil""",
"""72346""",UNKNOWN,true,"1	""Doxazosin 2mg/5ml oral solution""	""Doxazosin""	""400microgram/1ml""	""Oral solution""	""Oral""	""Alpha-Adrenoceptor Blockers/Alpha-Blockers (In Urinary Retention)""	""Doxazosin""",
"""31490""",UNKNOWN,true,"170	""Zolvera 40mg/5ml oral solution (Rosemont Pharmaceuticals Ltd)""	""Verapamil""	""8mg/1ml""	""Oral solution""	""Oral""	""Calcium-Channel Blockers""	""Verapamil""",
"""1449""",UNKNOWN,true,"405743	""Nifedipine 24 30mg Modified-release tablet""	""Nifedipine""	""30mg""	""Modified-Release Tablet""	""Oral""	""Calcium-Channel Blockers""	""Nifedipine""",
"""68751""",UNKNOWN,true,"0	""Candesartan 16mg tablets (Genesis Pharmaceuticals Ltd)""	""Candesartan""	""16mg""	""Oral tablet""	""Oral""	""Angiotensin-II Receptor Antagonists""	""Candesartan""",
"""2380""",UNKNOWN,true,"200	""Glaucol 0.50% Eye drops (IVAX Pharmaceuticals UK Ltd)""	""Timolol""	""5mg/1ml""	""Eye drops""	""Ocular""	""Beta-Blockers (In Glaucoma)""	""Timolol""",
"""47833""",UNKNOWN,true,"6919	""Bedranol SR 80mg capsules (Almus Pharmaceuticals Ltd)""	""Propranolol""	""80mg""	""Modified-release capsule""	""Oral""	""Beta-Adrenoceptor Blockers/Prophylaxis Of Migraine/Drugs For Essential Tremor, Chorea, Tics, And Related Disorders/Antithyroid Products""	""Propranolol""",
"""18830""",UNKNOWN,true,"1683	""Disogram SR 90mg capsules (Sun Pharma UK Ltd)""	""Diltiazem""	""90mg""	""Modified-release capsule""	""Oral""	""Calcium-Channel Blockers""	""Diltiazem""",
"""58325""",UNKNOWN,true,"0	""Doxazosin 4mg tablets (Phoenix Healthcare Distribution Ltd)""	""Doxazosin""	""4mg""	""Oral tablet""	""Oral""	""Alpha-Adrenoceptor Blockers/Alpha-Blockers (In Urinary Retention)""	""Doxazosin""",
"""43412""",UNKNOWN,true,"382	""Lisinopril 2.5mg tablets (A A H Pharmaceuticals Ltd)""	""Lisinopril""	""2.5mg""	""Oral tablet""	""Oral""	""Angiotensin-Converting Enzyme Inhibitors (ACE Inhibitors)""	""Lisinopril""",
"""66936""",UNKNOWN,true,"2376	""Intuniv 2mg modified-release tablets (Takeda UK Ltd)""	""Guanfacine""	""2mg""	""Modified-release tablet""	""Oral""	""Centrally Acting Antihypertensive Products""	""Guanfacine""",
"""55797""",UNKNOWN,true,"49	""Clonidine 25micrograms/5ml oral solution""	""Clonidine""	""5microgram/1ml""	""Oral solution""	""Oral""	""Centrally Acting Antihypertensive Products/Prophylaxis Of Migraine/Oestrogens And HRT""	""Clonidine""",
"""50370""",UNKNOWN,true,"445	""Spironolactone 5mg/5ml oral suspension""	""Spironolactone""	""1mg/1ml""	""Oral suspension""	""Oral""	""Potassium-Sparing Diuretics And Aldosterone Antagonists""	""Spironolactone""",
"""12440""",UNKNOWN,true,"3052	""Hydrosaluric 25mg tablets (Organon Pharma (UK) Ltd)""	""Hydrochlorothiazide""	""25mg""	""Oral tablet""	""Oral""	""Thiazides And Related Diuretics""	""Hydrochlorothiazide""",
"""22853""",UNKNOWN,true,"28	""Reserpine 100micrograms tablet""	""Reserpine""	""100micrograms""	""Tablets""	""Oral""	""Centrally Acting Antihypertensive Products""	""Reserpine""",
"""34651""",UNKNOWN,true,"3	""Ramipril 10mg capsules (Viatris UK Healthcare Ltd)""	""Ramipril""	""10mg""	""Oral capsule""	""Oral""	""Angiotensin-Converting Enzyme Inhibitors (ACE Inhibitors)""	""Ramipril""",
"""56508""",UNKNOWN,true,"1420	""Coversyl 4mg tablets (Dowelhurst Ltd)""	""Perindopril""	""4mg""	""Oral tablet""	""Oral""	""Angiotensin-Converting Enzyme Inhibitors (ACE Inhibitors)""	""Perindopril""",
"""39800""",UNKNOWN,true,"821	""Valni XL 60mg tablets (Zentiva Pharma UK Ltd)""	""Nifedipine""	""60mg""	""Modified-release tablet""	""Oral""	""Calcium-Channel Blockers""	""Nifedipine""",
"""82343""",UNKNOWN,true,"0	""Irbesartan 300mg tablets (Dr Reddy's Laboratories (UK) Ltd)""	""Irbesartan""	""300mg""	""Oral tablet""	""Oral""	""Angiotensin-II Receptor Antagonists""	""Irbesartan""",
"""18606""",UNKNOWN,true,"19	""Diltiazem and hydrochlorothiazide 150mg+12.5mg modified-release capsules""	""Hydrochlorothiazide/Diltiazem""	""150mg + 12.5mg""	""Modified Release Capsules""	""Oral""	""Thiazides And Related Diuretics/Calcium-Channel Blockers""	""Hydrochlorothiazide/Diltiazem""",
"""62035""",UNKNOWN,true,"0	""Candesartan 16mg tablets (Waymade Healthcare Plc)""	""Candesartan""	""16mg""	""Oral tablet""	""Oral""	""Angiotensin-II Receptor Antagonists""	""Candesartan""",
"""31417""",UNKNOWN,true,"586	""Diazoxide 50mg/ml oral solution""	""Diazoxide""	""50mg/ml""	""Oral Solution""	""Oral""	""Treatment Of Hypoglycaemia""	""Diazoxide""",
"""56764""",UNKNOWN,true,"0	""Propranolol 40mg tablets (Waymade Healthcare Plc)""	""Propranolol""	""40mg""	""Oral tablet""	""Oral""	""Beta-Adrenoceptor Blockers/Prophylaxis Of Migraine/Drugs For Essential Tremor, Chorea, Tics, And Related Disorders/Antithyroid Products""	""Propranolol""",
"""19611""",UNKNOWN,true,"52	""AMILORIDE 5MG/HYDROCHLORTHIAZIDE 50MG""	""Amiloride""	NA	NA	NA	""Unknown""	""Amiloride""",
"""19721""",UNKNOWN,true,"1	""AMILORIDE 5MG/HYDROCHLORTHIAZIDE 50MG""	""Amiloride""	NA	NA	NA	""Unknown""	""Amiloride""",
"""51261""",UNKNOWN,true,"0	""Tildiem Retard 120mg tablets (Mawdsley-Brooks & Company Ltd)""	""Diltiazem""	""120mg""	""Modified-release tablet""	""Oral""	""Calcium-Channel Blockers""	""Diltiazem""",
"""34125""",UNKNOWN,true,"1407	""Metoprolol 100mg tablets (A A H Pharmaceuticals Ltd)""	""Metoprolol""	""100mg""	""Oral tablet""	""Oral""	""Beta-Adrenoceptor Blockers/Prophylaxis Of Migraine""	""Metoprolol""",
"""74300""",UNKNOWN,true,"49	""Diazoxide 25mg capsules""	""Diazoxide""	""25mg""	""Oral capsule""	""Oral""	""Treatment Of Hypoglycaemia""	""Diazoxide""",
"""72839""",UNKNOWN,true,"20	""Diltiazem 300mg modified-release capsules (DE Pharmaceuticals)""	""Diltiazem""	""300mg""	""Modified-release capsule""	""Oral""	""Calcium-Channel Blockers""	""Diltiazem""",
"""88612""",UNKNOWN,true,"1	""Co-tenidone 50mg/12.5mg tablets (Wockhardt UK Ltd)""	""Chlortalidone/Atenolol""	""12.5mg + 50mg""	""Oral tablet""	""Oral""	""Thiazides And Related Diuretics/Beta-Adrenoceptor Blockers""	""Chlortalidone/Atenolol""",
"""76902""",UNKNOWN,true,"2	""Riociguat 500microgram tablets""	""Riociguat""	""500microgram""	""Oral tablet""	""Oral""	""Vasodilator Antihypertensive Products""	""Riociguat""",
"""32787""",UNKNOWN,true,"344	""Visken 15mg tablets (Advanz Pharma)""	""Pindolol""	""15mg""	""Oral tablet""	""Oral""	""Beta-Adrenoceptor Blockers""	""Pindolol""",
"""78671""",UNKNOWN,true,"41	""Edarbi 80mg tablets (Takeda UK Ltd)""	""Azilsartan""	""80mg""	""Oral tablet""	""Oral""	""Angiotensin-II Receptor Antagonists""	""Azilsartan""",
"""3054""",UNKNOWN,true,"3300	""Hygroton 100mg Tablet (Alliance Pharmaceuticals Ltd)""	""Chlortalidone""	""100mg""	""Tablet""	""Oral""	""Thiazides And Related Diuretics/Posterior Pituitary Hormones And Antagonists""	""Chlortalidone""",
"""7441""",UNKNOWN,true,"70577	""Lasilactone 20mg/50mg capsules (Sanofi)""	""Spironolactone""	""50mg + 20mg""	""Oral capsule""	""Oral""	""Potassium-Sparing Diuretics With Other Diuretics""	""Spironolactone""",
"""74631""",UNKNOWN,true,"58	""Spironolactone 50mg tablets (Actavis UK Ltd)""	""Spironolactone""	""50mg""	""Oral tablet""	""Oral""	""Potassium-Sparing Diuretics And Aldosterone Antagonists""	""Spironolactone""",
"""76672""",UNKNOWN,true,"0	""Lercanidipine 20mg tablets (Sigma Pharmaceuticals Plc)""	""Lercanidipine""	""20mg""	""Oral tablet""	""Oral""	""Calcium-Channel Blockers""	""Lercanidipine""",
"""68881""",UNKNOWN,true,"507	""Metoprolol 12.5mg capsules""	""Metoprolol""	""12.5mg""	""Oral capsule""	""Oral""	""Beta-Adrenoceptor Blockers/Prophylaxis Of Migraine""	""Metoprolol""",
"""79171""",UNKNOWN,true,"0	""Amlodipine 10mg/5ml oral solution sugar free (DE Pharmaceuticals)""	""Amlodipine""	""2mg/1ml""	""Oral solution""	""Oral""	""Calcium-Channel Blockers""	""Amlodipine""",
"""57273""",UNKNOWN,true,"16	""Candesartan 8mg tablets (Actavis UK Ltd)""	""Candesartan""	""8mg""	""Oral tablet""	""Oral""	""Angiotensin-II Receptor Antagonists""	""Candesartan""",
"""55257""",UNKNOWN,true,"102	""Diltiazem 60mg/5ml oral solution""	""Diltiazem""	""12mg/1ml""	""Oral solution""	""Oral""	""Calcium-Channel Blockers""	""Diltiazem""",
"""34945""",UNKNOWN,true,"18	""Propranolol 160mg Modified-release capsule (Lagap)""	""Propranolol""	""160mg""	""Modified-release capsule""	""Oral""	""Beta-Adrenoceptor Blockers/Prophylaxis Of Migraine""	""Propranolol""",
"""1293""",UNKNOWN,true,"2024436	""Irbesartan 150mg tablets""	""Irbesartan""	""150mg""	""Oral tablet""	""Oral""	""Angiotensin-II Receptor Antagonists""	""Irbesartan""",
"""19204""",UNKNOWN,true,"1209	""Lisinopril 5mg tablets (Teva UK Ltd)""	""Lisinopril""	""5mg""	""Oral tablet""	""Oral""	""Angiotensin-Converting Enzyme Inhibitors (ACE Inhibitors)""	""Lisinopril""",
"""37025""",UNKNOWN,true,"88167	""Nifedipine 20mg modified-release tablets""	""Nifedipine""	""20mg""	""Modified-release tablet""	""Oral""	""Calcium-Channel Blockers""	""Nifedipine""",
"""59412""",UNKNOWN,true,"0	""Co-amilofruse 5mg/40mg tablets (Waymade Healthcare Plc)""	""Amiloride""	""5mg + 40mg""	""Oral tablet""	""Oral""	""Potassium-Sparing Diuretics With Other Diuretics""	""Amiloride""",
"""38876""",UNKNOWN,true,"285553	""Tildiem LA 300 capsules (Sanofi)""	""Diltiazem""	""300mg""	""Modified-release capsule""	""Oral""	""Calcium-Channel Blockers""	""Diltiazem""",
"""23683""",UNKNOWN,true,"0	""MINOXIDIL LIQUID""	""Minoxidil""	NA	NA	NA	""Unknown""	""Minoxidil""",
"""4332""",UNKNOWN,true,"136471	""Metolazone 5mg tablets""	""Metolazone""	""5mg""	""Oral tablet""	""Oral""	""Thiazides And Related Diuretics""	""Metolazone""",
"""67307""",UNKNOWN,true,"581	""Staril 20mg tablets (Dowelhurst Ltd)""	""Fosinopril""	""20mg""	""Oral tablet""	""Oral""	""Angiotensin-Converting Enzyme Inhibitors (ACE Inhibitors)""	""Fosinopril""",
"""7740""",UNKNOWN,true,"918	""Triamterene 50mg / Benzthiazide 25mg capsules""	""Triamterene""	""25mg + 50mg""	""Oral capsule""	""Oral""	""Unknown""	""Triamterene""",
"""79361""",UNKNOWN,true,"9	""Lisinopril 2.5mg Tablet (Niche Generics Ltd)""	""Lisinopril""	""2.5mg""	""Oral tablet""	""Oral""	""Angiotensin-Converting Enzyme Inhibitors (ACE Inhibitors)""	""Lisinopril""",
"""54283""",UNKNOWN,true,"1	""Lisinopril 5mg/5ml oral suspension (Special Order)""	""Lisinopril""	""1mg/1ml""	""Oral suspension""	""Oral""	""Angiotensin-Converting Enzyme Inhibitors (ACE Inhibitors)""	""Lisinopril""",
"""3005""",UNKNOWN,true,"365189	""Inderal LA 160mg capsules (AstraZeneca UK Ltd)""	""Propranolol""	""160mg""	""Modified-release capsule""	""Oral""	""Beta-Adrenoceptor Blockers/Prophylaxis Of Migraine/Drugs For Essential Tremor, Chorea, Tics, And Related Disorders/Antithyroid Products""	""Propranolol""",
"""62958""",UNKNOWN,true,"225	""Ramipril 5mg tablets (Teva UK Ltd)""	""Ramipril""	""5mg""	""Oral tablet""	""Oral""	""Angiotensin-Converting Enzyme Inhibitors (ACE Inhibitors)""	""Ramipril""",
"""21245""",UNKNOWN,true,"370	""Nifedipress mr 10mg Modified-release tablet (Actavis UK Ltd)""	""Nifedipine""	""10mg""	""Modified-release tablet""	""Oral""	""Calcium-Channel Blockers""	""Nifedipine""",
"""15135""",UNKNOWN,true,"170	""Hydrochlorothiazide with captopril 12.5mg with 25mg Tablet""	""Captopril/Hydrochlorothiazide""	""12.5mg + 25mg""	""Tablet""	""Oral""	""Thiazides And Related Diuretics/Angiotensin-Converting Enzyme Inhibitors (ACE Inhibitors)""	""Captopril/Hydrochlorothiazide""",
"""86208""",UNKNOWN,true,"20	""Hylaton 50mg tablets (Morningside Healthcare Ltd)""	""Chlortalidone""	""50mg""	""Oral tablet""	""Oral""	""Thiazides And Related Diuretics""	""Chlortalidone""",
"""57933""",UNKNOWN,true,"6	""Spironolactone 40mg/5ml oral suspension""	""Spironolactone""	""8mg/1ml""	""Oral suspension""	""Oral""	""Potassium-Sparing Diuretics And Aldosterone Antagonists""	""Spironolactone""",
"""57104""",UNKNOWN,true,"3	""Spironolactone 200mg/5ml oral suspension""	""Spironolactone""	""40mg/1ml""	""Oral suspension""	""Oral""	""Potassium-Sparing Diuretics And Aldosterone Antagonists""	""Spironolactone""",
"""44254""",UNKNOWN,true,"9	""Amiloride 5.67mg tablets""	""Amiloride""	""5.67mg""	""Tablets""	""Oral""	""Potassium-Sparing Diuretics And Aldosterone Antagonists""	""Amiloride""",
"""71026""",UNKNOWN,true,"0	""Atenolol 100mg tablets (Almus Pharmaceuticals Ltd)""	""Atenolol""	""100mg""	""Oral tablet""	""Oral""	""Beta-Adrenoceptor Blockers""	""Atenolol""",
"""25289""",UNKNOWN,true,"372	""Dopamet 500mg Tablet (Berk Pharmaceuticals Ltd)""	""Methyldopa""	""500mg""	""Oral tablet""	""Oral""	""Centrally Acting Antihypertensive Products""	""Methyldopa""",
"""70325""",UNKNOWN,true,"0	""Losartan 50mg tablets (Almus Pharmaceuticals Ltd)""	""Losartan""	""50mg""	""Oral tablet""	""Oral""	""Angiotensin-II Receptor Antagonists""	""Losartan""",
"""90582""",UNKNOWN,true,"0	""Micardis 20mg tablets (Sigma Pharmaceuticals Plc)""	""Telmisartan""	""20mg""	""Oral tablet""	""Oral""	""Angiotensin-II Receptor Antagonists""	""Telmisartan""",
"""83831""",UNKNOWN,true,"0	""Co-amilozide 5mg/50mg tablets (RX Farma)""	""Hydrochlorothiazide/Amiloride""	""50mg + 5mg""	""Oral tablet""	""Oral""	""Potassium-Sparing Diuretics With Other Diuretics""	""Hydrochlorothiazide/Amiloride""",
"""14877""",UNKNOWN,true,"9511	""Nyogel 0.1% eye gel (Alcon Eye Care UK Ltd)""	""Timolol""	""1mg/1ml""	""Eye drops""	""Ocular""	""Beta-Blockers (In Glaucoma)""	""Timolol""",
"""14738""",UNKNOWN,true,"2577	""Hydrochlorothiazide with losartan 12.5mg with 50mg Tablet""	""Hydrochlorothiazide/Losartan""	""12.5mg + 50mg""	""Tablet""	""Oral""	""Thiazides And Related Diuretics/Angiotensin-II Receptor Antagonists""	""Hydrochlorothiazide/Losartan""",
"""32658""",UNKNOWN,true,"17	""Dilcardia xl 120mg Modified-release capsule (Generics (UK) Ltd)""	""Diltiazem""	""120mg""	""Modified-Release Capsule""	""Oral""	""Calcium-Channel Blockers""	""Diltiazem""",
"""10627""",UNKNOWN,true,"26651	""Co-Betaloc tablets (Pfizer Ltd)""	""Hydrochlorothiazide/Metoprolol""	""12.5mg + 100mg""	""Oral tablet""	""Oral""	""Unknown""	""Hydrochlorothiazide/Metoprolol""",
"""22454""",UNKNOWN,true,"1	""Demser 250mg Capsule (Merck Sharp & Dohme Ltd)""	""Metirosine""	""250mg""	""Capsule""	""Oral""	""Alpha-Adrenoceptor Blockers""	""Metirosine""",
"""12456""",UNKNOWN,true,"14190	""Sotazide Tablet (Bristol-Myers Squibb Pharmaceuticals Ltd)""	""Hydrochlorothiazide""	NA	""Tablet""	""Oral""	""Beta-Adrenoceptor Blockers""	""Hydrochlorothiazide""",
"""9750""",UNKNOWN,true,"79943	""Nifedipine 60mg modified-release capsules""	""Nifedipine""	""60mg""	""Modified-release capsule""	""Oral""	""Calcium-Channel Blockers""	""Nifedipine""",
"""59098""",UNKNOWN,true,"0	""Dilzem XL 180 capsules (Lexon (UK) Ltd)""	""Diltiazem""	""180mg""	""Modified-release capsule""	""Oral""	""Calcium-Channel Blockers""	""Diltiazem""",
"""86517""",UNKNOWN,true,"13	""Hydrochlorothiazide 25mg/5ml oral suspension""	""Hydrochlorothiazide""	""5mg/1ml""	""Oral suspension""	""Oral""	""Thiazides And Related Diuretics""	""Hydrochlorothiazide""",
"""68828""",UNKNOWN,true,"0	""Felodipine 5mg modified-release tablets (DE Pharmaceuticals)""	""Felodipine""	""5mg""	""Modified-release tablet""	""Oral""	""Calcium-Channel Blockers""	""Felodipine""",
"""3701""",UNKNOWN,true,"15232	""Amiloride 2.5mg / hydrochlorothiazide 25mg tablets""	""Hydrochlorothiazide/Amiloride""	""2.5mg+25mg""	""Tablets""	""Oral""	""Thiazides And Related Diuretics/Potassium-Sparing Diuretics With Other Diuretics""	""Hydrochlorothiazide/Amiloride""",
"""45328""",UNKNOWN,true,"1	""Doxazosin 1mg tablets (Sandoz Ltd)""	""Doxazosin""	""1mg""	""Oral tablet""	""Oral""	""Alpha-Adrenoceptor Blockers/Drugs For Genito-Urinary Disorders""	""Doxazosin""",
"""63938""",UNKNOWN,true,"0	""Moxonidine 300microgram tablets (Sandoz Ltd)""	""Moxonidine""	""300microgram""	""Oral tablet""	""Oral""	""Centrally Acting Antihypertensive Products""	""Moxonidine""",
"""14477""",UNKNOWN,true,"22823	""Accupro 10mg tablets (Pfizer Ltd)""	""Quinapril""	""10mg""	""Oral tablet""	""Oral""	""Angiotensin-Converting Enzyme Inhibitors (ACE Inhibitors)""	""Quinapril""",
"""51519""",UNKNOWN,true,"2	""Candesartan 8mg tablets (A A H Pharmaceuticals Ltd)""	""Candesartan""	""8mg""	""Oral tablet""	""Oral""	""Angiotensin-II Receptor Antagonists""	""Candesartan""",
"""66060""",UNKNOWN,true,"0	""Perindopril erbumine 2mg tablets (DE Pharmaceuticals)""	""Perindopril""	""2mg""	""Oral tablet""	""Oral""	""Angiotensin-Converting Enzyme Inhibitors (ACE Inhibitors)""	""Perindopril""",
"""61116""",UNKNOWN,true,"57	""Hydralazine 50mg/5ml oral suspension""	""Hydralazine""	""10mg/1ml""	""Oral suspension""	""Oral""	""Vasodilator Antihypertensive Products""	""Hydralazine""",
"""31235""",UNKNOWN,true,"9	""CHLOROTHIAZIDE SACHETS 60 MG""	""Chlorothiazide""	NA	""Granules""	""Oral""	""Unknown""	""Chlorothiazide""",
"""31708""",UNKNOWN,true,"107	""Co-tenidone 50mg/12.5mg tablets (Actavis UK Ltd)""	""Chlortalidone/Atenolol""	""12.5mg + 50mg""	""Oral tablet""	""Oral""	""Thiazides And Related Diuretics/Beta-Adrenoceptor Blockers""	""Chlortalidone/Atenolol""",
"""59788""",UNKNOWN,true,"10	""Ramipril 10mg capsules (Bristol Laboratories Ltd)""	""Ramipril""	""10mg""	""Oral capsule""	""Oral""	""Angiotensin-Converting Enzyme Inhibitors (ACE Inhibitors)""	""Ramipril""",
"""66205""",UNKNOWN,true,"53419	""Entresto 49mg/51mg tablets (Novartis Pharmaceuticals UK Ltd)""	""Valsartan""	""49mg + 51mg""	""Oral tablet""	""Oral""	""Angiotensin-II Receptor Antagonists/Other Antihypertensives""	""Valsartan""",
"""13240""",UNKNOWN,true,"76183	""Dilzem XL 120 capsules (Teva UK Ltd)""	""Diltiazem""	""120mg""	""Modified-release capsule""	""Oral""	""Calcium-Channel Blockers""	""Diltiazem""",
"""90008""",UNKNOWN,true,"0	""Lisinopril 2.5mg tablets (Brown & Burk UK Ltd)""	""Lisinopril""	""2.5mg""	""Oral tablet""	""Oral""	""Angiotensin-Converting Enzyme Inhibitors (ACE Inhibitors)""	""Lisinopril""",
"""62700""",UNKNOWN,true,"0	""Co-amilozide 5mg/50mg tablets (Phoenix Healthcare Distribution Ltd)""	""Hydrochlorothiazide/Amiloride""	""50mg + 5mg""	""Oral tablet""	""Oral""	""Potassium-Sparing Diuretics With Other Diuretics""	""Hydrochlorothiazide/Amiloride""",
"""34367""",UNKNOWN,true,"211	""Co-amilozide 2.5mg/25mg tablets (Wockhardt UK Ltd)""	""Hydrochlorothiazide/Amiloride""	""25mg + 2.5mg""	""Oral tablet""	""Oral""	""Potassium-Sparing Diuretics With Other Diuretics""	""Hydrochlorothiazide/Amiloride""",
"""56334""",UNKNOWN,true,"16	""Amlodipine 10mg tablets (Bristol Laboratories Ltd)""	""Amlodipine""	""10mg""	""Oral tablet""	""Oral""	""Calcium-Channel Blockers""	""Amlodipine""",
"""18361""",UNKNOWN,true,"12254	""Amilmaxco 5mg/50mg tablets (Ashbourne Pharmaceuticals Ltd)""	""Hydrochlorothiazide/Amiloride""	""50mg + 5mg""	""Oral tablet""	""Oral""	""Potassium-Sparing Diuretics With Other Diuretics""	""Hydrochlorothiazide/Amiloride""",
"""56758""",UNKNOWN,true,"1	""Diltiazem 90mg modified-release capsules (Cubic Pharmaceuticals Ltd)""	""Diltiazem""	""90mg""	""Modified-release capsule""	""Oral""	""Calcium-Channel Blockers""	""Diltiazem""",
"""14283""",UNKNOWN,true,"28663	""Valsartan 160mg / Hydrochlorothiazide 25mg tablets""	""Hydrochlorothiazide/Valsartan""	""160mg + 25mg""	""Oral tablet""	""Oral""	""Angiotensin-II Receptor Antagonists With Diuretic""	""Hydrochlorothiazide/Valsartan""",
"""6468""",UNKNOWN,true,"444430	""Lisinopril 20mg / Hydrochlorothiazide 12.5mg tablets""	""Hydrochlorothiazide/Lisinopril""	""20mg + 12.5mg""	""Oral tablet""	""Oral""	""Thiazides And Related Diuretics/Angiotensin-Converting Enzyme Inhibitors (ACE Inhibitors)""	""Hydrochlorothiazide/Lisinopril""",
"""14442""",UNKNOWN,true,"187	""Esbatal 50mg Tablet (Wellcome Medical Division)""	""Betanidine""	""50mg""	""Tablet""	""Oral""	""Adrenergic Neurone Blockers""	""Betanidine""",
"""8987""",UNKNOWN,true,"3392	""Propranolol 160mg modified-release / Bendroflumethiazide 5mg capsules""	""Bendroflumethiazide/Propranolol""	""160mg + 5mg""	""Modified-release capsule""	""Oral""	""Unknown""	""Bendroflumethiazide/Propranolol""",
"""54340""",UNKNOWN,true,"2	""Diazoxide 10mg/5ml oral solution""	""Diazoxide""	""2mg/1ml""	""Oral solution""	""Oral""	""Treatment Of Hypoglycaemia""	""Diazoxide""",
"""1144""",UNKNOWN,true,"143561	""Capoten 25mg tablets (Bristol-Myers Squibb Pharmaceuticals Ltd)""	""Captopril""	""25mg""	""Oral tablet""	""Oral""	""Angiotensin-Converting Enzyme Inhibitors (ACE Inhibitors)""	""Captopril""",
"""55228""",UNKNOWN,true,"42	""Propranolol 40mg tablets (Boston Healthcare Ltd)""	""Propranolol""	""40mg""	""Oral tablet""	""Oral""	""Beta-Adrenoceptor Blockers/Prophylaxis Of Migraine/Drugs For Essential Tremor, Chorea, Tics, And Related Disorders/Antithyroid Products""	""Propranolol""",
"""67719""",UNKNOWN,true,"0	""Ramipril 5mg capsules (Mawdsley-Brooks & Company Ltd)""	""Ramipril""	""5mg""	""Oral capsule""	""Oral""	""Angiotensin-Converting Enzyme Inhibitors (ACE Inhibitors)""	""Ramipril""",
"""1684""",UNKNOWN,true,"89414	""Beta-Adalat modified-release capsules (Bayer Plc)""	""Nifedipine/Atenolol""	""50mg + 20mg""	""Modified-release capsule""	""Oral""	""Beta-Adrenoceptor Blockers/Calcium-Channel Blockers""	""Nifedipine/Atenolol""",
"""83312""",UNKNOWN,true,"4	""Plendil 10mg modified-release tablets (Dowelhurst Ltd)""	""Felodipine""	""10mg""	""Modified-release tablet""	""Oral""	""Calcium-Channel Blockers""	""Felodipine""",
"""67913""",UNKNOWN,true,"0	""Spironolactone 50mg tablets (Kent Pharma (UK) Ltd)""	""Spironolactone""	""50mg""	""Oral tablet""	""Oral""	""Potassium-Sparing Diuretics And Aldosterone Antagonists""	""Spironolactone""",
"""51701""",UNKNOWN,true,"22	""Ramipril 5mg capsules (Bristol Laboratories Ltd)""	""Ramipril""	""5mg""	""Oral capsule""	""Oral""	""Angiotensin-Converting Enzyme Inhibitors (ACE Inhibitors)""	""Ramipril""",
"""31737""",UNKNOWN,true,"9	""Zildil SR 120mg capsules (Healthcare Pharma Ltd)""	""Diltiazem""	""120mg""	""Modified-release capsule""	""Oral""	""Calcium-Channel Blockers""	""Diltiazem""",
"""45040""",UNKNOWN,true,"179	""Larbex XL 4mg tablets (Teva UK Ltd)""	""Doxazosin""	""4mg""	""Modified-release tablet""	""Oral""	""Alpha-Adrenoceptor Blockers/Alpha-Blockers (In Urinary Retention)""	""Doxazosin""",
"""71601""",UNKNOWN,true,"21	""Nifedipine 2.5mg/5ml oral suspension""	""Nifedipine""	""500microgram/1ml""	""Oral suspension""	""Oral""	""Calcium-Channel Blockers""	""Nifedipine""",
"""66464""",UNKNOWN,true,"2	""Nadolol 40mg/5ml oral solution""	""Nadolol""	""8mg/1ml""	""Oral solution""	""Oral""	""Beta-Adrenoceptor Blockers""	""Nadolol""",
"""53612""",UNKNOWN,true,"0	""Ramipril 10mg tablets (Alliance Healthcare (Distribution) Ltd)""	""Ramipril""	""10mg""	""Oral tablet""	""Oral""	""Angiotensin-Converting Enzyme Inhibitors (ACE Inhibitors)""	""Ramipril""",
"""77649""",UNKNOWN,true,"446	""Half Inderal LA 80mg capsules (DE Pharmaceuticals)""	""Propranolol""	""80mg""	""Modified-release capsule""	""Oral""	""Beta-Adrenoceptor Blockers/Prophylaxis Of Migraine/Drugs For Essential Tremor, Chorea, Tics, And Related Disorders/Antithyroid Products""	""Propranolol""",
"""39355""",UNKNOWN,true,"201	""Tritace 10mg Tablet (Sterwin Medicines)""	""Ramipril""	""10mg""	""Oral tablet""	""Oral""	""Angiotensin-Converting Enzyme Inhibitors (ACE Inhibitors)""	""Ramipril""",
"""34153""",UNKNOWN,true,"428	""Timolol 0.25% eye drops (Viatris UK Healthcare Ltd)""	""Timolol""	""2.5mg/1ml""	""Eye drops""	""Ocular""	""Beta-Blockers (In Glaucoma)""	""Timolol""",
"""7626""",UNKNOWN,true,"141661	""Aldomet 250mg Tablet (Merck Sharp & Dohme Ltd)""	""Methyldopa""	""250mg""	""Oral tablet""	""Oral""	""Centrally Acting Antihypertensive Products""	""Methyldopa""",
"""77362""",UNKNOWN,true,"132	""Cardura 2mg tablets (Sigma Pharmaceuticals Plc)""	""Doxazosin""	""2mg""	""Oral tablet""	""Oral""	""Alpha-Adrenoceptor Blockers/Alpha-Blockers (In Urinary Retention)""	""Doxazosin""",
"""2280""",UNKNOWN,true,"801564	""Adalat retard 10mg tablets (Bayer Plc)""	""Nifedipine""	""10mg""	""Modified-release tablet""	""Oral""	""Calcium-Channel Blockers""	""Nifedipine""",
"""74915""",UNKNOWN,true,"0	""Diltiazem 120mg modified-release capsules (DE Pharmaceuticals)""	""Diltiazem""	""120mg""	""Modified-release capsule""	""Oral""	""Calcium-Channel Blockers""	""Diltiazem""",
"""34185""",UNKNOWN,true,"807	""Propranolol LA 80mg Modified-release capsule (Approved Prescription Services Ltd)""	""Propranolol""	""80mg""	""Modified-release capsule""	""Oral""	""Beta-Adrenoceptor Blockers/Prophylaxis Of Migraine""	""Propranolol""",
"""58077""",UNKNOWN,true,"12	""Spironolactone 8mg/5ml oral suspension""	""Spironolactone""	""1.6mg/1ml""	""Oral suspension""	""Oral""	""Potassium-Sparing Diuretics And Aldosterone Antagonists""	""Spironolactone""",
"""6939""",UNKNOWN,true,"114340	""Eprosartan 300mg tablets""	""Eprosartan""	""300mg""	""Oral tablet""	""Oral""	""Angiotensin-II Receptor Antagonists""	""Eprosartan""",
"""45228""",UNKNOWN,true,"90	""Captopril capsules""	""Captopril""	NA	""Capsules""	""Oral""	""Angiotensin-Converting Enzyme Inhibitors (ACE Inhibitors)""	""Captopril""",
"""64424""",UNKNOWN,true,"0	""Lercanidipine 20mg tablets (Zentiva Pharma UK Ltd)""	""Lercanidipine""	""20mg""	""Oral tablet""	""Oral""	""Calcium-Channel Blockers""	""Lercanidipine""",
"""35317""",UNKNOWN,true,"4723	""Exforge 5mg/80mg tablets (Novartis Pharmaceuticals UK Ltd)""	""Amlodipine/Valsartan""	""80mg + 5mg""	""Oral tablet""	""Oral""	""Angiotensin-II Receptor Antagonists/Calcium-Channel Blockers""	""Amlodipine/Valsartan""",
"""34324""",UNKNOWN,true,"556	""Amiloride 5mg tablets (Teva UK Ltd)""	""Amiloride""	""5mg""	""Oral tablet""	""Oral""	""Potassium-Sparing Diuretics And Aldosterone Antagonists""	""Amiloride""",
"""38818""",UNKNOWN,true,"133645	""Adizem-SR 120mg capsules (Napp Pharmaceuticals Ltd)""	""Diltiazem""	""120mg""	""Modified-release capsule""	""Oral""	""Calcium-Channel Blockers""	""Diltiazem""",
"""77364""",UNKNOWN,true,"87	""Capoten 25mg tablets (Stephar (U.K.) Ltd)""	""Captopril""	""25mg""	""Oral tablet""	""Oral""	""Angiotensin-Converting Enzyme Inhibitors (ACE Inhibitors)""	""Captopril""",
"""2746""",UNKNOWN,true,"210687	""Coracten SR 10mg capsules (Teofarma S.r.l.)""	""Nifedipine""	""10mg""	""Modified-release capsule""	""Oral""	""Calcium-Channel Blockers""	""Nifedipine""",
"""60699""",UNKNOWN,true,"1	""Lacidipine 2mg tablets (Sigma Pharmaceuticals Plc)""	""Lacidipine""	""2mg""	""Oral tablet""	""Oral""	""Calcium-Channel Blockers""	""Lacidipine""",
"""10323""",UNKNOWN,true,"114683	""Losartan 100mg / Hydrochlorothiazide 25mg tablets""	""Hydrochlorothiazide/Losartan""	""100mg + 25mg""	""Oral tablet""	""Oral""	""Angiotensin-II Receptor Antagonists With Diuretic""	""Hydrochlorothiazide/Losartan""",
"""22634""",UNKNOWN,true,"32	""PROPRANOLOL 10 MG SUS""	""Propranolol""	NA	NA	NA	""Unknown""	""Propranolol""",
"""75069""",UNKNOWN,true,"0	""Co-amilozide 2.5mg/25mg tablets (Mawdsley-Brooks & Company Ltd)""	""Hydrochlorothiazide/Amiloride""	""25mg + 2.5mg""	""Oral tablet""	""Oral""	""Potassium-Sparing Diuretics With Other Diuretics""	""Hydrochlorothiazide/Amiloride""",
"""51897""",UNKNOWN,true,"22	""Edarbi 20mg tablets (Takeda UK Ltd)""	""Azilsartan""	""20mg""	""Oral tablet""	""Oral""	""Angiotensin-II Receptor Antagonists""	""Azilsartan""",
"""79347""",UNKNOWN,true,"679	""Atenolol 50mg Tablet (Celltech Pharma Europe Ltd)""	""Atenolol""	""50mg""	""Oral tablet""	""Oral""	""Beta-Adrenoceptor Blockers""	""Atenolol""",
"""73413""",UNKNOWN,true,"38	""Pindolol 5mg tablets (A A H Pharmaceuticals Ltd)""	""Pindolol""	""5mg""	""Oral tablet""	""Oral""	""Beta-Adrenoceptor Blockers""	""Pindolol""",
"""61117""",UNKNOWN,true,"93	""Perindopril erbumine 4mg/5ml oral solution""	""Perindopril""	""800microgram/1ml""	""Oral solution""	""Oral""	""Angiotensin-Converting Enzyme Inhibitors (ACE Inhibitors)""	""Perindopril""",
"""46887""",UNKNOWN,true,"377	""Adanif XL 60mg tablets (Advanz Pharma)""	""Nifedipine""	""60mg""	""Modified-release tablet""	""Oral""	""Calcium-Channel Blockers""	""Nifedipine""",
"""34602""",UNKNOWN,true,"2	""Bendroflumethiazide 2.5mg tablets (Sovereign Medical Ltd)""	""Bendroflumethiazide""	""2.5mg""	""Oral tablet""	""Oral""	""Thiazides And Related Diuretics/Hypercalcaemia And Hypercalciuria""	""Bendroflumethiazide""",
"""23761""",UNKNOWN,true,"772	""Methyldopa 250mg/5ml oral suspension""	""Methyldopa""	""50mg/1ml""	""Oral suspension""	""Oral""	""Centrally Acting Antihypertensive Products""	""Methyldopa""",
"""74008""",UNKNOWN,true,"1207	""Zestoretic 20 tablets (Waymade Healthcare Plc)""	""Hydrochlorothiazide/Lisinopril""	""20mg + 12.5mg""	""Oral tablet""	""Oral""	""Thiazides And Related Diuretics/Angiotensin-Converting Enzyme Inhibitors (ACE Inhibitors)""	""Hydrochlorothiazide/Lisinopril""",
"""21162""",UNKNOWN,true,"1695	""Felodipine 2.5mg modified-release / Ramipril 2.5mg tablets""	""Felodipine/Ramipril""	""2.5mg + 2.5mg""	""Modified-release tablet""	""Oral""	""Angiotensin-Converting Enzyme Inhibitors (ACE Inhibitors)/Calcium-Channel Blockers""	""Felodipine/Ramipril""",
"""81924""",UNKNOWN,true,"0	""Amlodipine 2.5mg tablets (Bristol Laboratories Ltd)""	""Amlodipine""	""2.5mg""	""Oral tablet""	""Oral""	""Calcium-Channel Blockers""	""Amlodipine""",
"""43512""",UNKNOWN,true,"210	""Felodipine 5mg modified-release tablets (A A H Pharmaceuticals Ltd)""	""Felodipine""	""5mg""	""Modified-release tablet""	""Oral""	""Calcium-Channel Blockers""	""Felodipine""",
"""34899""",UNKNOWN,true,"614	""Co-tenidone 100mg/25mg tablets (A A H Pharmaceuticals Ltd)""	""Chlortalidone/Atenolol""	""100mg + 25mg""	""Oral tablet""	""Oral""	""Thiazides And Related Diuretics/Beta-Adrenoceptor Blockers""	""Chlortalidone/Atenolol""",
"""60415""",UNKNOWN,true,"0	""Dilzem XL 180 capsules (Sigma Pharmaceuticals Plc)""	""Diltiazem""	""180mg""	""Modified-release capsule""	""Oral""	""Calcium-Channel Blockers""	""Diltiazem""",
"""78943""",UNKNOWN,true,"0	""Clonidine 50micrograms/5ml oral solution sugar free (A A H Pharmaceuticals Ltd)""	""Clonidine""	""10microgram/1ml""	""Oral solution""	""Oral""	""Prophylaxis Of Migraine/Oestrogens And HRT""	""Clonidine""",
"""17342""",UNKNOWN,true,"57	""Nivaten retard 10mg Modified-release tablet (Actavis UK Ltd)""	""Nifedipine""	""10mg""	""Modified-release tablet""	""Oral""	""Calcium-Channel Blockers""	""Nifedipine""",
"""61442""",UNKNOWN,true,"0	""Valsartan 160mg capsules (Teva UK Ltd)""	""Valsartan""	""160mg""	""Oral capsule""	""Oral""	""Angiotensin-II Receptor Antagonists""	""Valsartan""",
"""62337""",UNKNOWN,true,"11	""Irbesartan 300mg / Hydrochlorothiazide 12.5mg tablets (Accord-UK Ltd)""	""Hydrochlorothiazide/Irbesartan""	""300mg + 12.5mg""	""Oral tablet""	""Oral""	""Thiazides And Related Diuretics/Angiotensin-II Receptor Antagonists With Diuretic""	""Hydrochlorothiazide/Irbesartan""",
"""36629""",UNKNOWN,true,"27825	""Aliskiren 150mg tablets""	""Aliskiren""	""150mg""	""Oral tablet""	""Oral""	""Renin Inhibitors""	""Aliskiren""",
"""47530""",UNKNOWN,true,"6	""Horizem SR 60mg capsules (Horizon lifecare)""	""Diltiazem""	""60mg""	""Modified-release capsule""	""Oral""	""Calcium-Channel Blockers""	""Diltiazem""",
"""59690""",UNKNOWN,true,"0	""Candesartan 8mg tablets (Krka UK Ltd)""	""Candesartan""	""8mg""	""Oral tablet""	""Oral""	""Angiotensin-II Receptor Antagonists""	""Candesartan""",
"""78887""",UNKNOWN,true,"0	""Enalapril 20mg / Hydrochlorothiazide 12.5mg tablets (A A H Pharmaceuticals Ltd)""	""Enalapril/Hydrochlorothiazide""	""20mg + 12.5mg""	""Oral tablet""	""Oral""	""Thiazides And Related Diuretics/Angiotensin-Converting Enzyme Inhibitors (ACE Inhibitors)""	""Enalapril/Hydrochlorothiazide""",
"""5723""",UNKNOWN,true,"107691	""Cozaar 50mg tablets (Organon Pharma (UK) Ltd)""	""Losartan""	""50mg""	""Oral tablet""	""Oral""	""Angiotensin-II Receptor Antagonists""	""Losartan""",
"""71969""",UNKNOWN,true,"0	""Diltiazem 300mg modified-release capsules (Sigma Pharmaceuticals Plc)""	""Diltiazem""	""300mg""	""Modified-release capsule""	""Oral""	""Calcium-Channel Blockers""	""Diltiazem""",
"""81627""",UNKNOWN,true,"3	""Diltiazem 120mg modified-release capsules (Ennogen Healthcare Ltd)""	""Diltiazem""	""120mg""	""Modified-release capsule""	""Oral""	""Calcium-Channel Blockers""	""Diltiazem""",
"""34407""",UNKNOWN,true,"1706	""Metoprolol 50mg tablets (Teva UK Ltd)""	""Metoprolol""	""50mg""	""Oral tablet""	""Oral""	""Beta-Adrenoceptor Blockers/Prophylaxis Of Migraine""	""Metoprolol""",
"""7922""",UNKNOWN,true,"4587	""Ismelin 10mg Tablet (Sovereign Medical Ltd)""	""Guanethidine""	""10mg""	""Tablet""	""Oral""	""Adrenergic Neurone Blockers""	""Guanethidine""",
"""40668""",UNKNOWN,true,"2262	""Olmesartan medoxomil 40mg / Amlodipine 10mg tablets""	""Amlodipine/Olmesartan""	""10mg + 40mg""	""Oral tablet""	""Oral""	""Angiotensin-II Receptor Antagonists/Calcium-Channel Blockers""	""Amlodipine/Olmesartan""",
"""85607""",UNKNOWN,true,"0	""Terazosin 1mg tablets""	""Terazosin""	""1mg""	""Oral tablet""	""Oral""	""Unknown""	""Terazosin""",
"""51461""",UNKNOWN,true,"419	""Securon SR 240mg tablets (Waymade Healthcare Plc)""	""Verapamil""	""240mg""	""Modified-release tablet""	""Oral""	""Calcium-Channel Blockers""	""Verapamil""",
"""10832""",UNKNOWN,true,"3172	""Securon 80mg Tablet (Abbott Laboratories Ltd)""	""Verapamil""	""80mg""	""Oral tablet""	""Oral""	""Supraventricular Arrhythmias/Calcium-Channel Blockers""	""Verapamil""",
"""74037""",UNKNOWN,true,"74	""Hytrin 5mg tablets (Waymade Healthcare Plc)""	""Terazosin""	""5mg""	""Oral tablet""	""Oral""	""Alpha-Adrenoceptor Blockers/Alpha-Blockers (In Urinary Retention)""	""Terazosin""",
"""66701""",UNKNOWN,true,"0	""Diltiazem 240mg modified-release capsules (DE Pharmaceuticals)""	""Diltiazem""	""240mg""	""Modified-release capsule""	""Oral""	""Calcium-Channel Blockers""	""Diltiazem""",
"""46355""",UNKNOWN,true,"824	""Sevikar HCT 20mg/5mg/12.5mg tablets (Daiichi Sankyo UK Ltd)""	""Amlodipine/Hydrochlorothiazide/Olmesartan""	""20mg + 12.5mg + 5mg""	""Oral tablet""	""Oral""	""Angiotensin-II Receptor Antagonists""	""Amlodipine/Hydrochlorothiazide/Olmesartan""",
"""46851""",UNKNOWN,true,"372	""Captopril 5mg/5ml oral solution""	""Captopril""	""1mg/1ml""	""Oral solution""	""Oral""	""Angiotensin-Converting Enzyme Inhibitors (ACE Inhibitors)""	""Captopril""",
"""16156""",UNKNOWN,true,"337068	""Bimatoprost 300micrograms/ml / Timolol 5mg/ml eye drops""	""Timolol""	""300microgram/1ml + 5mg/1ml""	""Eye drops""	""Ocular""	""Prostaglandin Analogues (In Glaucoma)""	""Timolol""",
"""34092""",UNKNOWN,true,"391	""Metoprolol 100mg tablets (Teva UK Ltd)""	""Metoprolol""	""100mg""	""Oral tablet""	""Oral""	""Beta-Adrenoceptor Blockers/Prophylaxis Of Migraine""	""Metoprolol""",
"""81374""",UNKNOWN,true,"2	""Angilol 40mg tablets (Genesis Pharmaceuticals Ltd)""	""Propranolol""	""40mg""	""Oral tablet""	""Oral""	""Beta-Adrenoceptor Blockers/Prophylaxis Of Migraine/Drugs For Essential Tremor, Chorea, Tics, And Related Disorders/Antithyroid Products""	""Propranolol""",
"""38899""",UNKNOWN,true,"14	""Quinil 10mg tablets (Tillomed Laboratories Ltd)""	""Quinapril""	""10mg""	""Oral tablet""	""Oral""	""Angiotensin-Converting Enzyme Inhibitors (ACE Inhibitors)""	""Quinapril""",
"""12495""",UNKNOWN,true,"2935	""Berkolol 10mg Tablet (Berk Pharmaceuticals Ltd)""	""Propranolol""	""10mg""	""Oral tablet""	""Oral""	""Supraventricular Arrhythmias/Beta-Adrenoceptor Blockers""	""Propranolol""",
"""33658""",UNKNOWN,true,"476	""Co-amilofruse 5mg/40mg tablets (A A H Pharmaceuticals Ltd)""	""Amiloride""	""5mg + 40mg""	""Oral tablet""	""Oral""	""Potassium-Sparing Diuretics With Other Diuretics""	""Amiloride""",
"""29561""",UNKNOWN,true,"390	""Bosentan 125mg tablets""	""Bosentan""	""125mg""	""Oral tablet""	""Oral""	""Vasodilator Antihypertensive Products""	""Bosentan""",
"""66065""",UNKNOWN,true,"0	""Doxazosin 2mg tablets (Kent Pharma (UK) Ltd)""	""Doxazosin""	""2mg""	""Oral tablet""	""Oral""	""Alpha-Adrenoceptor Blockers/Alpha-Blockers (In Urinary Retention)""	""Doxazosin""",
"""21145""",UNKNOWN,true,"4411	""Dilcardia SR 60mg capsules (Viatris UK Healthcare Ltd)""	""Diltiazem""	""60mg""	""Modified-release capsule""	""Oral""	""Calcium-Channel Blockers""	""Diltiazem""",
"""67292""",UNKNOWN,true,"117	""Celectol 200mg tablets (Sigma Pharmaceuticals Plc)""	""Celiprolol""	""200mg""	""Oral tablet""	""Oral""	""Beta-Adrenoceptor Blockers""	""Celiprolol""",
"""56067""",UNKNOWN,true,"5	""Spironolactone 4mg/5ml oral solution""	""Spironolactone""	""800microgram/1ml""	""Oral solution""	""Oral""	""Potassium-Sparing Diuretics And Aldosterone Antagonists""	""Spironolactone""",
"""80208""",UNKNOWN,true,"0	""Coversyl Arginine 10mg tablets (DE Pharmaceuticals)""	""Perindopril""	""10mg""	""Oral tablet""	""Oral""	""Angiotensin-Converting Enzyme Inhibitors (ACE Inhibitors)""	""Perindopril""",
"""53868""",UNKNOWN,true,"3	""Amlodipine 5mg tablets (Actavis UK Ltd)""	""Amlodipine""	""5mg""	""Oral tablet""	""Oral""	""Calcium-Channel Blockers""	""Amlodipine""",
"""70990""",UNKNOWN,true,"0	""Lacidipine 2mg tablets (A A H Pharmaceuticals Ltd)""	""Lacidipine""	""2mg""	""Oral tablet""	""Oral""	""Calcium-Channel Blockers""	""Lacidipine""",
"""1060""",UNKNOWN,true,"977848	""Amiloride 5mg tablets""	""Amiloride""	""5mg""	""Oral tablet""	""Oral""	""Potassium-Sparing Diuretics And Aldosterone Antagonists""	""Amiloride""",
"""31307""",UNKNOWN,true,"5	""Odrik 500microgram capsules (Aventis Pharma)""	""Trandolapril""	""500microgram""	""Oral capsule""	""Oral""	""Angiotensin-Converting Enzyme Inhibitors (ACE Inhibitors)""	""Trandolapril""",
"""6877""",UNKNOWN,true,"11391	""Co-Diovan 160mg/12.5mg tablets (Novartis Pharmaceuticals UK Ltd)""	""Hydrochlorothiazide/Valsartan""	""160mg + 12.5mg""	""Oral tablet""	""Oral""	""Angiotensin-II Receptor Antagonists With Diuretic""	""Hydrochlorothiazide/Valsartan""",
"""35084""",UNKNOWN,true,"1906	""Vascalpha 5mg modified-release tablets (Accord-UK Ltd)""	""Felodipine""	""5mg""	""Modified-release tablet""	""Oral""	""Calcium-Channel Blockers""	""Felodipine""",
"""48079""",UNKNOWN,true,"105	""Indapamide 2.5mg tablets (Zentiva Pharma UK Ltd)""	""Indapamide""	""2.5mg""	""Oral tablet""	""Oral""	""Thiazides And Related Diuretics""	""Indapamide""",
"""86681""",UNKNOWN,true,"1	""Clonidine 25microgram tablets (Alliance Healthcare (Distribution) Ltd)""	""Clonidine""	""25microgram""	""Oral tablet""	""Oral""	""Prophylaxis Of Migraine/Oestrogens And HRT""	""Clonidine""",
"""55777""",UNKNOWN,true,"2	""Metolazone 5mg/5ml oral solution""	""Metolazone""	""1mg/1ml""	""Oral solution""	""Oral""	""Thiazides And Related Diuretics""	""Metolazone""",
"""2499""",UNKNOWN,true,"37832	""Nadolol 80mg tablets""	""Nadolol""	""80mg""	""Oral tablet""	""Oral""	""Beta-Adrenoceptor Blockers""	""Nadolol""",
"""46740""",UNKNOWN,true,"420	""Lopresor 100mg tablets (Recordati Pharmaceuticals Ltd)""	""Metoprolol""	""100mg""	""Oral tablet""	""Oral""	""Beta-Adrenoceptor Blockers/Prophylaxis Of Migraine""	""Metoprolol""",
"""70022""",UNKNOWN,true,"5173	""Dorzolamide 20mg/ml / Timolol 5mg/ml eye drops preservative free""	""Timolol""	""5mg/1ml + 20mg/1ml""	""Eye drops""	""Ocular""	""Carbonic Anhydrase Inhibitors And Systemic Drugs (In Glaucoma)""	""Timolol""",
"""34347""",UNKNOWN,true,"516	""Spironolactone 25mg tablets (Actavis UK Ltd)""	""Spironolactone""	""25mg""	""Oral tablet""	""Oral""	""Potassium-Sparing Diuretics And Aldosterone Antagonists""	""Spironolactone""",
"""15958""",UNKNOWN,true,"2731	""Captopril 2mg tablets""	""Captopril""	""2mg""	""Tablets""	""Oral""	""Angiotensin-Converting Enzyme Inhibitors (ACE Inhibitors)""	""Captopril""",
"""72545""",UNKNOWN,true,"107	""Acebutolol 200mg capsules (A A H Pharmaceuticals Ltd)""	""Acebutolol""	""200mg""	""Oral capsule""	""Oral""	""Beta-Adrenoceptor Blockers""	""Acebutolol""",
"""9915""",UNKNOWN,true,"20585	""Tritace 10mg tablets (Sanofi)""	""Ramipril""	""10mg""	""Oral tablet""	""Oral""	""Angiotensin-Converting Enzyme Inhibitors (ACE Inhibitors)""	""Ramipril""",
"""88228""",UNKNOWN,true,"0	""Candesartan 8mg tablets (DE Pharmaceuticals)""	""Candesartan""	""8mg""	""Oral tablet""	""Oral""	""Angiotensin-II Receptor Antagonists""	""Candesartan""",
"""15811""",UNKNOWN,true,"9437	""Co-flumactone 25mg/25mg tablets""	""Spironolactone""	""25mg + 25mg""	""Oral tablet""	""Oral""	""Potassium-Sparing Diuretics With Other Diuretics""	""Spironolactone""",
"""38285""",UNKNOWN,true,"4275	""Perindopril erbumine 4mg tablets (Teva UK Ltd)""	""Perindopril""	""4mg""	""Oral tablet""	""Oral""	""Angiotensin-Converting Enzyme Inhibitors (ACE Inhibitors)""	""Perindopril""",
"""3526""",UNKNOWN,true,"358	""Amiloride with atenolol with hydrochlorothiazide capsules""	""Hydrochlorothiazide/Amiloride/Atenolol""	NA	""Capsules""	""Oral""	""Thiazides And Related Diuretics/Beta-Adrenoceptor Blockers""	""Hydrochlorothiazide/Amiloride/Atenolol""",
"""56970""",UNKNOWN,true,"0	""Losartan 100mg tablets (Pfizer Ltd)""	""Losartan""	""100mg""	""Oral tablet""	""Oral""	""Angiotensin-II Receptor Antagonists""	""Losartan""",
"""52427""",UNKNOWN,true,"0	""Cozaar 100mg tablets (Necessity Supplies Ltd)""	""Losartan""	""100mg""	""Oral tablet""	""Oral""	""Angiotensin-II Receptor Antagonists""	""Losartan""",
"""67424""",UNKNOWN,true,"4	""Nadolol 80mg/5ml oral suspension""	""Nadolol""	""16mg/1ml""	""Oral suspension""	""Oral""	""Beta-Adrenoceptor Blockers""	""Nadolol""",
"""24008""",UNKNOWN,true,"184	""Vasetic Tablet (Shire Pharmaceuticals Ltd)""	""Hydrochlorothiazide/Amiloride""	""50mg + 5mg""	""Oral tablet""	""Oral""	""Thiazides And Related Diuretics/Potassium-Sparing Diuretics With Other Diuretics""	""Hydrochlorothiazide/Amiloride""",
"""71385""",UNKNOWN,true,"864	""Aldomet 250mg tablets (Sigma Pharmaceuticals Plc)""	""Methyldopa""	""250mg""	""Oral tablet""	""Oral""	""Centrally Acting Antihypertensive Products""	""Methyldopa""",
"""11512""",UNKNOWN,true,"29767	""Nifedipress MR 10 tablets (Dexcel-Pharma Ltd)""	""Nifedipine""	""10mg""	""Modified-release tablet""	""Oral""	""Calcium-Channel Blockers""	""Nifedipine""",
"""76619""",UNKNOWN,true,"16	""Enalapril 20mg tablets (Dexcel-Pharma Ltd)""	""Enalapril""	""20mg""	""Oral tablet""	""Oral""	""Angiotensin-Converting Enzyme Inhibitors (ACE Inhibitors)""	""Enalapril""",
"""66624""",UNKNOWN,true,"0	""Candesartan 16mg tablets (Sandoz Ltd)""	""Candesartan""	""16mg""	""Oral tablet""	""Oral""	""Angiotensin-II Receptor Antagonists""	""Candesartan""",
"""4161""",UNKNOWN,true,"687	""Spiroctan 25mg Tablet (Roche Products Ltd)""	""Spironolactone""	""25mg""	""Oral tablet""	""Oral""	""Potassium-Sparing Diuretics And Aldosterone Antagonists""	""Spironolactone""",
"""27036""",UNKNOWN,true,"6	""PROPRANOLOL POWDERS 5 MG POW""	""Propranolol""	NA	""Powder""	""Oral""	""Unknown""	""Propranolol""",
"""5914""",UNKNOWN,true,"206720	""Istin 10mg tablets (Viatris UK Healthcare Ltd)""	""Amlodipine""	""10mg""	""Oral tablet""	""Oral""	""Calcium-Channel Blockers""	""Amlodipine""",
"""60097""",UNKNOWN,true,"0	""Lisinopril 2.5mg tablets (Zentiva Pharma UK Ltd)""	""Lisinopril""	""2.5mg""	""Oral tablet""	""Oral""	""Angiotensin-Converting Enzyme Inhibitors (ACE Inhibitors)""	""Lisinopril""",
"""1251""",UNKNOWN,true,"160039	""Moduret 25 tablets (Organon Pharma (UK) Ltd)""	""Hydrochlorothiazide/Amiloride""	""25mg + 2.5mg""	""Oral tablet""	""Oral""	""Potassium-Sparing Diuretics With Other Diuretics""	""Hydrochlorothiazide/Amiloride""",
"""63652""",UNKNOWN,true,"8	""Hydralazine Tablet""	""Hydralazine""	NA	""Tablet""	""Oral""	""Vasodilator Antihypertensive Products""	""Hydralazine""",
"""41533""",UNKNOWN,true,"129	""Co-amilofruse 2.5mg/20mg tablets (Teva UK Ltd)""	""Amiloride""	""2.5mg + 20mg""	""Oral tablet""	""Oral""	""Potassium-Sparing Diuretics With Other Diuretics""	""Amiloride""",
"""69186""",UNKNOWN,true,"3692	""Timolol 5mg/ml eye drops preservative free""	""Timolol""	""5mg/1ml""	""Eye drops""	""Ocular""	""Beta-Blockers (In Glaucoma)""	""Timolol""",
"""82413""",UNKNOWN,true,"0	""Losartan 50mg / Hydrochlorothiazide 12.5mg tablets (Sandoz Ltd)""	""Hydrochlorothiazide/Losartan""	""50mg + 12.5mg""	""Oral tablet""	""Oral""	""Angiotensin-II Receptor Antagonists With Diuretic""	""Hydrochlorothiazide/Losartan""",
"""5159""",UNKNOWN,true,"160446	""Quinapril 20mg tablets""	""Quinapril""	""20mg""	""Oral tablet""	""Oral""	""Angiotensin-Converting Enzyme Inhibitors (ACE Inhibitors)""	""Quinapril""",
"""79485""",UNKNOWN,true,"0	""Perindopril erbumine 8mg tablets (Kent Pharma (UK) Ltd)""	""Perindopril""	""8mg""	""Oral tablet""	""Oral""	""Angiotensin-Converting Enzyme Inhibitors (ACE Inhibitors)""	""Perindopril""",
"""81238""",UNKNOWN,true,"0	""Candesartan 32mg tablets (A A H Pharmaceuticals Ltd)""	""Candesartan""	""32mg""	""Oral tablet""	""Oral""	""Angiotensin-II Receptor Antagonists""	""Candesartan""",
"""63010""",UNKNOWN,true,"0	""Ramipril 10mg tablets (Phoenix Healthcare Distribution Ltd)""	""Ramipril""	""10mg""	""Oral tablet""	""Oral""	""Angiotensin-Converting Enzyme Inhibitors (ACE Inhibitors)""	""Ramipril""",
"""70655""",UNKNOWN,true,"19	""Hydralazine 25mg/5ml oral suspension""	""Hydralazine""	""5mg/1ml""	""Oral suspension""	""Oral""	""Vasodilator Antihypertensive Products""	""Hydralazine""",
"""53621""",UNKNOWN,true,"19	""Ramipril 2.5mg capsules (Bristol Laboratories Ltd)""	""Ramipril""	""2.5mg""	""Oral capsule""	""Oral""	""Angiotensin-Converting Enzyme Inhibitors (ACE Inhibitors)""	""Ramipril""",
"""20066""",UNKNOWN,true,"6844	""Amil-Co 5mg/50mg tablets (IVAX Pharmaceuticals UK Ltd)""	""Hydrochlorothiazide/Amiloride""	""50mg + 5mg""	""Oral tablet""	""Oral""	""Potassium-Sparing Diuretics With Other Diuretics""	""Hydrochlorothiazide/Amiloride""",
"""19823""",UNKNOWN,true,"826	""Alphavase 5 tablets (Ashbourne Pharmaceuticals Ltd)""	""Prazosin""	""5mg""	""Oral tablet""	""Oral""	""Alpha-Adrenoceptor Blockers/Alpha-Blockers (In Urinary Retention)""	""Prazosin""",
"""54785""",UNKNOWN,true,"0	""Doxazosin 4mg tablets (Medreich Plc)""	""Doxazosin""	""4mg""	""Oral tablet""	""Oral""	""Alpha-Adrenoceptor Blockers/Alpha-Blockers (In Urinary Retention)""	""Doxazosin""",
"""63246""",UNKNOWN,true,"48	""Nifedipine 10mg modified-release tablets (AM Distributions (Yorkshire) Ltd)""	""Nifedipine""	""10mg""	""Modified-release tablet""	""Oral""	""Calcium-Channel Blockers""	""Nifedipine""",
"""41661""",UNKNOWN,true,"69	""Methyldopa 250mg Tablet (C P Pharmaceuticals Ltd)""	""Methyldopa""	""250mg""	""Oral tablet""	""Oral""	""Centrally Acting Antihypertensive Products""	""Methyldopa""",
"""2389""",UNKNOWN,true,"23902	""Aldactone 25mg tablets (Pfizer Ltd)""	""Spironolactone""	""25mg""	""Oral tablet""	""Oral""	""Potassium-Sparing Diuretics And Aldosterone Antagonists""	""Spironolactone""",
"""10088""",UNKNOWN,true,"23576	""Doxadura 4mg tablets (Dexcel-Pharma Ltd)""	""Doxazosin""	""4mg""	""Oral tablet""	""Oral""	""Alpha-Adrenoceptor Blockers/Alpha-Blockers (In Urinary Retention)""	""Doxazosin""",
"""66016""",UNKNOWN,true,"2998	""Intuniv 1mg modified-release tablets (Takeda UK Ltd)""	""Guanfacine""	""1mg""	""Modified-release tablet""	""Oral""	""Centrally Acting Antihypertensive Products""	""Guanfacine""",
"""56169""",UNKNOWN,true,"0	""Ramipril 10mg capsules (Arrow Generics Ltd)""	""Ramipril""	""10mg""	""Oral capsule""	""Oral""	""Angiotensin-Converting Enzyme Inhibitors (ACE Inhibitors)""	""Ramipril""",
"""87593""",UNKNOWN,true,"0	""Losartan 25mg tablets (Medical Valley Invest AB)""	""Losartan""	""25mg""	""Oral tablet""	""Oral""	""Angiotensin-II Receptor Antagonists""	""Losartan""",
"""55740""",UNKNOWN,true,"114	""Neofel XL 2.5mg tablets (Actavis UK Ltd)""	""Felodipine""	""2.5mg""	""Modified-release tablet""	""Oral""	""Calcium-Channel Blockers""	""Felodipine""",
"""33977""",UNKNOWN,true,"1111	""Lisinopril 10mg tablets (Viatris UK Healthcare Ltd)""	""Lisinopril""	""10mg""	""Oral tablet""	""Oral""	""Angiotensin-Converting Enzyme Inhibitors (ACE Inhibitors)""	""Lisinopril""",
"""70955""",UNKNOWN,true,"0	""Irbesartan 300mg/5ml Oral suspension (Martindale Pharmaceuticals Ltd)""	""Irbesartan""	""60mg/1ml""	""Oral suspension""	""Oral""	""Angiotensin-II Receptor Antagonists""	""Irbesartan""",
"""52407""",UNKNOWN,true,"1	""Ramipril 10mg capsules (Kent Pharma (UK) Ltd)""	""Ramipril""	""10mg""	""Oral capsule""	""Oral""	""Angiotensin-Converting Enzyme Inhibitors (ACE Inhibitors)""	""Ramipril""",
"""70961""",UNKNOWN,true,"2	""Tildiem Retard 90mg tablets (DE Pharmaceuticals)""	""Diltiazem""	""90mg""	""Modified-release tablet""	""Oral""	""Calcium-Channel Blockers""	""Diltiazem""",
"""71342""",UNKNOWN,true,"18	""Dilzem XL 240 capsules (Waymade Healthcare Plc)""	""Diltiazem""	""240mg""	""Modified-release capsule""	""Oral""	""Calcium-Channel Blockers""	""Diltiazem""",
"""67005""",UNKNOWN,true,"6508	""Guanfacine 1mg modified-release tablets""	""Guanfacine""	""1mg""	""Modified-release tablet""	""Oral""	""Centrally Acting Antihypertensive Products""	""Guanfacine""",
"""40639""",UNKNOWN,true,"3085	""Olmesartan medoxomil 40mg / Amlodipine 5mg tablets""	""Amlodipine/Olmesartan""	""40mg + 5mg""	""Oral tablet""	""Oral""	""Angiotensin-II Receptor Antagonists/Calcium-Channel Blockers""	""Amlodipine/Olmesartan""",
"""787""",UNKNOWN,true,"17526	""Spironolactone 100mg capsule""	""Spironolactone""	""100mg""	""Capsules""	""Oral""	""Potassium-Sparing Diuretics And Aldosterone Antagonists""	""Spironolactone""",
"""60780""",UNKNOWN,true,"0	""Generic Sevikar HCT 20mg/5mg/12.5mg tablets""	""Amlodipine/Hydrochlorothiazide/Olmesartan""	""20mg + 12.5mg + 5mg""	""Oral tablet""	""Oral""	""Angiotensin-II Receptor Antagonists""	""Amlodipine/Hydrochlorothiazide/Olmesartan""",
"""60316""",UNKNOWN,true,"57	""Prazosin 1mg Tablet (Approved Prescription Services Ltd)""	""Prazosin""	""1mg""	""Oral tablet""	""Oral""	""Alpha-Adrenoceptor Blockers/Alpha-Blockers (In Urinary Retention)""	""Prazosin""",
"""77401""",UNKNOWN,true,"545	""Zestril 2.5mg tablets (Waymade Healthcare Plc)""	""Lisinopril""	""2.5mg""	""Oral tablet""	""Oral""	""Angiotensin-Converting Enzyme Inhibitors (ACE Inhibitors)""	""Lisinopril""",
"""34768""",UNKNOWN,true,"373	""Enalapril 20mg tablets (IVAX Pharmaceuticals UK Ltd)""	""Enalapril""	""20mg""	""Oral tablet""	""Oral""	""Angiotensin-Converting Enzyme Inhibitors (ACE Inhibitors)""	""Enalapril""",
"""77316""",UNKNOWN,true,"35	""Enalapril 4mg/5ml oral solution""	""Enalapril""	""800microgram/1ml""	""Oral solution""	""Oral""	""Angiotensin-Converting Enzyme Inhibitors (ACE Inhibitors)""	""Enalapril""",
"""88002""",UNKNOWN,true,"0	""Atenolol 25mg/5ml oral solution sugar free (Phoenix Healthcare Distribution Ltd)""	""Atenolol""	""5mg/1ml""	""Oral solution""	""Oral""	""Beta-Adrenoceptor Blockers""	""Atenolol""",
"""59972""",UNKNOWN,true,"0	""Perindopril erbumine 2mg tablets (Alliance Healthcare (Distribution) Ltd)""	""Perindopril""	""2mg""	""Oral tablet""	""Oral""	""Angiotensin-Converting Enzyme Inhibitors (ACE Inhibitors)""	""Perindopril""",
"""16371""",UNKNOWN,true,"8347	""Teveten 600mg tablets (Viatris UK Healthcare Ltd)""	""Eprosartan""	""600mg""	""Oral tablet""	""Oral""	""Angiotensin-II Receptor Antagonists""	""Eprosartan""",
"""5478""",UNKNOWN,true,"15653	""Propranolol 10mg/5ml oral solution sugar free""	""Propranolol""	""2mg/1ml""	""Oral solution""	""Oral""	""Beta-Adrenoceptor Blockers/Prophylaxis Of Migraine/Drugs For Essential Tremor, Chorea, Tics, And Related Disorders/Antithyroid Products""	""Propranolol""",
"""89875""",UNKNOWN,true,"28	""Doxazosin 500micrograms/5ml oral suspension (Special Order)""	""Doxazosin""	""100microgram/1ml""	""Oral suspension""	""Oral""	""Alpha-Adrenoceptor Blockers/Alpha-Blockers (In Urinary Retention)""	""Doxazosin""",
"""53680""",UNKNOWN,true,"8	""Candesartan 16mg tablets (Teva UK Ltd)""	""Candesartan""	""16mg""	""Oral tablet""	""Oral""	""Angiotensin-II Receptor Antagonists""	""Candesartan""",
"""86151""",UNKNOWN,true,"1	""Hydrochlorothiazide 12.5mg/5ml oral suspension""	""Hydrochlorothiazide""	""2.5mg/1ml""	""Oral suspension""	""Oral""	""Thiazides And Related Diuretics""	""Hydrochlorothiazide""",
"""79047""",UNKNOWN,true,"280	""Nifedipine extra 30mg Modified-release tablet""	""Nifedipine""	""30mg""	""Modified-Release Tablet""	""Oral""	""Calcium-Channel Blockers""	""Nifedipine""",
"""58491""",UNKNOWN,true,"391	""Propranolol 40mg tablets (Alliance Healthcare (Distribution) Ltd)""	""Propranolol""	""40mg""	""Oral tablet""	""Oral""	""Beta-Adrenoceptor Blockers/Prophylaxis Of Migraine/Drugs For Essential Tremor, Chorea, Tics, And Related Disorders/Antithyroid Products""	""Propranolol""",
"""47616""",UNKNOWN,true,"447	""Sevikar HCT 40mg/10mg/12.5mg tablets (Daiichi Sankyo UK Ltd)""	""Amlodipine/Hydrochlorothiazide/Olmesartan""	""12.5mg + 40mg + 10mg""	""Oral tablet""	""Oral""	""Angiotensin-II Receptor Antagonists""	""Amlodipine/Hydrochlorothiazide/Olmesartan""",
"""65745""",UNKNOWN,true,"0	""Amlodipine 5mg tablets (DE Pharmaceuticals)""	""Amlodipine""	""5mg""	""Oral tablet""	""Oral""	""Calcium-Channel Blockers""	""Amlodipine""",
"""3293""",UNKNOWN,true,"5128	""Moduretic Oral solution (Bristol-Myers Squibb Pharmaceuticals Ltd)""	""Hydrochlorothiazide/Amiloride""	NA	""Oral Solution""	""Oral""	""Thiazides And Related Diuretics/Potassium-Sparing Diuretics With Other Diuretics""	""Hydrochlorothiazide/Amiloride""",
"""8975""",UNKNOWN,true,"48577	""Verapamil 180mg modified-release capsules""	""Verapamil""	""180mg""	""Modified-release capsule""	""Oral""	""Unknown""	""Verapamil""",
"""56467""",UNKNOWN,true,"714	""Tildiem 60mg modified-release tablets (DE Pharmaceuticals)""	""Diltiazem""	""60mg""	""Modified-release tablet""	""Oral""	""Calcium-Channel Blockers""	""Diltiazem""",
"""90181""",UNKNOWN,true,"0	""Amlodipine 10mg tablets (AAH Hillcross)""	""Amlodipine""	""10mg""	""Oral tablet""	""Oral""	""Calcium-Channel Blockers""	""Amlodipine""",
"""72038""",UNKNOWN,true,"15	""Lisinopril 2.5mg tablets (Relonchem Ltd)""	""Lisinopril""	""2.5mg""	""Oral tablet""	""Oral""	""Angiotensin-Converting Enzyme Inhibitors (ACE Inhibitors)""	""Lisinopril""",
"""7351""",UNKNOWN,true,"5791	""Bendroflumethiazide 2.5mg/5ml oral suspension""	""Bendroflumethiazide""	""500microgram/1ml""	""Oral suspension""	""Oral""	""Thiazides And Related Diuretics/Hypercalcaemia And Hypercalciuria""	""Bendroflumethiazide""",
"""64066""",UNKNOWN,true,"21	""Indapamide 2.5mg/5ml oral suspension""	""Indapamide""	""500microgram/1ml""	""Oral suspension""	""Oral""	""Thiazides And Related Diuretics""	""Indapamide""",
"""6285""",UNKNOWN,true,"407762	""Olmesartan medoxomil 20mg tablets""	""Olmesartan""	""20mg""	""Oral tablet""	""Oral""	""Angiotensin-II Receptor Antagonists""	""Olmesartan""",
"""67890""",UNKNOWN,true,"4	""Uard 300XL capsules (Ennogen Healthcare Ltd)""	""Diltiazem""	""300mg""	""Modified-release capsule""	""Oral""	""Calcium-Channel Blockers""	""Diltiazem""",
"""5800""",UNKNOWN,true,"104936	""Coversyl 4mg tablets (Servier Laboratories Ltd)""	""Perindopril""	""4mg""	""Oral tablet""	""Oral""	""Angiotensin-Converting Enzyme Inhibitors (ACE Inhibitors)""	""Perindopril""",
"""12054""",UNKNOWN,true,"4426	""Propranolol 80mg / Bendroflumethiazide 2.5mg capsules""	""Bendroflumethiazide/Propranolol""	""80mg + 2.5mg""	""Oral capsule""	""Oral""	""Unknown""	""Bendroflumethiazide/Propranolol""",
"""34975""",UNKNOWN,true,"207	""Nifedipine 5mg capsules (Teva UK Ltd)""	""Nifedipine""	""5mg""	""Oral capsule""	""Oral""	""Calcium-Channel Blockers""	""Nifedipine""",
"""75407""",UNKNOWN,true,"1	""Candesartan 32mg tablets (Sandoz Ltd)""	""Candesartan""	""32mg""	""Oral tablet""	""Oral""	""Angiotensin-II Receptor Antagonists""	""Candesartan""",
"""57145""",UNKNOWN,true,"0	""Terazosin 2mg tablets (A A H Pharmaceuticals Ltd)""	""Terazosin""	""2mg""	""Oral tablet""	""Oral""	""Alpha-Adrenoceptor Blockers/Alpha-Blockers (In Urinary Retention)""	""Terazosin""",
"""80858""",UNKNOWN,true,"5	""Candesartan 4mg/5ml oral solution""	""Candesartan""	""800microgram/1ml""	""Oral solution""	""Oral""	""Angiotensin-II Receptor Antagonists""	""Candesartan""",
"""47027""",UNKNOWN,true,"147	""Nifedipine 10mg Modified-release tablet (Kent Pharmaceuticals Ltd)""	""Nifedipine""	""10mg""	""Modified-release tablet""	""Oral""	""Calcium-Channel Blockers""	""Nifedipine""",
"""29998""",UNKNOWN,true,"29	""Metoros 190mg Tablet (Novartis Pharmaceuticals UK Ltd)""	""Metoprolol""	""190mg""	""Tablet""	""Oral""	""Beta-Adrenoceptor Blockers""	""Metoprolol""",
"""34544""",UNKNOWN,true,"11	""Captopril 12.5mg Tablet (IVAX Pharmaceuticals UK Ltd)""	""Captopril""	""12.5mg""	""Oral tablet""	""Oral""	""Angiotensin-Converting Enzyme Inhibitors (ACE Inhibitors)""	""Captopril""",
"""77945""",UNKNOWN,true,"14	""Nadolol 20mg/5ml oral solution""	""Nadolol""	""4mg/1ml""	""Oral solution""	""Oral""	""Beta-Adrenoceptor Blockers""	""Nadolol""",
"""76431""",UNKNOWN,true,"0	""Cardinol 10mg Tablet (C P Pharmaceuticals Ltd)""	""Propranolol""	""10mg""	""Oral tablet""	""Oral""	""Supraventricular Arrhythmias/Beta-Adrenoceptor Blockers""	""Propranolol""",
"""65386""",UNKNOWN,true,"23	""Proglycem 250mg/5ml oral suspension (Imported (United States))""	""Diazoxide""	""50mg/1ml""	""Oral suspension""	""Oral""	""Treatment Of Hypoglycaemia""	""Diazoxide""",
"""531""",UNKNOWN,true,"2592323	""Candesartan 4mg tablets""	""Candesartan""	""4mg""	""Oral tablet""	""Oral""	""Angiotensin-II Receptor Antagonists""	""Candesartan""",
"""28486""",UNKNOWN,true,"225	""Captopril 6.25mg/5ml oral suspension""	""Captopril""	""1.25mg/1ml""	""Oral suspension""	""Oral""	""Angiotensin-Converting Enzyme Inhibitors (ACE Inhibitors)""	""Captopril""",
"""79322""",UNKNOWN,true,"0	""Cozaar 50mg tablets (DE Pharmaceuticals)""	""Losartan""	""50mg""	""Oral tablet""	""Oral""	""Angiotensin-II Receptor Antagonists""	""Losartan""",
"""63337""",UNKNOWN,true,"0	""Eprosartan 600mg tablets (A A H Pharmaceuticals Ltd)""	""Eprosartan""	""600mg""	""Oral tablet""	""Oral""	""Angiotensin-II Receptor Antagonists""	""Eprosartan""",
"""71110""",UNKNOWN,true,"25	""Aldomet 500mg tablets (Sigma Pharmaceuticals Plc)""	""Methyldopa""	""500mg""	""Oral tablet""	""Oral""	""Centrally Acting Antihypertensive Products""	""Methyldopa""",
"""45685""",UNKNOWN,true,"742	""Adanif XL 30mg tablets (Advanz Pharma)""	""Nifedipine""	""30mg""	""Modified-release tablet""	""Oral""	""Calcium-Channel Blockers""	""Nifedipine""",
"""34208""",UNKNOWN,true,"8	""Propranolol SR 160mg Modified-release capsule (C P Pharmaceuticals Ltd)""	""Propranolol""	""160mg""	""Modified-release capsule""	""Oral""	""Beta-Adrenoceptor Blockers/Prophylaxis Of Migraine""	""Propranolol""",
"""77282""",UNKNOWN,true,"17	""Metoprolol 190mg Modified-release tablet""	""Metoprolol""	""190mg""	""Modified-Release Tablet""	""Oral""	""Beta-Adrenoceptor Blockers""	""Metoprolol""",
"""3997""",UNKNOWN,true,"38011	""Hygroton 50mg tablets (Alliance Pharmaceuticals Ltd)""	""Chlortalidone""	""50mg""	""Oral tablet""	""Oral""	""Thiazides And Related Diuretics""	""Chlortalidone""",
"""14960""",UNKNOWN,true,"5352	""Coversyl 8mg tablets (Servier Laboratories Ltd)""	""Perindopril""	""8mg""	""Oral tablet""	""Oral""	""Angiotensin-Converting Enzyme Inhibitors (ACE Inhibitors)""	""Perindopril""",
"""81668""",UNKNOWN,true,"244	""Bendroflumethiazide 2.5mg tablets (Sigma Pharmaceuticals Plc)""	""Bendroflumethiazide""	""2.5mg""	""Oral tablet""	""Oral""	""Thiazides And Related Diuretics/Hypercalcaemia And Hypercalciuria""	""Bendroflumethiazide""",
"""24190""",UNKNOWN,true,"4352	""Neo-bendromax 5mg Tablet (Ashbourne Pharmaceuticals Ltd)""	""Bendroflumethiazide""	""5mg""	""Oral tablet""	""Oral""	""Thiazides And Related Diuretics""	""Bendroflumethiazide""",
"""119""",UNKNOWN,true,"1896785	""Doxazosin 1mg tablets""	""Doxazosin""	""1mg""	""Oral tablet""	""Oral""	""Alpha-Adrenoceptor Blockers/Alpha-Blockers (In Urinary Retention)""	""Doxazosin""",
"""58294""",UNKNOWN,true,"0	""Lisinopril 5mg tablets (Accord-UK Ltd)""	""Lisinopril""	""5mg""	""Oral tablet""	""Oral""	""Angiotensin-Converting Enzyme Inhibitors (ACE Inhibitors)""	""Lisinopril""",
"""46526""",UNKNOWN,true,"121	""Raporsin XL 4mg tablets (Accord-UK Ltd)""	""Doxazosin""	""4mg""	""Modified-release tablet""	""Oral""	""Alpha-Adrenoceptor Blockers/Alpha-Blockers (In Urinary Retention)""	""Doxazosin""",
"""33079""",UNKNOWN,true,"145	""Atenolol 100mg tablets (Viatris UK Healthcare Ltd)""	""Atenolol""	""100mg""	""Oral tablet""	""Oral""	""Beta-Adrenoceptor Blockers""	""Atenolol""",
"""77435""",UNKNOWN,true,"226	""Sectral 400mg tablets (Mawdsley-Brooks & Company Ltd)""	""Acebutolol""	""400mg""	""Oral tablet""	""Oral""	""Beta-Adrenoceptor Blockers""	""Acebutolol""",
"""56356""",UNKNOWN,true,"0	""Ramipril 10mg capsules (Alliance Healthcare (Distribution) Ltd)""	""Ramipril""	""10mg""	""Oral capsule""	""Oral""	""Angiotensin-Converting Enzyme Inhibitors (ACE Inhibitors)""	""Ramipril""",
"""3310""",UNKNOWN,true,"82103	""Capoten 12.5mg tablets (Bristol-Myers Squibb Pharmaceuticals Ltd)""	""Captopril""	""12.5mg""	""Oral tablet""	""Oral""	""Angiotensin-Converting Enzyme Inhibitors (ACE Inhibitors)""	""Captopril""",
"""64233""",UNKNOWN,true,"0	""Doxazosin 1mg tablets (Waymade Healthcare Plc)""	""Doxazosin""	""1mg""	""Oral tablet""	""Oral""	""Alpha-Adrenoceptor Blockers/Alpha-Blockers (In Urinary Retention)""	""Doxazosin""",
"""56767""",UNKNOWN,true,"0	""Lercanidipine 20mg tablets (Viatris UK Healthcare Ltd)""	""Lercanidipine""	""20mg""	""Oral tablet""	""Oral""	""Calcium-Channel Blockers""	""Lercanidipine""",
"""21867""",UNKNOWN,true,"6356	""Berkozide 5mg Tablet (Berk Pharmaceuticals Ltd)""	""Bendroflumethiazide""	""5mg""	""Oral tablet""	""Oral""	""Thiazides And Related Diuretics""	""Bendroflumethiazide""",
"""9876""",UNKNOWN,true,"3401	""Physiotens 300microgram tablets (Viatris UK Healthcare Ltd)""	""Moxonidine""	""300microgram""	""Oral tablet""	""Oral""	""Centrally Acting Antihypertensive Products""	""Moxonidine""",
"""17599""",UNKNOWN,true,"82	""Verapress MR 240mg tablets (Sandoz Ltd)""	""Verapamil""	""240mg""	""Modified-release tablet""	""Oral""	""Calcium-Channel Blockers""	""Verapamil""",
"""77418""",UNKNOWN,true,"386	""Adalat retard 20mg tablets (Waymade Healthcare Plc)""	""Nifedipine""	""20mg""	""Modified-release tablet""	""Oral""	""Calcium-Channel Blockers""	""Nifedipine""",
"""64160""",UNKNOWN,true,"0	""Propranolol 5mg/5ml oral solution sugar free (AM Distributions (Yorkshire) Ltd)""	""Propranolol""	""1mg/1ml""	""Oral solution""	""Oral""	""Beta-Adrenoceptor Blockers/Prophylaxis Of Migraine/Drugs For Essential Tremor, Chorea, Tics, And Related Disorders/Antithyroid Products""	""Propranolol""",
"""14286""",UNKNOWN,true,"106495	""Travoprost 40micrograms/ml / Timolol 5mg/ml eye drops""	""Timolol""	""5mg/1ml + 40microgram/1ml""	""Eye drops""	""Ocular""	""Beta-Blockers (In Glaucoma)/Prostaglandin Analogues (In Glaucoma)""	""Timolol""",
"""72807""",UNKNOWN,true,"3	""Clonidine 15micrograms/5ml oral solution""	""Clonidine""	""3microgram/1ml""	""Oral solution""	""Oral""	""Centrally Acting Antihypertensive Products/Prophylaxis Of Migraine/Oestrogens And HRT""	""Clonidine""",
"""67902""",UNKNOWN,true,"0	""Losartan 100mg tablets (Sandoz Ltd)""	""Losartan""	""100mg""	""Oral tablet""	""Oral""	""Angiotensin-II Receptor Antagonists""	""Losartan""",
"""4588""",UNKNOWN,true,"5031	""Visken 5mg Tablet (Sovereign Medical Ltd)""	""Pindolol""	""5mg""	""Oral tablet""	""Oral""	""Beta-Adrenoceptor Blockers""	""Pindolol""",
"""58274""",UNKNOWN,true,"0	""Losartan 25mg tablets (Accord-UK Ltd)""	""Losartan""	""25mg""	""Oral tablet""	""Oral""	""Angiotensin-II Receptor Antagonists""	""Losartan""",
"""26774""",UNKNOWN,true,"746	""Nifedipine 10mg/5ml Oral suspension""	""Nifedipine""	""10mg/5ml""	""Oral Suspension""	""Oral""	""Calcium-Channel Blockers""	""Nifedipine""",
"""73116""",UNKNOWN,true,"3	""Doxazosin 2mg tablets (Sovereign Medical Ltd)""	""Doxazosin""	""2mg""	""Oral tablet""	""Oral""	""Alpha-Adrenoceptor Blockers/Alpha-Blockers (In Urinary Retention)""	""Doxazosin""",
"""51018""",UNKNOWN,true,"4	""Diazoxide 50mg/5ml oral solution""	""Diazoxide""	""10mg/1ml""	""Oral solution""	""Oral""	""Treatment Of Hypoglycaemia""	""Diazoxide""",
"""65273""",UNKNOWN,true,"52	""Perindopril erbumine 4mg tablets (Viatris UK Healthcare Ltd)""	""Perindopril""	""4mg""	""Oral tablet""	""Oral""	""Angiotensin-Converting Enzyme Inhibitors (ACE Inhibitors)""	""Perindopril""",
"""2967""",UNKNOWN,true,"29341	""Minoxidil 5mg tablets""	""Minoxidil""	""5mg""	""Oral tablet""	""Oral""	""Vasodilator Antihypertensive Products""	""Minoxidil""",
"""71529""",UNKNOWN,true,"1	""Nimodipine 10mg/50ml solution for infusion vials""	""Nimodipine""	""200microgram/1ml""	""Solution for infusion""	""Intravenous""	""Calcium-Channel Blockers""	""Nimodipine""",
"""61288""",UNKNOWN,true,"18	""Losartan 100mg tablets (Accord-UK Ltd)""	""Losartan""	""100mg""	""Oral tablet""	""Oral""	""Angiotensin-II Receptor Antagonists""	""Losartan""",
"""17006""",UNKNOWN,true,"2081	""Triapin 5mg/5mg modified-release tablets (Sanofi)""	""Felodipine/Ramipril""	""5mg + 5mg""	""Modified-release tablet""	""Oral""	""Angiotensin-Converting Enzyme Inhibitors (ACE Inhibitors)/Calcium-Channel Blockers""	""Felodipine/Ramipril""",
"""82369""",UNKNOWN,true,"0	""Candesartan 16mg tablets (Zentiva Pharma UK Ltd)""	""Candesartan""	""16mg""	""Oral tablet""	""Oral""	""Angiotensin-II Receptor Antagonists""	""Candesartan""",
"""61573""",UNKNOWN,true,"33	""Atenolol 25mg/5ml oral solution""	""Atenolol""	""5mg/1ml""	""Oral solution""	""Oral""	""Beta-Adrenoceptor Blockers""	""Atenolol""",
"""51807""",UNKNOWN,true,"2	""Coversyl Arginine 5mg tablets (DE Pharmaceuticals)""	""Perindopril""	""5mg""	""Oral tablet""	""Oral""	""Angiotensin-Converting Enzyme Inhibitors (ACE Inhibitors)""	""Perindopril""",
"""348""",UNKNOWN,true,"932091	""Moduretic Tablet (Bristol-Myers Squibb Pharmaceuticals Ltd)""	""Hydrochlorothiazide/Amiloride""	""50mg + 5mg""	""Oral tablet""	""Oral""	""Thiazides And Related Diuretics/Potassium-Sparing Diuretics With Other Diuretics""	""Hydrochlorothiazide/Amiloride""",
"""38882""",UNKNOWN,true,"268536	""Adizem-XL 240mg capsules (Napp Pharmaceuticals Ltd)""	""Diltiazem""	""240mg""	""Modified-release capsule""	""Oral""	""Calcium-Channel Blockers""	""Diltiazem""",
"""58646""",UNKNOWN,true,"84	""Candesartan 4mg tablets (Actavis UK Ltd)""	""Candesartan""	""4mg""	""Oral tablet""	""Oral""	""Angiotensin-II Receptor Antagonists""	""Candesartan""",
"""43430""",UNKNOWN,true,"298	""Diltiazem 120mg modified-release tablets (A A H Pharmaceuticals Ltd)""	""Diltiazem""	""120mg""	""Modified-release tablet""	""Oral""	""Calcium-Channel Blockers""	""Diltiazem""",
"""18975""",UNKNOWN,true,"61	""Calcicard 60mg Tablet (3M Health Care Ltd)""	""Diltiazem""	""60mg""	""Modified-release tablet""	""Oral""	""Calcium-Channel Blockers""	""Diltiazem""",
"""86648""",UNKNOWN,true,"0	""Ramipril 2.5mg capsules (Milpharm Ltd)""	""Ramipril""	""2.5mg""	""Oral capsule""	""Oral""	""Angiotensin-Converting Enzyme Inhibitors (ACE Inhibitors)""	""Ramipril""",
"""8836""",UNKNOWN,true,"6982	""Chlorothiazide 500mg tablets""	""Chlorothiazide""	""500mg""	""Tablets""	""Oral""	""Thiazides And Related Diuretics""	""Chlorothiazide""",
"""48150""",UNKNOWN,true,"0	""Doxazosin 1mg tablets (Actavis UK Ltd)""	""Doxazosin""	""1mg""	""Oral tablet""	""Oral""	""Alpha-Adrenoceptor Blockers/Alpha-Blockers (In Urinary Retention)""	""Doxazosin""",
"""37930""",UNKNOWN,true,"23793	""Perindopril arginine 5mg tablets""	""Perindopril""	""5mg""	""Oral tablet""	""Oral""	""Angiotensin-Converting Enzyme Inhibitors (ACE Inhibitors)""	""Perindopril""",
"""34652""",UNKNOWN,true,"5	""Ramipril 5mg Capsule (Sovereign Medical Ltd)""	""Ramipril""	""5mg""	""Oral capsule""	""Oral""	""Angiotensin-Converting Enzyme Inhibitors (ACE Inhibitors)""	""Ramipril""",
"""78220""",UNKNOWN,true,"0	""Bendroflumethiazide 5mg tablets (Sovereign Medical Ltd)""	""Bendroflumethiazide""	""5mg""	""Oral tablet""	""Oral""	""Thiazides And Related Diuretics""	""Bendroflumethiazide""",
"""11922""",UNKNOWN,true,"917	""Diltiazem 60mg/5ml oral suspension""	""Diltiazem""	""12mg/1ml""	""Oral suspension""	""Oral""	""Calcium-Channel Blockers""	""Diltiazem""",
"""32094""",UNKNOWN,true,"686	""Co-tenidone 50mg/12.5mg tablets (A A H Pharmaceuticals Ltd)""	""Chlortalidone/Atenolol""	""12.5mg + 50mg""	""Oral tablet""	""Oral""	""Thiazides And Related Diuretics/Beta-Adrenoceptor Blockers""	""Chlortalidone/Atenolol""",
"""33025""",UNKNOWN,true,"54	""Nimodrel XL 30mg tablets (Zurich Pharmaceuticals)""	""Nifedipine""	""30mg""	""Modified-release tablet""	""Oral""	""Calcium-Channel Blockers""	""Nifedipine""",
"""34377""",UNKNOWN,true,"63	""Diltiazem HCl 90mg Modified-release capsule (Hillcross Pharmaceuticals Ltd)""	""Diltiazem""	""90mg""	""Modified-release capsule""	""Oral""	""Calcium-Channel Blockers""	""Diltiazem""",
"""61256""",UNKNOWN,true,"1	""Clonidine 5micrograms/5ml oral suspension""	""Clonidine""	""1microgram/1ml""	""Oral suspension""	""Oral""	""Centrally Acting Antihypertensive Products/Prophylaxis Of Migraine/Oestrogens And HRT""	""Clonidine""",
"""68718""",UNKNOWN,true,"0	""Candesartan 4mg tablets (A A H Pharmaceuticals Ltd)""	""Candesartan""	""4mg""	""Oral tablet""	""Oral""	""Angiotensin-II Receptor Antagonists""	""Candesartan""",
"""10716""",UNKNOWN,true,"9981	""Corgard 80mg tablets (Neon Healthcare Ltd)""	""Nadolol""	""80mg""	""Oral tablet""	""Oral""	""Beta-Adrenoceptor Blockers""	""Nadolol""",
"""72644""",UNKNOWN,true,"0	""Terazosin 5mg tablets (A A H Pharmaceuticals Ltd)""	""Terazosin""	""5mg""	""Oral tablet""	""Oral""	""Alpha-Adrenoceptor Blockers/Alpha-Blockers (In Urinary Retention)""	""Terazosin""",
"""41417""",UNKNOWN,true,"256	""Enalapril 2.5mg tablets (A A H Pharmaceuticals Ltd)""	""Enalapril""	""2.5mg""	""Oral tablet""	""Oral""	""Angiotensin-Converting Enzyme Inhibitors (ACE Inhibitors)""	""Enalapril""",
"""86255""",UNKNOWN,true,"0	""Olmesartan medoxomil 10mg tablets (A A H Pharmaceuticals Ltd)""	""Olmesartan""	""10mg""	""Oral tablet""	""Oral""	""Angiotensin-II Receptor Antagonists""	""Olmesartan""",
"""77196""",UNKNOWN,true,"0	""Losartan 25mg tablets (Kent Pharma (UK) Ltd)""	""Losartan""	""25mg""	""Oral tablet""	""Oral""	""Angiotensin-II Receptor Antagonists""	""Losartan""",
"""43563""",UNKNOWN,true,"1	""Enalapril 2.5mg tablets (Zentiva Pharma UK Ltd)""	""Enalapril""	""2.5mg""	""Oral tablet""	""Oral""	""Angiotensin-Converting Enzyme Inhibitors (ACE Inhibitors)""	""Enalapril""",
"""61283""",UNKNOWN,true,"0	""Doxazosin 4mg tablets (Alliance Healthcare (Distribution) Ltd)""	""Doxazosin""	""4mg""	""Oral tablet""	""Oral""	""Alpha-Adrenoceptor Blockers/Alpha-Blockers (In Urinary Retention)""	""Doxazosin""",
"""4635""",UNKNOWN,true,"145446	""Diltiazem 200mg modified-release capsules""	""Diltiazem""	""200mg""	""Modified-release capsule""	""Oral""	""Calcium-Channel Blockers""	""Diltiazem""",
"""81247""",UNKNOWN,true,"5	""Losartan 100mg tablets (Milpharm Ltd)""	""Losartan""	""100mg""	""Oral tablet""	""Oral""	""Angiotensin-II Receptor Antagonists""	""Losartan""",
"""27489""",UNKNOWN,true,"20	""CHLOROTHIAZIDE 25 MG LIQ""	""Chlorothiazide""	NA	NA	NA	""Unknown""	""Chlorothiazide""",
"""17655""",UNKNOWN,true,"3555	""Carace 10 Tablet (Bristol-Myers Squibb Pharmaceuticals Ltd)""	""Hydrochlorothiazide/Lisinopril""	""10mg + 12.5mg""	""Oral tablet""	""Oral""	""Thiazides And Related Diuretics/Angiotensin-Converting Enzyme Inhibitors (ACE Inhibitors)""	""Hydrochlorothiazide/Lisinopril""",
"""85917""",UNKNOWN,true,"1	""Amlodipine 50mg/5ml oral suspension""	""Amlodipine""	""10mg/1ml""	""Oral suspension""	""Oral""	""Calcium-Channel Blockers""	""Amlodipine""",
"""74821""",UNKNOWN,true,"119	""Amlodipine 5mg tablets (Apotex UK Ltd)""	""Amlodipine""	""5mg""	""Oral tablet""	""Oral""	""Calcium-Channel Blockers""	""Amlodipine""",
"""5816""",UNKNOWN,true,"433809	""Latanoprost 50micrograms/ml / Timolol 5mg/ml eye drops""	""Timolol""	""5mg/1ml + 50microgram/1ml""	""Eye drops""	""Ocular""	""Beta-Blockers (In Glaucoma)/Prostaglandin Analogues (In Glaucoma)""	""Timolol""",
"""3712""",UNKNOWN,true,"598093	""Coracten XL 30mg capsules (Teofarma S.r.l.)""	""Nifedipine""	""30mg""	""Modified-release capsule""	""Oral""	""Calcium-Channel Blockers""	""Nifedipine""",
"""23252""",UNKNOWN,true,"39	""Pralenal 10 tablets (Opus Pharmaceuticals Ltd)""	""Enalapril""	""10mg""	""Oral tablet""	""Oral""	""Angiotensin-Converting Enzyme Inhibitors (ACE Inhibitors)""	""Enalapril""",
"""5296""",UNKNOWN,true,"206722	""Tildiem la 300mg Modified-release capsule (Sanofi)""	""Diltiazem""	""300mg""	""Modified-release capsule""	""Oral""	""Calcium-Channel Blockers""	""Diltiazem""",
"""47331""",UNKNOWN,true,"283	""Lercanidipine 10mg tablets (Viatris UK Healthcare Ltd)""	""Lercanidipine""	""10mg""	""Oral tablet""	""Oral""	""Calcium-Channel Blockers""	""Lercanidipine""",
"""23091""",UNKNOWN,true,"875	""Spirospare 100 tablets (Ashbourne Pharmaceuticals Ltd)""	""Spironolactone""	""100mg""	""Oral tablet""	""Oral""	""Potassium-Sparing Diuretics And Aldosterone Antagonists""	""Spironolactone""",
"""20257""",UNKNOWN,true,"4386	""Cardilate MR 20mg tablets (IVAX Pharmaceuticals UK Ltd)""	""Nifedipine""	""20mg""	""Modified-release tablet""	""Oral""	""Calcium-Channel Blockers""	""Nifedipine""",
"""9463""",UNKNOWN,true,"806	""Loniten 5mg tablets (Pfizer Ltd)""	""Minoxidil""	""5mg""	""Oral tablet""	""Oral""	""Vasodilator Antihypertensive Products""	""Minoxidil""",
"""37085""",UNKNOWN,true,"7	""Sitaxentan 100mg tablets""	""Sitaxentan""	""100mg""	""Oral tablet""	""Oral""	""Vasodilator Antihypertensive Products""	""Sitaxentan""",
"""92020""",UNKNOWN,true,"0	""Valsartan 160mg capsules (A A H Pharmaceuticals Ltd)""	""Valsartan""	""160mg""	""Oral capsule""	""Oral""	""Angiotensin-II Receptor Antagonists""	""Valsartan""",
"""59633""",UNKNOWN,true,"20	""Ismelin 5% Eye drops (Novartis Ophthalmics)""	""Guanethidine""	""5%""	""Eye Drops""	NA	""Sympathomimetics (In Glaucoma)""	""Guanethidine""",
"""78627""",UNKNOWN,true,"0	""Doxazosin 1mg tablets (Phoenix Healthcare Distribution Ltd)""	""Doxazosin""	""1mg""	""Oral tablet""	""Oral""	""Alpha-Adrenoceptor Blockers/Alpha-Blockers (In Urinary Retention)""	""Doxazosin""",
"""3070""",UNKNOWN,true,"118430	""Methyldopa 500mg tablets""	""Methyldopa""	""500mg""	""Oral tablet""	""Oral""	""Centrally Acting Antihypertensive Products""	""Methyldopa""",
"""91619""",UNKNOWN,true,"13	""Bendroflumethiazide 2.5mg tablets (Arrow Generics Ltd)""	""Bendroflumethiazide""	""2.5mg""	""Oral tablet""	""Oral""	""Thiazides And Related Diuretics""	""Bendroflumethiazide""",
"""45877""",UNKNOWN,true,"14	""Beta-Prograne 160mg modified-release capsules (Teva UK Ltd)""	""Propranolol""	""160mg""	""Modified-release capsule""	""Oral""	""Beta-Adrenoceptor Blockers/Prophylaxis Of Migraine/Drugs For Essential Tremor, Chorea, Tics, And Related Disorders/Antithyroid Products""	""Propranolol""",
"""34581""",UNKNOWN,true,"1805	""Diltiazem HCl 60mg Modified-release tablet (Kent Pharmaceuticals Ltd)""	""Diltiazem""	""60mg""	""Modified-release tablet""	""Oral""	""Calcium-Channel Blockers""	""Diltiazem""",
"""30519""",UNKNOWN,true,"8	""Amiloride with timolol with hydrochlorothiazide tablets""	""Hydrochlorothiazide/Amiloride/Timolol""	NA	""Tablets""	""Oral""	""Thiazides And Related Diuretics/Beta-Adrenoceptor Blockers""	""Hydrochlorothiazide/Amiloride/Timolol""",
"""36939""",UNKNOWN,true,"397	""Irbesartan 300mg/5ml oral suspension""	""Irbesartan""	""60mg/1ml""	""Oral suspension""	""Oral""	""Angiotensin-II Receptor Antagonists""	""Irbesartan""",
"""59512""",UNKNOWN,true,"13	""Hydralazine 50mg/5ml oral solution""	""Hydralazine""	""10mg/1ml""	""Oral solution""	""Oral""	""Vasodilator Antihypertensive Products""	""Hydralazine""",
"""53826""",UNKNOWN,true,"0	""Atenolol 25mg tablets (Boston Healthcare Ltd)""	""Atenolol""	""25mg""	""Oral tablet""	""Oral""	""Beta-Adrenoceptor Blockers""	""Atenolol""",
"""27871""",UNKNOWN,true,"106	""Innovace melt 10mg Wafer (Merck Sharp & Dohme Ltd)""	""Enalapril""	""10mg""	""Wafer""	NA	""Angiotensin-Converting Enzyme Inhibitors (ACE Inhibitors)""	""Enalapril""",
"""84019""",UNKNOWN,true,"0	""Amlodipine 10mg tablets (FDC International Ltd)""	""Amlodipine""	""10mg""	""Oral tablet""	""Oral""	""Calcium-Channel Blockers""	""Amlodipine""",
"""60136""",UNKNOWN,true,"15	""Clonidine 100micrograms/5ml oral solution""	""Clonidine""	""20microgram/1ml""	""Oral solution""	""Oral""	""Centrally Acting Antihypertensive Products/Prophylaxis Of Migraine/Oestrogens And HRT""	""Clonidine""",
"""47573""",UNKNOWN,true,"355	""Sevikar HCT 40mg/5mg/12.5mg tablets (Daiichi Sankyo UK Ltd)""	""Amlodipine/Hydrochlorothiazide/Olmesartan""	""5mg + 12.5mg + 40mg""	""Oral tablet""	""Oral""	""Angiotensin-II Receptor Antagonists""	""Amlodipine/Hydrochlorothiazide/Olmesartan""",
"""78808""",UNKNOWN,true,"0	""Lisinopril 5mg tablets (Sun Pharma UK Ltd)""	""Lisinopril""	""5mg""	""Oral tablet""	""Oral""	""Angiotensin-Converting Enzyme Inhibitors (ACE Inhibitors)""	""Lisinopril""",
"""56510""",UNKNOWN,true,"1059	""Zestril 20mg tablets (Sigma Pharmaceuticals Plc)""	""Lisinopril""	""20mg""	""Oral tablet""	""Oral""	""Angiotensin-Converting Enzyme Inhibitors (ACE Inhibitors)""	""Lisinopril""",
"""83467""",UNKNOWN,true,"0	""Amiloride 5mg tablets (Sun Pharma UK Ltd)""	""Amiloride""	""5mg""	""Oral tablet""	""Oral""	""Potassium-Sparing Diuretics And Aldosterone Antagonists""	""Amiloride""",
"""30272""",UNKNOWN,true,"114	""Benthiazide with Triamterene capsules""	""Triamterene""	NA	""Capsules""	""Oral""	""Thiazides And Related Diuretics/Potassium-Sparing Diuretics With Other Diuretics""	""Triamterene""",
"""42902""",UNKNOWN,true,"973	""Enalapril 20mg tablets (Teva UK Ltd)""	""Enalapril""	""20mg""	""Oral tablet""	""Oral""	""Angiotensin-Converting Enzyme Inhibitors (ACE Inhibitors)""	""Enalapril""",
"""68499""",UNKNOWN,true,"1456	""Felodipine sr 10mg Tablet (Approved Prescription Services Ltd)""	""Felodipine""	""10mg""	""Modified-release tablet""	""Oral""	""Calcium-Channel Blockers""	""Felodipine""",
"""1130""",UNKNOWN,true,"35131	""Viazem XL 300mg capsules (Thornton & Ross Ltd)""	""Diltiazem""	""300mg""	""Modified-release capsule""	""Oral""	""Calcium-Channel Blockers""	""Diltiazem""",
"""74053""",UNKNOWN,true,"20	""Dilzem XL 240 capsules (Sigma Pharmaceuticals Plc)""	""Diltiazem""	""240mg""	""Modified-release capsule""	""Oral""	""Calcium-Channel Blockers""	""Diltiazem""",
"""43508""",UNKNOWN,true,"300	""Co-amilofruse 5mg/40mg tablets (Sandoz Ltd)""	""Amiloride""	""5mg + 40mg""	""Oral tablet""	""Oral""	""Potassium-Sparing Diuretics With Other Diuretics""	""Amiloride""",
"""11338""",UNKNOWN,true,"80	""Bendroflumethiazide 5mg with Nadolol 40mg tablets""	""Bendroflumethiazide/Nadolol""	""5mg + 40mg""	""Tablets""	""Oral""	""Thiazides And Related Diuretics/Beta-Adrenoceptor Blockers""	""Bendroflumethiazide/Nadolol""",
"""4808""",UNKNOWN,true,"101038	""Diltiazem 240mg modified-release capsules""	""Diltiazem""	""240mg""	""Modified-release capsule""	""Oral""	""Calcium-Channel Blockers""	""Diltiazem""",
"""8105""",UNKNOWN,true,"115710	""Innovace 20mg tablets (Organon Pharma (UK) Ltd)""	""Enalapril""	""20mg""	""Oral tablet""	""Oral""	""Angiotensin-Converting Enzyme Inhibitors (ACE Inhibitors)""	""Enalapril""",
"""49762""",UNKNOWN,true,"267	""Nifedipine 10mg modified-release tablets (Alliance Healthcare (Distribution) Ltd)""	""Nifedipine""	""10mg""	""Modified-release tablet""	""Oral""	""Calcium-Channel Blockers""	""Nifedipine""",
"""72043""",UNKNOWN,true,"0	""Atenolol 50mg tablets (Waymade Healthcare Plc)""	""Atenolol""	""50mg""	""Oral tablet""	""Oral""	""Beta-Adrenoceptor Blockers""	""Atenolol""",
"""61924""",UNKNOWN,true,"10	""Timolol 0.5% eye drops (Martindale Pharmaceuticals Ltd)""	""Timolol""	""5mg/1ml""	""Eye drops""	""Ocular""	""Beta-Blockers (In Glaucoma)""	""Timolol""",
"""313""",UNKNOWN,true,"528205	""Timoptol 0.25% eye drops (Santen UK Ltd)""	""Timolol""	""2.5mg/1ml""	""Eye drops""	""Ocular""	""Beta-Blockers (In Glaucoma)""	""Timolol""",
"""31761""",UNKNOWN,true,"26433	""Amlostin 10mg tablets (Discovery Pharmaceuticals)""	""Amlodipine""	""10mg""	""Oral tablet""	""Oral""	""Calcium-Channel Blockers""	""Amlodipine""",
"""54843""",UNKNOWN,true,"19	""Losartan 50mg tablets (Dexcel-Pharma Ltd)""	""Losartan""	""50mg""	""Oral tablet""	""Oral""	""Angiotensin-II Receptor Antagonists""	""Losartan""",
"""45217""",UNKNOWN,true,"74	""Enalapril 5mg tablets (Kent Pharma (UK) Ltd)""	""Enalapril""	""5mg""	""Oral tablet""	""Oral""	""Angiotensin-Converting Enzyme Inhibitors (ACE Inhibitors)""	""Enalapril""",
"""83451""",UNKNOWN,true,"0	""Enalapril 5mg tablets (Almus Pharmaceuticals Ltd)""	""Enalapril""	""5mg""	""Oral tablet""	""Oral""	""Angiotensin-Converting Enzyme Inhibitors (ACE Inhibitors)""	""Enalapril""",
"""67200""",UNKNOWN,true,"2	""Clonidine 10micrograms/5ml oral solution""	""Clonidine""	""2microgram/1ml""	""Oral solution""	""Oral""	""Centrally Acting Antihypertensive Products/Prophylaxis Of Migraine/Oestrogens And HRT""	""Clonidine""",
"""34390""",UNKNOWN,true,"16	""Ramipril 5mg capsules (Genus Pharmaceuticals Ltd)""	""Ramipril""	""5mg""	""Oral capsule""	""Oral""	""Angiotensin-Converting Enzyme Inhibitors (ACE Inhibitors)""	""Ramipril""",
"""58""",UNKNOWN,true,"3016457	""Bendroflumethiazide 5mg tablets""	""Bendroflumethiazide""	""5mg""	""Oral tablet""	""Oral""	""Thiazides And Related Diuretics""	""Bendroflumethiazide""",
"""83704""",UNKNOWN,true,"25615	""Spironolactone 12.5mg tablets""	""Spironolactone""	""12.5mg""	""Oral tablet""	""Oral""	""Potassium-Sparing Diuretics And Aldosterone Antagonists""	""Spironolactone""",
"""5290""",UNKNOWN,true,"769766	""Dorzolamide 20mg/ml / Timolol 5mg/ml eye drops""	""Timolol""	""20mg/1ml + 5mg/1ml""	""Eye drops""	""Ocular""	""Beta-Blockers (In Glaucoma)/Carbonic Anhydrase Inhibitors And Systemic Drugs (In Glaucoma)""	""Timolol""",
"""34059""",UNKNOWN,true,"8602	""Bendroflumethiazide 2.5mg tablets (Accord-UK Ltd)""	""Bendroflumethiazide""	""2.5mg""	""Oral tablet""	""Oral""	""Thiazides And Related Diuretics/Hypercalcaemia And Hypercalciuria""	""Bendroflumethiazide""",
"""7398""",UNKNOWN,true,"58881	""Viazem XL 360mg capsules (Thornton & Ross Ltd)""	""Diltiazem""	""360mg""	""Modified-release capsule""	""Oral""	""Calcium-Channel Blockers""	""Diltiazem""",
"""34783""",UNKNOWN,true,"538	""Propranolol 10mg tablets (Actavis UK Ltd)""	""Propranolol""	""10mg""	""Oral tablet""	""Oral""	""Beta-Adrenoceptor Blockers/Prophylaxis Of Migraine/Drugs For Essential Tremor, Chorea, Tics, And Related Disorders/Antithyroid Products""	""Propranolol""",
"""62860""",UNKNOWN,true,"0	""Enalapril 5mg tablets (DE Pharmaceuticals)""	""Enalapril""	""5mg""	""Oral tablet""	""Oral""	""Angiotensin-Converting Enzyme Inhibitors (ACE Inhibitors)""	""Enalapril""",
"""77962""",UNKNOWN,true,"1	""Adalat LA 20mg tablets (Lexon (UK) Ltd)""	""Nifedipine""	""20mg""	""Modified-release tablet""	""Oral""	""Calcium-Channel Blockers""	""Nifedipine""",
"""71010""",UNKNOWN,true,"0	""Spironolactone 25mg tablets (Genesis Pharmaceuticals Ltd)""	""Spironolactone""	""25mg""	""Oral tablet""	""Oral""	""Potassium-Sparing Diuretics And Aldosterone Antagonists""	""Spironolactone""",
"""80876""",UNKNOWN,true,"2	""Propranolol 80mg tablets (Alliance Healthcare (Distribution) Ltd)""	""Propranolol""	""80mg""	""Oral tablet""	""Oral""	""Beta-Adrenoceptor Blockers/Prophylaxis Of Migraine/Drugs For Essential Tremor, Chorea, Tics, And Related Disorders/Antithyroid Products""	""Propranolol""",
"""33724""",UNKNOWN,true,"37	""Diuril 250mg/5ml oral suspension (Imported (United States))""	""Chlorothiazide""	""50mg/1ml""	""Oral suspension""	""Oral""	""Thiazides And Related Diuretics""	""Chlorothiazide""",
"""66191""",UNKNOWN,true,"233	""Adalat retard 20mg tablets (DE Pharmaceuticals)""	""Nifedipine""	""20mg""	""Modified-release tablet""	""Oral""	""Calcium-Channel Blockers""	""Nifedipine""",
"""1686""",UNKNOWN,true,"352618	""Diltiazem 90mg modified-release capsules""	""Diltiazem""	""90mg""	""Modified-release capsule""	""Oral""	""Calcium-Channel Blockers""	""Diltiazem""",
"""44858""",UNKNOWN,true,"174	""Atenolol 25mg tablets (Actavis UK Ltd)""	""Atenolol""	""25mg""	""Oral tablet""	""Oral""	""Beta-Adrenoceptor Blockers""	""Atenolol""",
"""29627""",UNKNOWN,true,"6990	""Lopace 2.5mg capsules (Discovery Pharmaceuticals)""	""Ramipril""	""2.5mg""	""Oral capsule""	""Oral""	""Angiotensin-Converting Enzyme Inhibitors (ACE Inhibitors)""	""Ramipril""",
"""79206""",UNKNOWN,true,"0	""Lisinopril 2.5mg tablets (Phoenix Healthcare Distribution Ltd)""	""Lisinopril""	""2.5mg""	""Oral tablet""	""Oral""	""Angiotensin-Converting Enzyme Inhibitors (ACE Inhibitors)""	""Lisinopril""",
"""49684""",UNKNOWN,true,"144	""Clonidine 100micrograms/24hours transdermal patches""	""Clonidine""	""100microgram/24hour""	""Transdermal patch""	""Transdermal""	""Centrally Acting Antihypertensive Products""	""Clonidine""",
"""48682""",UNKNOWN,true,"4428	""Propranolol 50mg/5ml oral solution sugar free""	""Propranolol""	""10mg/1ml""	""Oral solution""	""Oral""	""Beta-Adrenoceptor Blockers/Prophylaxis Of Migraine/Drugs For Essential Tremor, Chorea, Tics, And Related Disorders/Antithyroid Products""	""Propranolol""",
"""13499""",UNKNOWN,true,"19168	""Lopresor 100mg Tablet (Novartis Pharmaceuticals UK Ltd)""	""Metoprolol""	""100mg""	""Oral tablet""	""Oral""	""Beta-Adrenoceptor Blockers""	""Metoprolol""",
"""662""",UNKNOWN,true,"93095	""Adalat 5mg capsules (Bayer Plc)""	""Nifedipine""	""5mg""	""Oral capsule""	""Oral""	""Calcium-Channel Blockers""	""Nifedipine""",
"""32634""",UNKNOWN,true,"1496	""Timolol 0.25% eye drops (Teva UK Ltd)""	""Timolol""	""2.5mg/1ml""	""Eye drops""	""Ocular""	""Beta-Blockers (In Glaucoma)""	""Timolol""",
"""36664""",UNKNOWN,true,"1	""Zemret xl 300mg Capsule (Neo Laboratories Ltd)""	""Diltiazem""	""300mg""	""Modified-release capsule""	""Oral""	""Calcium-Channel Blockers""	""Diltiazem""",
"""2378""",UNKNOWN,true,"706444	""Timoptol 0.5% eye drops (Santen UK Ltd)""	""Timolol""	""5mg/1ml""	""Eye drops""	""Ocular""	""Beta-Blockers (In Glaucoma)""	""Timolol""",
"""34696""",UNKNOWN,true,"42	""Lisinopril 20mg tablets (Viatris UK Healthcare Ltd)""	""Lisinopril""	""20mg""	""Oral tablet""	""Oral""	""Angiotensin-Converting Enzyme Inhibitors (ACE Inhibitors)""	""Lisinopril""",
"""27984""",UNKNOWN,true,"7	""GUANETHIDINE 1% ADRENALINE 0.5% DROPS % EYE""	""Guanethidine""	NA	NA	NA	""Unknown""	""Guanethidine""",
"""71702""",UNKNOWN,true,"1	""Diltiazem 60mg/5ml oral solution (Special Order)""	""Diltiazem""	""12mg/1ml""	""Oral solution""	""Oral""	""Calcium-Channel Blockers""	""Diltiazem""",
"""61495""",UNKNOWN,true,"0	""Losartan 25mg tablets (Aptil Pharma Ltd)""	""Losartan""	""25mg""	""Oral tablet""	""Oral""	""Angiotensin-II Receptor Antagonists""	""Losartan""",
"""49164""",UNKNOWN,true,"3	""Ramipril 10mg capsules (Accord-UK Ltd)""	""Ramipril""	""10mg""	""Oral capsule""	""Oral""	""Angiotensin-Converting Enzyme Inhibitors (ACE Inhibitors)""	""Ramipril""",
"""9223""",UNKNOWN,true,"28206	""Triamterene with hydrochlorothiazide 50mg + 25mg Tablet""	""Hydrochlorothiazide/Triamterene""	""50mg + 25mg""	""Tablet""	""Oral""	""Thiazides And Related Diuretics/Potassium-Sparing Diuretics With Other Diuretics""	""Hydrochlorothiazide/Triamterene""",
"""47732""",UNKNOWN,true,"239	""Zemret 180 XL capsules (Tillomed Laboratories Ltd)""	""Diltiazem""	""180mg""	""Modified-release capsule""	""Oral""	""Calcium-Channel Blockers""	""Diltiazem""",
"""79723""",UNKNOWN,true,"1	""Losartan 20mg/5ml oral suspension""	""Losartan""	""4mg/1ml""	""Oral suspension""	""Oral""	""Angiotensin-II Receptor Antagonists""	""Losartan""",
"""53500""",UNKNOWN,true,"691	""Adalat LA 30 tablets (DE Pharmaceuticals)""	""Nifedipine""	""30mg""	""Modified-release tablet""	""Oral""	""Calcium-Channel Blockers""	""Nifedipine""",
"""13415""",UNKNOWN,true,"7591	""Corgard 40mg tablets (Sanofi-Synthelabo Ltd)""	""Nadolol""	""40mg""	""Oral tablet""	""Oral""	""Beta-Adrenoceptor Blockers""	""Nadolol""",
"""57333""",UNKNOWN,true,"105	""Perindopril tosilate 5mg tablets""	""Perindopril""	""5mg""	""Oral tablet""	""Oral""	""Angiotensin-Converting Enzyme Inhibitors (ACE Inhibitors)""	""Perindopril""",
"""15127""",UNKNOWN,true,"1495	""Hydrochlorothiazide with triamterene 25mgwith50mg Tablet""	""Hydrochlorothiazide/Triamterene""	""25mg+50mg""	""Tablet""	""Oral""	""Thiazides And Related Diuretics/Potassium-Sparing Diuretics With Other Diuretics""	""Hydrochlorothiazide/Triamterene""",
"""61694""",UNKNOWN,true,"0	""Ramipril 5mg tablets (Zentiva Pharma UK Ltd)""	""Ramipril""	""5mg""	""Oral tablet""	""Oral""	""Angiotensin-Converting Enzyme Inhibitors (ACE Inhibitors)""	""Ramipril""",
"""75862""",UNKNOWN,true,"2044	""Amlodipine 5mg/5ml oral suspension sugar free""	""Amlodipine""	""1mg/1ml""	""Oral suspension""	""Oral""	""Calcium-Channel Blockers""	""Amlodipine""",
"""26309""",UNKNOWN,true,"1062	""Optil xl 240mg Modified-release capsule (Opus Pharmaceuticals Ltd)""	""Diltiazem""	""240mg""	""Modified-release capsule""	""Oral""	""Calcium-Channel Blockers""	""Diltiazem""",
"""34429""",UNKNOWN,true,"21	""Ramipril 5mg capsules (Viatris UK Healthcare Ltd)""	""Ramipril""	""5mg""	""Oral capsule""	""Oral""	""Angiotensin-Converting Enzyme Inhibitors (ACE Inhibitors)""	""Ramipril""",
"""2649""",UNKNOWN,true,"18165	""METHYLDOPA 250 MG CAP""	""Methyldopa""	NA	NA	NA	""Unknown""	""Methyldopa""",
"""8268""",UNKNOWN,true,"143435	""Zestril 20mg tablets (Atnahs Pharma UK Ltd)""	""Lisinopril""	""20mg""	""Oral tablet""	""Oral""	""Angiotensin-Converting Enzyme Inhibitors (ACE Inhibitors)""	""Lisinopril""",
"""67269""",UNKNOWN,true,"1744	""Coversyl 2mg tablets (Waymade Healthcare Plc)""	""Perindopril""	""2mg""	""Oral tablet""	""Oral""	""Angiotensin-Converting Enzyme Inhibitors (ACE Inhibitors)""	""Perindopril""",
"""7066""",UNKNOWN,true,"4665	""Metoprolol 100mg / Hydrochlorothiazide 12.5mg tablets""	""Hydrochlorothiazide/Metoprolol""	""12.5mg + 100mg""	""Oral tablet""	""Oral""	""Unknown""	""Hydrochlorothiazide/Metoprolol""",
"""8077""",UNKNOWN,true,"38579	""Hytrin 2mg Tablet (Abbott Laboratories Ltd)""	""Terazosin""	""2mg""	""Oral tablet""	""Oral""	""Alpha-Adrenoceptor Blockers/Alpha-Blockers (In Urinary Retention)""	""Terazosin""",
"""57977""",UNKNOWN,true,"0	""Candesartan 16mg tablets (Alliance Healthcare (Distribution) Ltd)""	""Candesartan""	""16mg""	""Oral tablet""	""Oral""	""Angiotensin-II Receptor Antagonists""	""Candesartan""",
"""71215""",UNKNOWN,true,"22	""Irbesartan 75mg tablets (Actavis UK Ltd)""	""Irbesartan""	""75mg""	""Oral tablet""	""Oral""	""Angiotensin-II Receptor Antagonists""	""Irbesartan""",
"""11156""",UNKNOWN,true,"670	""Spirolone 25mg Tablet (Berk Pharmaceuticals Ltd)""	""Spironolactone""	""25mg""	""Oral tablet""	""Oral""	""Potassium-Sparing Diuretics And Aldosterone Antagonists""	""Spironolactone""",
"""53915""",UNKNOWN,true,"0	""Enalapril 5mg tablets (Dexcel-Pharma Ltd)""	""Enalapril""	""5mg""	""Oral tablet""	""Oral""	""Angiotensin-Converting Enzyme Inhibitors (ACE Inhibitors)""	""Enalapril""",
"""60898""",UNKNOWN,true,"7	""Moxonidine 200microgram tablets (Viatris UK Healthcare Ltd)""	""Moxonidine""	""200microgram""	""Oral tablet""	""Oral""	""Centrally Acting Antihypertensive Products""	""Moxonidine""",
"""13821""",UNKNOWN,true,"18521	""Micardis 40mg tablets (Boehringer Ingelheim Ltd)""	""Telmisartan""	""40mg""	""Oral tablet""	""Oral""	""Angiotensin-II Receptor Antagonists""	""Telmisartan""",
"""31810""",UNKNOWN,true,"5	""Odrik 1mg capsules (Aventis Pharma)""	""Trandolapril""	""1mg""	""Oral capsule""	""Oral""	""Angiotensin-Converting Enzyme Inhibitors (ACE Inhibitors)""	""Trandolapril""",
"""84039""",UNKNOWN,true,"0	""Lisinopril 2.5mg tablets (Medihealth (Northern) Ltd)""	""Lisinopril""	""2.5mg""	""Oral tablet""	""Oral""	""Angiotensin-Converting Enzyme Inhibitors (ACE Inhibitors)""	""Lisinopril""",
"""30127""",UNKNOWN,true,"20	""Ismelin 10mg/ml Injection (Sovereign Medical Ltd)""	""Guanethidine""	""10mg/1ml""	""Solution for injection""	""Intramuscular""	""Adrenergic Neurone Blockers""	""Guanethidine""",
"""20656""",UNKNOWN,true,"421	""Serpasil 250microgram Tablet (Novartis Pharmaceuticals UK Ltd)""	""Reserpine""	""250microgram""	""Tablet""	""Oral""	""Centrally Acting Antihypertensive Products""	""Reserpine""",
"""74001""",UNKNOWN,true,"230	""Adalat LA 20mg tablets (Dowelhurst Ltd)""	""Nifedipine""	""20mg""	""Modified-release tablet""	""Oral""	""Calcium-Channel Blockers""	""Nifedipine""",
"""83207""",UNKNOWN,true,"5	""Atenolol 100mg tablets (Bristol Laboratories Ltd)""	""Atenolol""	""100mg""	""Oral tablet""	""Oral""	""Beta-Adrenoceptor Blockers""	""Atenolol""",
"""33353""",UNKNOWN,true,"387	""Lisinopril 20mg / Hydrochlorothiazide 12.5mg tablets (Teva UK Ltd)""	""Hydrochlorothiazide/Lisinopril""	""20mg + 12.5mg""	""Oral tablet""	""Oral""	""Thiazides And Related Diuretics/Angiotensin-Converting Enzyme Inhibitors (ACE Inhibitors)""	""Hydrochlorothiazide/Lisinopril""",
"""4732""",UNKNOWN,true,"150215	""Diltiazem 90mg modified-release tablets""	""Diltiazem""	""90mg""	""Modified-release tablet""	""Oral""	""Calcium-Channel Blockers""	""Diltiazem""",
"""39021""",UNKNOWN,true,"51	""Hydrochlorothiazide with olmesartan medoxomil 25mg with 20mg tablet""	""Hydrochlorothiazide/Olmesartan""	""25mg + 20mg""	""Tablet""	""Oral""	""Thiazides And Related Diuretics/Angiotensin-II Receptor Antagonists""	""Hydrochlorothiazide/Olmesartan""",
"""83879""",UNKNOWN,true,"3	""Travoprost 40micrograms/ml / Timolol 5mg/ml eye drops (A A H Pharmaceuticals Ltd)""	""Timolol""	""5mg/1ml + 40microgram/1ml""	""Eye drops""	""Ocular""	""Beta-Blockers (In Glaucoma)/Prostaglandin Analogues (In Glaucoma)""	""Timolol""",
"""31297""",UNKNOWN,true,"1	""GUANETHIDINE DROPS .5 % EYE""	""Guanethidine""	NA	NA	NA	""Unknown""	""Guanethidine""",
"""737""",UNKNOWN,true,"418266	""Nifedipine 20mg modified-release capsules""	""Nifedipine""	""20mg""	""Modified-release capsule""	""Oral""	""Calcium-Channel Blockers""	""Nifedipine""",
"""17666""",UNKNOWN,true,"52946	""Viazem XL 180mg capsules (Thornton & Ross Ltd)""	""Diltiazem""	""180mg""	""Modified-release capsule""	""Oral""	""Calcium-Channel Blockers""	""Diltiazem""",
"""85631""",UNKNOWN,true,"18	""Lisoretic 10mg/12.5mg tablets (Bristol Laboratories Ltd)""	""Hydrochlorothiazide/Lisinopril""	""10mg + 12.5mg""	""Oral tablet""	""Oral""	""Thiazides And Related Diuretics/Angiotensin-Converting Enzyme Inhibitors (ACE Inhibitors)""	""Hydrochlorothiazide/Lisinopril""",
"""45759""",UNKNOWN,true,"11	""Diltiazem HCl 240mg Capsule (PLIVA Pharma Ltd)""	""Diltiazem""	""240mg""	""Modified-release capsule""	""Oral""	""Calcium-Channel Blockers""	""Diltiazem""",
"""52658""",UNKNOWN,true,"54	""Losartan 100mg/5ml oral suspension""	""Losartan""	""20mg/1ml""	""Oral suspension""	""Oral""	""Angiotensin-II Receptor Antagonists""	""Losartan""",
"""28129""",UNKNOWN,true,"670	""Co-amilofruse 5mg/40mg tablets (Teva UK Ltd)""	""Amiloride""	""5mg + 40mg""	""Oral tablet""	""Oral""	""Potassium-Sparing Diuretics With Other Diuretics""	""Amiloride""",
"""18325""",UNKNOWN,true,"7987	""Acepril 50mg tablets (Bristol-Myers Squibb Pharmaceuticals Ltd)""	""Captopril""	""50mg""	""Oral tablet""	""Oral""	""Angiotensin-Converting Enzyme Inhibitors (ACE Inhibitors)""	""Captopril""",
"""53177""",UNKNOWN,true,"31	""Propranolol oral solution""	""Propranolol""	NA	""Oral solution""	""Oral""	""Supraventricular Arrhythmias/Beta-Adrenoceptor Blockers""	""Propranolol""",
"""13243""",UNKNOWN,true,"953315	""Lercanidipine 20mg tablets""	""Lercanidipine""	""20mg""	""Oral tablet""	""Oral""	""Calcium-Channel Blockers""	""Lercanidipine""",
"""7280""",UNKNOWN,true,"57276	""Plendil 10mg modified-release tablets (AstraZeneca UK Ltd)""	""Felodipine""	""10mg""	""Modified-release tablet""	""Oral""	""Calcium-Channel Blockers""	""Felodipine""",
"""77366""",UNKNOWN,true,"214	""Timoptol 0.25% eye drops (Sigma Pharmaceuticals Plc)""	""Timolol""	""2.5mg/1ml""	""Eye drops""	""Ocular""	""Beta-Blockers (In Glaucoma)""	""Timolol""",
"""53204""",UNKNOWN,true,"0	""Atenolol 50mg tablets (Alliance Healthcare (Distribution) Ltd)""	""Atenolol""	""50mg""	""Oral tablet""	""Oral""	""Beta-Adrenoceptor Blockers""	""Atenolol""",
"""34953""",UNKNOWN,true,"4	""Enalapril 20mg tablets (Zentiva Pharma UK Ltd)""	""Enalapril""	""20mg""	""Oral tablet""	""Oral""	""Angiotensin-Converting Enzyme Inhibitors (ACE Inhibitors)""	""Enalapril""",
"""34937""",UNKNOWN,true,"157	""Captopril 50mg Tablet (IVAX Pharmaceuticals UK Ltd)""	""Captopril""	""50mg""	""Oral tablet""	""Oral""	""Angiotensin-Converting Enzyme Inhibitors (ACE Inhibitors)""	""Captopril""",
"""25645""",UNKNOWN,true,"7	""Seominal Tablet (Sterling-Winthrop)""	""Reserpine""	NA	""Tablet""	""Oral""	""Centrally Acting Antihypertensive Products""	""Reserpine""",
"""31587""",UNKNOWN,true,"37	""Innovace melt 20mg Wafer (Merck Sharp & Dohme Ltd)""	""Enalapril""	""20mg""	""Wafer""	NA	""Angiotensin-Converting Enzyme Inhibitors (ACE Inhibitors)""	""Enalapril""",
"""33850""",UNKNOWN,true,"492	""Atenolol 50mg tablets (Actavis UK Ltd)""	""Atenolol""	""50mg""	""Oral tablet""	""Oral""	""Beta-Adrenoceptor Blockers""	""Atenolol""",
"""11937""",UNKNOWN,true,"4521	""Ramipril 2.5mg/5ml oral suspension""	""Ramipril""	""500microgram/1ml""	""Oral suspension""	""Oral""	""Angiotensin-Converting Enzyme Inhibitors (ACE Inhibitors)""	""Ramipril""",
"""82427""",UNKNOWN,true,"0	""Amias 4mg tablets (Lexon (UK) Ltd)""	""Candesartan""	""4mg""	""Oral tablet""	""Oral""	""Angiotensin-II Receptor Antagonists""	""Candesartan""",
"""66623""",UNKNOWN,true,"0	""Trandolapril 2mg capsules (A A H Pharmaceuticals Ltd)""	""Trandolapril""	""2mg""	""Oral capsule""	""Oral""	""Angiotensin-Converting Enzyme Inhibitors (ACE Inhibitors)""	""Trandolapril""",
"""81207""",UNKNOWN,true,"0	""Tildiem Retard 90mg tablets (Mawdsley-Brooks & Company Ltd)""	""Diltiazem""	""90mg""	""Modified-release tablet""	""Oral""	""Calcium-Channel Blockers""	""Diltiazem""",
"""9993""",UNKNOWN,true,"141233	""Timoptol-LA 0.5% ophthalmic gel-forming solution (Santen UK Ltd)""	""Timolol""	""5mg/1ml""	""Eye gel""	""Ocular""	""Beta-Blockers (In Glaucoma)""	""Timolol""",
"""19172""",UNKNOWN,true,"5006	""Atenolol 25mg tablets (IVAX Pharmaceuticals UK Ltd)""	""Atenolol""	""25mg""	""Oral tablet""	""Oral""	""Beta-Adrenoceptor Blockers""	""Atenolol""",
"""47285""",UNKNOWN,true,"39	""Nifedipine xl 60mg Tablet (Hillcross Pharmaceuticals Ltd)""	""Nifedipine""	""60mg""	""Modified-release tablet""	""Oral""	""Calcium-Channel Blockers""	""Nifedipine""",
"""66910""",UNKNOWN,true,"0	""Felodipine 2.5mg modified-release tablets (DE Pharmaceuticals)""	""Felodipine""	""2.5mg""	""Modified-release tablet""	""Oral""	""Calcium-Channel Blockers""	""Felodipine""",
"""81900""",UNKNOWN,true,"7	""Diltiazem 1% cream""	""Diltiazem""	""10mg/1gram""	""Cream""	""Route of administration not applicable""	""Local Products For Anal Or Rectal Problems/Calcium-Channel Blockers""	""Diltiazem""",
"""80451""",UNKNOWN,true,"0	""Ramipril 1.25mg capsules (Ennogen Healthcare International Ltd)""	""Ramipril""	""1.25mg""	""Oral capsule""	""Oral""	""Angiotensin-Converting Enzyme Inhibitors (ACE Inhibitors)""	""Ramipril""",
"""3720""",UNKNOWN,true,"73503	""Zestril 2.5mg tablets (AstraZeneca UK Ltd)""	""Lisinopril""	""2.5mg""	""Oral tablet""	""Oral""	""Angiotensin-Converting Enzyme Inhibitors (ACE Inhibitors)""	""Lisinopril""",
"""48049""",UNKNOWN,true,"16	""Perindopril erbumine 2mg tablets (Viatris UK Healthcare Ltd)""	""Perindopril""	""2mg""	""Oral tablet""	""Oral""	""Angiotensin-Converting Enzyme Inhibitors (ACE Inhibitors)""	""Perindopril""",
"""69202""",UNKNOWN,true,"8	""Nifedipine 2mg/5ml oral suspension""	""Nifedipine""	""400microgram/1ml""	""Oral suspension""	""Oral""	""Calcium-Channel Blockers""	""Nifedipine""",
"""70116""",UNKNOWN,true,"12	""Metoprolol 50mg/5ml oral solution""	""Metoprolol""	""10mg/1ml""	""Oral solution""	""Oral""	""Beta-Adrenoceptor Blockers/Prophylaxis Of Migraine""	""Metoprolol""",
"""41573""",UNKNOWN,true,"848	""Lisopress 10mg tablets (Teva UK Ltd)""	""Lisinopril""	""10mg""	""Oral tablet""	""Oral""	""Angiotensin-Converting Enzyme Inhibitors (ACE Inhibitors)""	""Lisinopril""",
"""18403""",UNKNOWN,true,"245	""Diltiazem HCl 180mg Modified-release capsule (Hillcross Pharmaceuticals Ltd)""	""Diltiazem""	""180mg""	""Modified-Release Capsule""	""Oral""	""Calcium-Channel Blockers""	""Diltiazem""",
"""73992""",UNKNOWN,true,"631	""Adalat LA 60 tablets (Dowelhurst Ltd)""	""Nifedipine""	""60mg""	""Modified-release tablet""	""Oral""	""Calcium-Channel Blockers""	""Nifedipine""",
"""12546""",UNKNOWN,true,"6472	""Kalspare Tablet (Dominion Pharma)""	""Chlortalidone/Triamterene""	""50mg + 50mg""	""Oral tablet""	""Oral""	""Thiazides And Related Diuretics/Potassium-Sparing Diuretics With Other Diuretics""	""Chlortalidone/Triamterene""",
"""7288""",UNKNOWN,true,"46152	""Brimonidine 2mg/ml / Timolol 5mg/ml eye drops""	""Timolol""	""2mg/1ml + 5mg/1ml""	""Eye drops""	""Ocular""	""Sympathomimetics (In Glaucoma)""	""Timolol""",
"""46066""",UNKNOWN,true,"93	""Cardozin XL 4mg tablets (Almus Pharmaceuticals Ltd)""	""Doxazosin""	""4mg""	""Modified-release tablet""	""Oral""	""Alpha-Adrenoceptor Blockers/Alpha-Blockers (In Urinary Retention)""	""Doxazosin""",
"""85722""",UNKNOWN,true,"1	""Moxonidine 400microgram tablets (Tillomed Laboratories Ltd)""	""Moxonidine""	""400microgram""	""Oral tablet""	""Oral""	""Centrally Acting Antihypertensive Products""	""Moxonidine""",
"""76488""",UNKNOWN,true,"2	""Nifedipine 5mg capsules (Strides Pharma UK Ltd)""	""Nifedipine""	""5mg""	""Oral capsule""	""Oral""	""Calcium-Channel Blockers""	""Nifedipine""",
"""5319""",UNKNOWN,true,"133655	""Timoptol-LA 0.25% ophthalmic gel-forming solution (Santen UK Ltd)""	""Timolol""	""2.5mg/1ml""	""Eye gel""	""Ocular""	""Beta-Blockers (In Glaucoma)""	""Timolol""",
"""7333""",UNKNOWN,true,"3700	""Minoxidil 2% solution""	""Minoxidil""	""20mg/1ml""	""Cutaneous solution""	""Cutaneous""	""Androgenetic Alopecia""	""Minoxidil""",
"""25086""",UNKNOWN,true,"1	""SPIRONOLACTONE""	""Spironolactone""	NA	NA	NA	""Unknown""	""Spironolactone""",
"""9162""",UNKNOWN,true,"6	""Glaucol 0.25% Eye drops (IVAX Pharmaceuticals UK Ltd)""	""Timolol""	""2.5mg/1ml""	""Eye drops""	""Ocular""	""Beta-Blockers (In Glaucoma)""	""Timolol""",
"""70455""",UNKNOWN,true,"19	""Candesartan 4mg/5ml oral suspension""	""Candesartan""	""800microgram/1ml""	""Oral suspension""	""Oral""	""Angiotensin-II Receptor Antagonists""	""Candesartan""",
"""61499""",UNKNOWN,true,"2	""Ramipril 2.5mg tablets (Accord-UK Ltd)""	""Ramipril""	""2.5mg""	""Oral tablet""	""Oral""	""Angiotensin-Converting Enzyme Inhibitors (ACE Inhibitors)""	""Ramipril""",
"""3222""",UNKNOWN,true,"1466866	""Valsartan 80mg capsules""	""Valsartan""	""80mg""	""Oral capsule""	""Oral""	""Angiotensin-II Receptor Antagonists""	""Valsartan""",
"""33837""",UNKNOWN,true,"21	""Amiloride 5mg tablets (A A H Pharmaceuticals Ltd)""	""Amiloride""	""5mg""	""Oral tablet""	""Oral""	""Potassium-Sparing Diuretics And Aldosterone Antagonists""	""Amiloride""",
"""66670""",UNKNOWN,true,"0	""Metoprolol 100mg tablets (Alliance Healthcare (Distribution) Ltd)""	""Metoprolol""	""100mg""	""Oral tablet""	""Oral""	""Beta-Adrenoceptor Blockers/Prophylaxis Of Migraine""	""Metoprolol""",
"""34890""",UNKNOWN,true,"91	""Metoprolol 50mg Tablet (Berk Pharmaceuticals Ltd)""	""Metoprolol""	""50mg""	""Oral tablet""	""Oral""	""Beta-Adrenoceptor Blockers""	""Metoprolol""",
"""88499""",UNKNOWN,true,"0	""Irbesartan 75mg tablets (Waymade Healthcare Plc)""	""Irbesartan""	""75mg""	""Oral tablet""	""Oral""	""Angiotensin-II Receptor Antagonists""	""Irbesartan""",
"""54297""",UNKNOWN,true,"35	""Propranolol 50mg/5ml oral solution""	""Propranolol""	""10mg/1ml""	""Oral solution""	""Oral""	""Beta-Adrenoceptor Blockers/Prophylaxis Of Migraine/Drugs For Essential Tremor, Chorea, Tics, And Related Disorders/Antithyroid Products""	""Propranolol""",
"""20890""",UNKNOWN,true,"65595	""Zemtard 240 XL capsules (Galen Ltd)""	""Diltiazem""	""240mg""	""Modified-release capsule""	""Oral""	""Calcium-Channel Blockers""	""Diltiazem""",
"""58276""",UNKNOWN,true,"0	""Doxazosin 2mg tablets (Medreich Plc)""	""Doxazosin""	""2mg""	""Oral tablet""	""Oral""	""Alpha-Adrenoceptor Blockers/Alpha-Blockers (In Urinary Retention)""	""Doxazosin""",
"""17640""",UNKNOWN,true,"35865	""Amlostin 5mg tablets (Discovery Pharmaceuticals)""	""Amlodipine""	""5mg""	""Oral tablet""	""Oral""	""Calcium-Channel Blockers""	""Amlodipine""",
"""9456""",UNKNOWN,true,"3637	""Amiloride 5mg / furosemide 40mg tablets""	""Amiloride""	""5mg + 40mg""	""Tablets""	""Oral""	""Loop Diuretics/Potassium-Sparing Diuretics With Other Diuretics""	""Amiloride""",
"""53058""",UNKNOWN,true,"0	""Perindopril erbumine 8mg tablets (Sandoz Ltd)""	""Perindopril""	""8mg""	""Oral tablet""	""Oral""	""Angiotensin-Converting Enzyme Inhibitors (ACE Inhibitors)""	""Perindopril""",
"""11567""",UNKNOWN,true,"9210	""Ramipril 5mg with felodipine 5mg modified-release tablet""	""Felodipine/Ramipril""	""5mg + 5mg""	""Modified Release Tablet""	""Oral""	""Angiotensin-Converting Enzyme Inhibitors (ACE Inhibitors)/Calcium-Channel Blockers""	""Felodipine/Ramipril""",
"""79622""",UNKNOWN,true,"0	""Propranolol 40mg tablets (DE Pharmaceuticals)""	""Propranolol""	""40mg""	""Oral tablet""	""Oral""	""Beta-Adrenoceptor Blockers/Prophylaxis Of Migraine/Drugs For Essential Tremor, Chorea, Tics, And Related Disorders/Antithyroid Products""	""Propranolol""",
"""1125""",UNKNOWN,true,"224613	""Navidrex -k Tablet (Novartis Pharmaceuticals UK Ltd)""	""Cyclopenthiazide""	NA	""Tablet""	""Oral""	""Thiazides And Related Diuretics""	""Cyclopenthiazide""",
"""16632""",UNKNOWN,true,"1120	""Hydrosaluric 50mg tablets (Organon Pharma (UK) Ltd)""	""Hydrochlorothiazide""	""50mg""	""Oral tablet""	""Oral""	""Thiazides And Related Diuretics""	""Hydrochlorothiazide""",
"""87598""",UNKNOWN,true,"0	""Propranolol 40mg tablets (Bristol Laboratories Ltd)""	""Propranolol""	""40mg""	""Oral tablet""	""Oral""	""Beta-Adrenoceptor Blockers/Prophylaxis Of Migraine/Drugs For Essential Tremor, Chorea, Tics, And Related Disorders/Antithyroid Products""	""Propranolol""",
"""72782""",UNKNOWN,true,"758	""Eysano 5mg/ml eye drops (Aspire Pharma Ltd)""	""Timolol""	""5mg/1ml""	""Eye drops""	""Ocular""	""Beta-Blockers (In Glaucoma)""	""Timolol""",
"""55259""",UNKNOWN,true,"0	""Indapamide 2.5mg tablets (Kent Pharma (UK) Ltd)""	""Indapamide""	""2.5mg""	""Oral tablet""	""Oral""	""Thiazides And Related Diuretics""	""Indapamide""",
"""12411""",UNKNOWN,true,"4537	""Cilazapril 500microgram tablets""	""Cilazapril""	""500microgram""	""Oral tablet""	""Oral""	""Angiotensin-Converting Enzyme Inhibitors (ACE Inhibitors)""	""Cilazapril""",
"""5735""",UNKNOWN,true,"40606	""Tritace 5mg capsules (Sanofi)""	""Ramipril""	""5mg""	""Oral capsule""	""Oral""	""Angiotensin-Converting Enzyme Inhibitors (ACE Inhibitors)""	""Ramipril""",
"""46974""",UNKNOWN,true,"7	""Enalapril 5mg tablets (Viatris UK Healthcare Ltd)""	""Enalapril""	""5mg""	""Oral tablet""	""Oral""	""Angiotensin-Converting Enzyme Inhibitors (ACE Inhibitors)""	""Enalapril""",
"""58461""",UNKNOWN,true,"6	""Lisinopril 2.5mg tablets (Kent Pharma (UK) Ltd)""	""Lisinopril""	""2.5mg""	""Oral tablet""	""Oral""	""Angiotensin-Converting Enzyme Inhibitors (ACE Inhibitors)""	""Lisinopril""",
"""92206""",UNKNOWN,true,"0	""Propranolol 10mg tablets (AAH Hillcross)""	""Propranolol""	""10mg""	""Oral tablet""	""Oral""	""Beta-Adrenoceptor Blockers/Prophylaxis Of Migraine/Drugs For Essential Tremor, Chorea, Tics, And Related Disorders/Antithyroid Products""	""Propranolol""",
"""74108""",UNKNOWN,true,"504	""Amlodipine 5mg tablets (Sigma Pharmaceuticals Plc)""	""Amlodipine""	""5mg""	""Oral tablet""	""Oral""	""Calcium-Channel Blockers""	""Amlodipine""",
"""2612""",UNKNOWN,true,"3834493	""Indapamide 2.5mg tablets""	""Indapamide""	""2.5mg""	""Oral tablet""	""Oral""	""Thiazides And Related Diuretics""	""Indapamide""",
"""54057""",UNKNOWN,true,"51	""Losartan 50mg tablets (Teva UK Ltd)""	""Losartan""	""50mg""	""Oral tablet""	""Oral""	""Angiotensin-II Receptor Antagonists""	""Losartan""",
"""76252""",UNKNOWN,true,"7	""Propranolol 160mg modified-release capsules (Teva UK Ltd)""	""Propranolol""	""160mg""	""Modified-release capsule""	""Oral""	""Beta-Adrenoceptor Blockers/Prophylaxis Of Migraine/Drugs For Essential Tremor, Chorea, Tics, And Related Disorders/Antithyroid Products""	""Propranolol""",
"""26255""",UNKNOWN,true,"57	""Lopranol la 160mg Capsule (Opus Pharmaceuticals Ltd)""	""Propranolol""	""160mg""	""Modified-release capsule""	""Oral""	""Beta-Adrenoceptor Blockers/Prophylaxis Of Migraine""	""Propranolol""",
"""9374""",UNKNOWN,true,"6704	""Adizem 60mg Modified-release tablet (Napp Pharmaceuticals Ltd)""	""Diltiazem""	""60mg""	""Modified-release tablet""	""Oral""	""Calcium-Channel Blockers""	""Diltiazem""",
"""35343""",UNKNOWN,true,"11575	""Amlodipine 5mg / Valsartan 160mg tablets""	""Amlodipine/Valsartan""	""160mg + 5mg""	""Oral tablet""	""Oral""	""Angiotensin-II Receptor Antagonists/Calcium-Channel Blockers""	""Amlodipine/Valsartan""",
"""80447""",UNKNOWN,true,"15	""Metoprolol 100mg/5ml oral solution""	""Metoprolol""	""20mg/1ml""	""Oral solution""	""Oral""	""Beta-Adrenoceptor Blockers/Prophylaxis Of Migraine""	""Metoprolol""",
"""2772""",UNKNOWN,true,"134017	""Lasoride 5mg/40mg tablets (Sanofi)""	""Amiloride""	""5mg + 40mg""	""Oral tablet""	""Oral""	""Potassium-Sparing Diuretics With Other Diuretics""	""Amiloride""",
"""46687""",UNKNOWN,true,"73	""Olmesartan medoxomil with amlodipine and hydrochlorothiazide 20mg + 5mg + 12.5mg Tablet""	""Amlodipine/Hydrochlorothiazide/Olmesartan""	""20mg + 5mg + 12.5mg""	""Tablet""	""Oral""	""Thiazides And Related Diuretics/Angiotensin-II Receptor Antagonists""	""Amlodipine/Hydrochlorothiazide/Olmesartan""",
"""8113""",UNKNOWN,true,"51523	""Acebutolol 200mg capsules""	""Acebutolol""	""200mg""	""Oral capsule""	""Oral""	""Beta-Adrenoceptor Blockers""	""Acebutolol""",
"""61422""",UNKNOWN,true,"74	""Amlodipine 5mg tablets (Accord-UK Ltd)""	""Amlodipine""	""5mg""	""Oral tablet""	""Oral""	""Calcium-Channel Blockers""	""Amlodipine""",
"""74299""",UNKNOWN,true,"1	""Diazoxide 125mg/5ml oral suspension""	""Diazoxide""	""25mg/1ml""	""Oral suspension""	""Oral""	""Treatment Of Hypoglycaemia""	""Diazoxide""",
"""76222""",UNKNOWN,true,"1	""Diazoxide 100mg/5ml oral suspension""	""Diazoxide""	""20mg/1ml""	""Oral suspension""	""Oral""	""Treatment Of Hypoglycaemia""	""Diazoxide""",
"""30129""",UNKNOWN,true,"3	""Abicol Tablet (Knoll Ltd)""	""Bendroflumethiazide/Reserpine""	NA	""Tablet""	""Oral""	""Centrally Acting Antihypertensive Products""	""Bendroflumethiazide/Reserpine""",
"""14126""",UNKNOWN,true,"856	""Acebutolol 200mg / Hydrochlorothiazide 12.5mg tablets""	""Hydrochlorothiazide/Acebutolol""	""200mg + 12.5mg""	""Oral tablet""	""Oral""	""Unknown""	""Hydrochlorothiazide/Acebutolol""",
"""3474""",UNKNOWN,true,"36292	""Betaloc-SA 200mg tablets (AstraZeneca UK Ltd)""	""Metoprolol""	""200mg""	""Modified-release tablet""	""Oral""	""Beta-Adrenoceptor Blockers/Prophylaxis Of Migraine""	""Metoprolol""",
"""31080""",UNKNOWN,true,"3	""Guanethidine 10mg/1ml solution for injection ampoules""	""Guanethidine""	""10mg/1ml""	""Solution for injection""	""Intramuscular""	""Adrenergic Neurone Blockers""	""Guanethidine""",
"""66002""",UNKNOWN,true,"1	""Dorzolamide 20mg/ml / Timolol 5mg/ml eye drops (Teva UK Ltd)""	""Timolol""	""20mg/1ml + 5mg/1ml""	""Eye drops""	""Ocular""	""Beta-Blockers (In Glaucoma)/Carbonic Anhydrase Inhibitors And Systemic Drugs (In Glaucoma)""	""Timolol""",
"""30636""",UNKNOWN,true,"7	""Vasaten 50mg Tablet (Shire Pharmaceuticals Ltd)""	""Atenolol""	""50mg""	""Oral tablet""	""Oral""	""Beta-Adrenoceptor Blockers""	""Atenolol""",
"""86559""",UNKNOWN,true,"131	""Losartan 100mg tablets (Krka UK Ltd)""	""Losartan""	""100mg""	""Oral tablet""	""Oral""	""Angiotensin-II Receptor Antagonists""	""Losartan""",
"""24189""",UNKNOWN,true,"7642	""Neo-bendromax 2.5mg Tablet (Ashbourne Pharmaceuticals Ltd)""	""Bendroflumethiazide""	""2.5mg""	""Oral tablet""	""Oral""	""Thiazides And Related Diuretics""	""Bendroflumethiazide""",
"""21749""",UNKNOWN,true,"23	""HYDRALAZINE HCl 100 MG TAB""	""Hydralazine""	NA	""Tablet""	""Oral""	""Unknown""	""Hydralazine""",
"""34412""",UNKNOWN,true,"2119	""Ramipril 5mg capsules (Teva UK Ltd)""	""Ramipril""	""5mg""	""Oral capsule""	""Oral""	""Angiotensin-Converting Enzyme Inhibitors (ACE Inhibitors)""	""Ramipril""",
"""78954""",UNKNOWN,true,"2	""Diazoxide 12.5mg/5ml oral suspension""	""Diazoxide""	""2.5mg/1ml""	""Oral suspension""	""Oral""	""Treatment Of Hypoglycaemia""	""Diazoxide""",
"""41556""",UNKNOWN,true,"1317	""Co-amilozide 5mg/50mg tablets (Teva UK Ltd)""	""Hydrochlorothiazide/Amiloride""	""50mg + 5mg""	""Oral tablet""	""Oral""	""Potassium-Sparing Diuretics With Other Diuretics""	""Hydrochlorothiazide/Amiloride""",
"""90125""",UNKNOWN,true,"9	""Spironolactone 50mg/5ml oral suspension sugar free (Rosemont Pharmaceuticals Ltd)""	""Spironolactone""	""10mg/1ml""	""Oral suspension""	""Oral""	""Potassium-Sparing Diuretics And Aldosterone Antagonists""	""Spironolactone""",
"""89271""",UNKNOWN,true,"2	""Diltiazem 5% cream""	""Diltiazem""	""50mg/1gram""	""Cream""	""Route of administration not applicable""	""Local Products For Anal Or Rectal Problems/Calcium-Channel Blockers""	""Diltiazem""",
"""41694""",UNKNOWN,true,"55	""Enalapril 2.5mg tablets (IVAX Pharmaceuticals UK Ltd)""	""Enalapril""	""2.5mg""	""Oral tablet""	""Oral""	""Angiotensin-Converting Enzyme Inhibitors (ACE Inhibitors)""	""Enalapril""",
"""77450""",UNKNOWN,true,"124	""Motens 2mg tablets (Lexon (UK) Ltd)""	""Lacidipine""	""2mg""	""Oral tablet""	""Oral""	""Calcium-Channel Blockers""	""Lacidipine""",
"""35696""",UNKNOWN,true,"313	""Kenzem SR 120mg capsules (Kent Pharma (UK) Ltd)""	""Diltiazem""	""120mg""	""Modified-release capsule""	""Oral""	""Calcium-Channel Blockers""	""Diltiazem""",
"""23134""",UNKNOWN,true,"685	""Nadolol 40mg / Bendroflumethiazide 5mg tablets""	""Bendroflumethiazide/Nadolol""	""40mg + 5mg""	""Oral tablet""	""Oral""	""Unknown""	""Bendroflumethiazide/Nadolol""",
"""32262""",UNKNOWN,true,"709	""Diltiazem HCl 60mg Tablet (C P Pharmaceuticals Ltd)""	""Diltiazem""	""60mg""	""Modified-release tablet""	""Oral""	""Calcium-Channel Blockers""	""Diltiazem""",
"""12313""",UNKNOWN,true,"26900	""Carace 20mg tablets (Bristol-Myers Squibb Pharmaceuticals Ltd)""	""Lisinopril""	""20mg""	""Oral tablet""	""Oral""	""Angiotensin-Converting Enzyme Inhibitors (ACE Inhibitors)""	""Lisinopril""",
"""48009""",UNKNOWN,true,"26	""Felodipine 5mg Modified-release tablet (Sandoz Ltd)""	""Felodipine""	""5mg""	""Modified-release tablet""	""Oral""	""Calcium-Channel Blockers""	""Felodipine""",
"""48099""",UNKNOWN,true,"9	""Indapamide 2.5mg tablets (A A H Pharmaceuticals Ltd)""	""Indapamide""	""2.5mg""	""Oral tablet""	""Oral""	""Thiazides And Related Diuretics""	""Indapamide""",
"""77378""",UNKNOWN,true,"615	""Zestril 10mg tablets (Dowelhurst Ltd)""	""Lisinopril""	""10mg""	""Oral tablet""	""Oral""	""Angiotensin-Converting Enzyme Inhibitors (ACE Inhibitors)""	""Lisinopril""",
"""51685""",UNKNOWN,true,"0	""Doxazosin 4mg tablets (Accord-UK Ltd)""	""Doxazosin""	""4mg""	""Oral tablet""	""Oral""	""Alpha-Adrenoceptor Blockers/Alpha-Blockers (In Urinary Retention)""	""Doxazosin""",
"""77466""",UNKNOWN,true,"125	""Co-tenidone 50mg/12.5mg tablets (Kent Pharma (UK) Ltd)""	""Chlortalidone/Atenolol""	""12.5mg + 50mg""	""Oral tablet""	""Oral""	""Thiazides And Related Diuretics/Beta-Adrenoceptor Blockers""	""Chlortalidone/Atenolol""",
"""51258""",UNKNOWN,true,"0	""Coversyl Arginine Plus 5mg/1.25mg tablets (DE Pharmaceuticals)""	""Indapamide/Perindopril""	""1.25mg + 5mg""	""Oral tablet""	""Oral""	""Thiazides And Related Diuretics/Angiotensin-Converting Enzyme Inhibitors (ACE Inhibitors)""	""Indapamide/Perindopril""",
"""45051""",UNKNOWN,true,"56	""Verapamil hc 240mg Modified-release tablet (Actavis UK Ltd)""	""Verapamil""	""240mg""	""Modified-release tablet""	""Oral""	""Supraventricular Arrhythmias/Calcium-Channel Blockers""	""Verapamil""",
"""79334""",UNKNOWN,true,"1	""Captopril 500micrograms/5ml oral solution""	""Captopril""	""100microgram/1ml""	""Oral solution""	""Oral""	""Angiotensin-Converting Enzyme Inhibitors (ACE Inhibitors)""	""Captopril""",
"""542""",UNKNOWN,true,"39204	""Hydrochlorothiazide 25mg tablets""	""Hydrochlorothiazide""	""25mg""	""Oral tablet""	""Oral""	""Thiazides And Related Diuretics""	""Hydrochlorothiazide""",
"""56129""",UNKNOWN,true,"0	""Ramipril 5mg capsules (Kent Pharma (UK) Ltd)""	""Ramipril""	""5mg""	""Oral capsule""	""Oral""	""Angiotensin-Converting Enzyme Inhibitors (ACE Inhibitors)""	""Ramipril""",
"""66635""",UNKNOWN,true,"58	""Dilzem XL 180 capsules (DE Pharmaceuticals)""	""Diltiazem""	""180mg""	""Modified-release capsule""	""Oral""	""Calcium-Channel Blockers""	""Diltiazem""",
"""20082""",UNKNOWN,true,"4007	""Lopresor SR 200mg tablets (Recordati Pharmaceuticals Ltd)""	""Metoprolol""	""200mg""	""Modified-release tablet""	""Oral""	""Beta-Adrenoceptor Blockers/Prophylaxis Of Migraine""	""Metoprolol""",
"""65065""",UNKNOWN,true,"14	""Irbesartan 75mg tablets (A A H Pharmaceuticals Ltd)""	""Irbesartan""	""75mg""	""Oral tablet""	""Oral""	""Angiotensin-II Receptor Antagonists""	""Irbesartan""",
"""87108""",UNKNOWN,true,"24	""Lisinopril 2.5mg tablets (Sigma Pharmaceuticals Plc)""	""Lisinopril""	""2.5mg""	""Oral tablet""	""Oral""	""Angiotensin-Converting Enzyme Inhibitors (ACE Inhibitors)""	""Lisinopril""",
"""65853""",UNKNOWN,true,"0	""Doxazosin 1mg tablets (Mawdsley-Brooks & Company Ltd)""	""Doxazosin""	""1mg""	""Oral tablet""	""Oral""	""Alpha-Adrenoceptor Blockers/Alpha-Blockers (In Urinary Retention)""	""Doxazosin""",
"""8524""",UNKNOWN,true,"3403	""Securon 40mg Tablet (Abbott Laboratories Ltd)""	""Verapamil""	""40mg""	""Oral tablet""	""Oral""	""Supraventricular Arrhythmias/Calcium-Channel Blockers""	""Verapamil""",
"""59163""",UNKNOWN,true,"30	""Nifedipine 20mg modified-release tablets (Cubic Pharmaceuticals Ltd)""	""Nifedipine""	""20mg""	""Modified-release tablet""	""Oral""	""Calcium-Channel Blockers""	""Nifedipine""",
"""41721""",UNKNOWN,true,"2	""Prazosin 1mg tablets (A A H Pharmaceuticals Ltd)""	""Prazosin""	""1mg""	""Oral tablet""	""Oral""	""Alpha-Adrenoceptor Blockers/Alpha-Blockers (In Urinary Retention)""	""Prazosin""",
"""84354""",UNKNOWN,true,"4	""Candesartan 2mg tablets (Crescent Pharma Ltd)""	""Candesartan""	""2mg""	""Oral tablet""	""Oral""	""Angiotensin-II Receptor Antagonists""	""Candesartan""",
"""56606""",UNKNOWN,true,"227	""Azilsartan medoxomil 40mg tablets""	""Azilsartan""	""40mg""	""Oral tablet""	""Oral""	""Angiotensin-II Receptor Antagonists""	""Azilsartan""",
"""64966""",UNKNOWN,true,"27	""Dorzolamide 20mg/ml / Timolol 5mg/ml eye drops 0.2ml unit dose preservative free (A A H Pharmaceuticals Ltd)""	""Timolol""	""5mg/1ml + 20mg/1ml""	""Eye drops""	""Ocular""	""Beta-Blockers (In Glaucoma)/Carbonic Anhydrase Inhibitors And Systemic Drugs (In Glaucoma)""	""Timolol""",
"""78441""",UNKNOWN,true,"52	""Co-amilozide 5mg/50mg/5ml oral solution""	""Hydrochlorothiazide/Amiloride""	""1mg/1ml + 10mg/1ml""	""Oral solution""	""Oral""	""Potassium-Sparing Diuretics With Other Diuretics""	""Hydrochlorothiazide/Amiloride""",
"""38034""",UNKNOWN,true,"3791	""Coversyl Arginine 2.5mg tablets (Servier Laboratories Ltd)""	""Perindopril""	""2.5mg""	""Oral tablet""	""Oral""	""Angiotensin-Converting Enzyme Inhibitors (ACE Inhibitors)""	""Perindopril""",
"""84982""",UNKNOWN,true,"3669	""Metoprolol 25mg tablets""	""Metoprolol""	""25mg""	""Oral tablet""	""Oral""	""Beta-Adrenoceptor Blockers/Prophylaxis Of Migraine""	""Metoprolol""",
"""29694""",UNKNOWN,true,"231	""Inspra 50mg tablets (Viatris UK Healthcare Ltd)""	""Eplerenone""	""50mg""	""Oral tablet""	""Oral""	""Potassium-Sparing Diuretics And Aldosterone Antagonists""	""Eplerenone""",
"""72810""",UNKNOWN,true,"1	""Atenolol 10mg/5ml oral solution""	""Atenolol""	""2mg/1ml""	""Oral solution""	""Oral""	""Beta-Adrenoceptor Blockers""	""Atenolol""",
"""77271""",UNKNOWN,true,"23	""Enalapril 20mg Tablet (Neo Laboratories Ltd)""	""Enalapril""	""20mg""	""Oral tablet""	""Oral""	""Angiotensin-Converting Enzyme Inhibitors (ACE Inhibitors)""	""Enalapril""",
"""17120""",UNKNOWN,true,"3967	""Moexipril 15mg tablets""	""Moexipril""	""15mg""	""Oral tablet""	""Oral""	""Angiotensin-Converting Enzyme Inhibitors (ACE Inhibitors)""	""Moexipril""",
"""81326""",UNKNOWN,true,"11	""Lorvacs XL 1.5mg tablets (Torrent Pharma (UK) Ltd)""	""Indapamide""	""1.5mg""	""Modified-release tablet""	""Oral""	""Thiazides And Related Diuretics""	""Indapamide""",
"""68603""",UNKNOWN,true,"0	""Losartan 50mg tablets (Wockhardt UK Ltd)""	""Losartan""	""50mg""	""Oral tablet""	""Oral""	""Angiotensin-II Receptor Antagonists""	""Losartan""",
"""84951""",UNKNOWN,true,"60	""Eplerenone 25mg tablets (Aspire Pharma Ltd)""	""Eplerenone""	""25mg""	""Oral tablet""	""Oral""	""Potassium-Sparing Diuretics And Aldosterone Antagonists""	""Eplerenone""",
"""61123""",UNKNOWN,true,"145	""Doxazosin 4mg/5ml oral solution""	""Doxazosin""	""800microgram/1ml""	""Oral solution""	""Oral""	""Alpha-Adrenoceptor Blockers/Alpha-Blockers (In Urinary Retention)""	""Doxazosin""",
"""700""",UNKNOWN,true,"2853	""Vera-Til SR 120mg tablets (Tillomed Laboratories Ltd)""	""Verapamil""	""120mg""	""Modified-release tablet""	""Oral""	""Calcium-Channel Blockers""	""Verapamil""",
"""25777""",UNKNOWN,true,"669	""Dilcardia SR 120mg capsules (Viatris UK Healthcare Ltd)""	""Diltiazem""	""120mg""	""Modified-release capsule""	""Oral""	""Calcium-Channel Blockers""	""Diltiazem""",
"""11251""",UNKNOWN,true,"17632	""Diovan 40mg capsules (Novartis Pharmaceuticals UK Ltd)""	""Valsartan""	""40mg""	""Oral capsule""	""Oral""	""Angiotensin-II Receptor Antagonists""	""Valsartan""",
"""61339""",UNKNOWN,true,"13	""Ramipril 10mg capsules (Almus Pharmaceuticals Ltd)""	""Ramipril""	""10mg""	""Oral capsule""	""Oral""	""Angiotensin-Converting Enzyme Inhibitors (ACE Inhibitors)""	""Ramipril""",
"""5220""",UNKNOWN,true,"2389	""Furosemide with amiloride 80mg+10mg Tablet""	""Amiloride""	""80mg+10mg""	""Tablet""	""Oral""	""Loop Diuretics/Potassium-Sparing Diuretics With Other Diuretics""	""Amiloride""",
"""53278""",UNKNOWN,true,"2	""Adalat LA 30 tablets (Necessity Supplies Ltd)""	""Nifedipine""	""30mg""	""Modified-release tablet""	""Oral""	""Calcium-Channel Blockers""	""Nifedipine""",
"""42081""",UNKNOWN,true,"19	""Tritace 1.25mg Tablet (Sterwin Medicines)""	""Ramipril""	""1.25mg""	""Oral tablet""	""Oral""	""Angiotensin-Converting Enzyme Inhibitors (ACE Inhibitors)""	""Ramipril""",
"""9485""",UNKNOWN,true,"1137	""Hypolar Retard 20 tablets (Sandoz Ltd)""	""Nifedipine""	""20mg""	""Modified-release tablet""	""Oral""	""Calcium-Channel Blockers""	""Nifedipine""",
"""3203""",UNKNOWN,true,"4725	""Capozide LS Tablet (E R Squibb and Sons Ltd)""	""Captopril/Hydrochlorothiazide""	""12.5mg + 25mg""	""Oral tablet""	""Oral""	""Thiazides And Related Diuretics/Angiotensin-Converting Enzyme Inhibitors (ACE Inhibitors)""	""Captopril/Hydrochlorothiazide""",
"""15053""",UNKNOWN,true,"1165	""SPIRONOLACTONE 10 MG/5ML LIQ""	""Spironolactone""	NA	NA	NA	""Unknown""	""Spironolactone""",
"""19352""",UNKNOWN,true,"2483	""Xuret 0.5mg Tablet (Galen Ltd)""	""Metolazone""	""0.5mg""	""Tablet""	""Oral""	""Thiazides And Related Diuretics""	""Metolazone""",
"""55896""",UNKNOWN,true,"1	""Lisinopril 2.5mg tablets (Actavis UK Ltd)""	""Lisinopril""	""2.5mg""	""Oral tablet""	""Oral""	""Angiotensin-Converting Enzyme Inhibitors (ACE Inhibitors)""	""Lisinopril""",
"""501""",UNKNOWN,true,"3366910	""Felodipine 5mg modified-release tablets""	""Felodipine""	""5mg""	""Modified-release tablet""	""Oral""	""Calcium-Channel Blockers""	""Felodipine""",
"""60757""",UNKNOWN,true,"0	""Trandolapril 500microgram capsules (Teva UK Ltd)""	""Trandolapril""	""500microgram""	""Oral capsule""	""Oral""	""Angiotensin-Converting Enzyme Inhibitors (ACE Inhibitors)""	""Trandolapril""",
"""4334""",UNKNOWN,true,"994	""Metolazone 500microgram low dose Tablet""	""Metolazone""	""500microgram""	""Tablet""	""Oral""	""Thiazides And Related Diuretics""	""Metolazone""",
"""57073""",UNKNOWN,true,"0	""Ramipril 1.25mg capsules (Waymade Healthcare Plc)""	""Ramipril""	""1.25mg""	""Oral capsule""	""Oral""	""Angiotensin-Converting Enzyme Inhibitors (ACE Inhibitors)""	""Ramipril""",
"""88430""",UNKNOWN,true,"17	""Ramipril 5mg capsules (Crescent Pharma Ltd)""	""Ramipril""	""5mg""	""Oral capsule""	""Oral""	""Angiotensin-Converting Enzyme Inhibitors (ACE Inhibitors)""	""Ramipril""",
"""45816""",UNKNOWN,true,"92	""Lisinopril 5mg tablets (Almus Pharmaceuticals Ltd)""	""Lisinopril""	""5mg""	""Oral tablet""	""Oral""	""Angiotensin-Converting Enzyme Inhibitors (ACE Inhibitors)""	""Lisinopril""",
"""86076""",UNKNOWN,true,"1	""Ramipril 2.5mg tablets (Zentiva Pharma UK Ltd)""	""Ramipril""	""2.5mg""	""Oral tablet""	""Oral""	""Angiotensin-Converting Enzyme Inhibitors (ACE Inhibitors)""	""Ramipril""",
"""71018""",UNKNOWN,true,"0	""Lercanidipine 10mg tablets (Arrow Generics Ltd)""	""Lercanidipine""	""10mg""	""Oral tablet""	""Oral""	""Calcium-Channel Blockers""	""Lercanidipine""",
"""80498""",UNKNOWN,true,"13	""Enalapril oral liquid""	""Enalapril""	NA	""Oral solution""	""Oral""	""Angiotensin-Converting Enzyme Inhibitors (ACE Inhibitors)""	""Enalapril""",
"""46991""",UNKNOWN,true,"35777	""Tiopex 1mg/g eye gel 0.4g unit dose (Thea Pharmaceuticals Ltd)""	""Timolol""	""1mg/1gram""	""Eye drops""	""Ocular""	""Beta-Blockers (In Glaucoma)""	""Timolol""",
"""86885""",UNKNOWN,true,"7	""Vizidor Duo 20mg/ml / 5mg/ml eye drops (Bausch & Lomb UK Ltd)""	""Timolol""	""5mg/1ml + 20mg/1ml""	""Eye drops""	""Ocular""	""Carbonic Anhydrase Inhibitors And Systemic Drugs (In Glaucoma)""	""Timolol""",
"""34280""",UNKNOWN,true,"128	""Co-amilofruse 2.5mg/20mg tablets (Sandoz Ltd)""	""Amiloride""	""2.5mg + 20mg""	""Oral tablet""	""Oral""	""Potassium-Sparing Diuretics With Other Diuretics""	""Amiloride""",
"""27689""",UNKNOWN,true,"10957	""Bendroflumethiazide 2.5mg tablets (IVAX Pharmaceuticals UK Ltd)""	""Bendroflumethiazide""	""2.5mg""	""Oral tablet""	""Oral""	""Thiazides And Related Diuretics""	""Bendroflumethiazide""",
"""2592""",UNKNOWN,true,"46295	""Viazem XL 120mg capsules (Thornton & Ross Ltd)""	""Diltiazem""	""120mg""	""Modified-release capsule""	""Oral""	""Calcium-Channel Blockers""	""Diltiazem""",
"""65985""",UNKNOWN,true,"0	""Lisinopril 2.5mg tablets (DE Pharmaceuticals)""	""Lisinopril""	""2.5mg""	""Oral tablet""	""Oral""	""Angiotensin-Converting Enzyme Inhibitors (ACE Inhibitors)""	""Lisinopril""",
"""17557""",UNKNOWN,true,"13168	""Felotens XL 5mg tablets (Thornton & Ross Ltd)""	""Felodipine""	""5mg""	""Modified-release tablet""	""Oral""	""Calcium-Channel Blockers""	""Felodipine""",
"""29529""",UNKNOWN,true,"21	""Hydroflumethiazide with spironolactone 25mg+25mg Tablet""	""Spironolactone""	""25mg+25mg""	""Tablet""	""Oral""	""Thiazides And Related Diuretics/Potassium-Sparing Diuretics With Other Diuretics""	""Spironolactone""",
"""38395""",UNKNOWN,true,"3335	""Valsartan 80mg tablets""	""Valsartan""	""80mg""	""Oral tablet""	""Oral""	""Angiotensin-II Receptor Antagonists""	""Valsartan""",
"""69108""",UNKNOWN,true,"0	""Adizem-XL 300mg capsules (Lexon (UK) Ltd)""	""Diltiazem""	""300mg""	""Modified-release capsule""	""Oral""	""Calcium-Channel Blockers""	""Diltiazem""",
"""65416""",UNKNOWN,true,"0	""Lisinopril 5mg tablets (Lupin Healthcare (UK) Ltd)""	""Lisinopril""	""5mg""	""Oral tablet""	""Oral""	""Angiotensin-Converting Enzyme Inhibitors (ACE Inhibitors)""	""Lisinopril""",
"""8023""",UNKNOWN,true,"21458	""Sectral 400mg tablets (Neon Healthcare Ltd)""	""Acebutolol""	""400mg""	""Oral tablet""	""Oral""	""Beta-Adrenoceptor Blockers""	""Acebutolol""",
"""13871""",UNKNOWN,true,"11256	""Co-prenozide 160mg/0.25mg modified-release tablets""	""Cyclopenthiazide""	""160mg + 250microgram""	""Modified-release tablet""	""Oral""	""Unknown""	""Cyclopenthiazide""",
"""47804""",UNKNOWN,true,"13	""Co-triamterzide 50mg/25mg tablets (A A H Pharmaceuticals Ltd)""	""Hydrochlorothiazide/Triamterene""	""25mg + 50mg""	""Oral tablet""	""Oral""	""Potassium-Sparing Diuretics With Other Diuretics""	""Hydrochlorothiazide/Triamterene""",
"""84058""",UNKNOWN,true,"2	""Valsartan 160mg/5ml oral suspension""	""Valsartan""	""32mg/1ml""	""Oral suspension""	""Oral""	""Angiotensin-II Receptor Antagonists""	""Valsartan""",
"""41522""",UNKNOWN,true,"1129	""Lisopress 20mg tablets (Teva UK Ltd)""	""Lisinopril""	""20mg""	""Oral tablet""	""Oral""	""Angiotensin-Converting Enzyme Inhibitors (ACE Inhibitors)""	""Lisinopril""",
"""24632""",UNKNOWN,true,"447	""Hydrochlorothiazide with losartan 25mg with 100mg Tablet""	""Hydrochlorothiazide/Losartan""	""25mg + 100mg""	""Tablet""	""Oral""	""Thiazides And Related Diuretics/Angiotensin-II Receptor Antagonists""	""Hydrochlorothiazide/Losartan""",
"""5326""",UNKNOWN,true,"15500	""Diltiazem 24hr 300mg modified-release capsules""	""Diltiazem""	""300mg""	""24 Hour Modified Release Capsules""	""Oral""	""Calcium-Channel Blockers""	""Diltiazem""",
"""43566""",UNKNOWN,true,"118	""Lisinopril 2.5mg tablets (Sandoz Ltd)""	""Lisinopril""	""2.5mg""	""Oral tablet""	""Oral""	""Angiotensin-Converting Enzyme Inhibitors (ACE Inhibitors)""	""Lisinopril""",
"""4308""",UNKNOWN,true,"37110	""Dilzem sr 90mg Capsule (Elan Pharma)""	""Diltiazem""	""90mg""	""Modified-release capsule""	""Oral""	""Calcium-Channel Blockers""	""Diltiazem""",
"""34214""",UNKNOWN,true,"20	""Propranolol 160mg tablets (Accord-UK Ltd)""	""Propranolol""	""160mg""	""Oral tablet""	""Oral""	""Beta-Adrenoceptor Blockers/Prophylaxis Of Migraine/Drugs For Essential Tremor, Chorea, Tics, And Related Disorders/Antithyroid Products""	""Propranolol""",
"""14892""",UNKNOWN,true,"2924	""Anoheal 2% Cream (S.L.A. Pharma (UK) Ltd)""	""Diltiazem""	""20mg/1gram""	""Cream""	""Route of administration not applicable""	""Anal Fissure Management""	""Diltiazem""",
"""17448""",UNKNOWN,true,"396	""Nifedipress mr 10mg Modified-release tablet (Sterwin Medicines)""	""Nifedipine""	""10mg""	""Modified-release tablet""	""Oral""	""Calcium-Channel Blockers""	""Nifedipine""",
"""33932""",UNKNOWN,true,"18	""Parmid XL 5mg tablets (Sandoz Ltd)""	""Felodipine""	""5mg""	""Modified-release tablet""	""Oral""	""Calcium-Channel Blockers""	""Felodipine""",
"""54620""",UNKNOWN,true,"0	""Ramipril 2.5mg capsules (Sigma Pharmaceuticals Plc)""	""Ramipril""	""2.5mg""	""Oral capsule""	""Oral""	""Angiotensin-Converting Enzyme Inhibitors (ACE Inhibitors)""	""Ramipril""",
"""58108""",UNKNOWN,true,"0	""Irbesartan 150mg tablets (A A H Pharmaceuticals Ltd)""	""Irbesartan""	""150mg""	""Oral tablet""	""Oral""	""Angiotensin-II Receptor Antagonists""	""Irbesartan""",
"""89631""",UNKNOWN,true,"5	""Vericiguat 2.5mg tablets""	""Vericiguat""	""2.5mg""	""Oral tablet""	""Oral""	""Hypertension Or Heart Failure Products""	""Vericiguat""",
"""91939""",UNKNOWN,true,"2	""Bimiduo 0.3mg/ml / 5mg/ml eye drops preservative free (Scope Ophthalmics Ltd)""	""Timolol""	""5mg/1ml + 300microgram/1ml""	""Eye drops""	""Ocular""	""Beta-Blockers (In Glaucoma)/Prostaglandin Analogues (In Glaucoma)""	""Timolol""",
"""40256""",UNKNOWN,true,"514	""Baratol 25mg tablets (Amdipharm Plc)""	""Indoramin""	""25mg""	""Oral tablet""	""Oral""	""Alpha-Adrenoceptor Blockers/Alpha-Blockers (In Urinary Retention)""	""Indoramin""",
"""84501""",UNKNOWN,true,"311	""Amlodipine 5mg tablets (Sterwin Medicines)""	""Amlodipine""	""5mg""	""Oral tablet""	""Oral""	""Calcium-Channel Blockers""	""Amlodipine""",
"""75409""",UNKNOWN,true,"35	""Valsartan 80mg capsules (Teva UK Ltd)""	""Valsartan""	""80mg""	""Oral capsule""	""Oral""	""Angiotensin-II Receptor Antagonists""	""Valsartan""",
"""62513""",UNKNOWN,true,"11	""Methyldopa 250mg tablets (Sovereign Medical Ltd)""	""Methyldopa""	""250mg""	""Oral tablet""	""Oral""	""Centrally Acting Antihypertensive Products""	""Methyldopa""",
"""68429""",UNKNOWN,true,"10	""Diltiazem 120mg modified-release capsules (Ethigen Ltd)""	""Diltiazem""	""120mg""	""Modified-release capsule""	""Oral""	""Calcium-Channel Blockers""	""Diltiazem""",
"""83557""",UNKNOWN,true,"16	""Amiloride Hcl oral solution""	""Amiloride""	NA	""Oral solution""	""Oral""	""Potassium-Sparing Diuretics And Aldosterone Antagonists""	""Amiloride""",
"""2348""",UNKNOWN,true,"1312	""Hytrin bph 10mg Tablet (Amdipharm Plc)""	""Terazosin""	""10mg""	""Oral tablet""	""Oral""	""Alpha-Adrenoceptor Blockers/Alpha-Blockers (In Urinary Retention)""	""Terazosin""",
"""54654""",UNKNOWN,true,"144	""Amlodipine 10mg tablets (Almus Pharmaceuticals Ltd)""	""Amlodipine""	""10mg""	""Oral tablet""	""Oral""	""Calcium-Channel Blockers""	""Amlodipine""",
"""70370""",UNKNOWN,true,"14	""Eplerenone 25mg tablets (Actavis UK Ltd)""	""Eplerenone""	""25mg""	""Oral tablet""	""Oral""	""Potassium-Sparing Diuretics And Aldosterone Antagonists""	""Eplerenone""",
"""76100""",UNKNOWN,true,"0	""Lisinopril 5mg tablets (Kent Pharma (UK) Ltd)""	""Lisinopril""	""5mg""	""Oral tablet""	""Oral""	""Angiotensin-Converting Enzyme Inhibitors (ACE Inhibitors)""	""Lisinopril""",
"""36840""",UNKNOWN,true,"11	""Iloprost 10micrograms/1ml nebuliser liquid ampoules""	""Iloprost""	""10microgram/1ml""	""Nebuliser liquid""	""Inhalation""	""Vasodilator Antihypertensive Products""	""Iloprost""",
"""8213""",UNKNOWN,true,"64860	""Nifedipine 24 20mg Modified-release tablet""	""Nifedipine""	""20mg""	""Modified-Release Tablet""	""Oral""	""Calcium-Channel Blockers""	""Nifedipine""",
"""41740""",UNKNOWN,true,"67	""Celiprolol 200mg tablets (Teva UK Ltd)""	""Celiprolol""	""200mg""	""Oral tablet""	""Oral""	""Beta-Adrenoceptor Blockers""	""Celiprolol""",
"""89179""",UNKNOWN,true,"16	""Zeyam 60mg modified-release tablets (Ennogen Healthcare International Ltd)""	""Diltiazem""	""60mg""	""Modified-release tablet""	""Oral""	""Calcium-Channel Blockers""	""Diltiazem""",
"""3370""",UNKNOWN,true,"22996	""Dilzem xl mr 120mg Modified-release capsule (Elan Pharma)""	""Diltiazem""	""120mg""	""Modified-Release Capsule""	""Oral""	""Calcium-Channel Blockers""	""Diltiazem""",
"""2927""",UNKNOWN,true,"60623	""PERINDOPRIL/TERT-BUTYLAMINE 2 MG TAB""	""Perindopril""	NA	""Tablet""	""Oral""	""Unknown""	""Perindopril""",
"""37087""",UNKNOWN,true,"3124	""Enalapril 5mg/5ml oral suspension""	""Enalapril""	""1mg/1ml""	""Oral suspension""	""Oral""	""Angiotensin-Converting Enzyme Inhibitors (ACE Inhibitors)""	""Enalapril""",
"""88815""",UNKNOWN,true,"0	""Propranolol 10mg tablets (Milpharm Ltd)""	""Propranolol""	""10mg""	""Oral tablet""	""Oral""	""Beta-Adrenoceptor Blockers/Prophylaxis Of Migraine/Drugs For Essential Tremor, Chorea, Tics, And Related Disorders/Antithyroid Products""	""Propranolol""",
"""33602""",UNKNOWN,true,"5	""Slo-Pro 160mg capsules (Viatris UK Healthcare Ltd)""	""Propranolol""	""160mg""	""Modified-release capsule""	""Oral""	""Beta-Adrenoceptor Blockers/Prophylaxis Of Migraine/Drugs For Essential Tremor, Chorea, Tics, And Related Disorders/Antithyroid Products""	""Propranolol""",
"""60007""",UNKNOWN,true,"0	""Generic Sevikar HCT 40mg/10mg/12.5mg tablets""	""Amlodipine/Hydrochlorothiazide/Olmesartan""	""12.5mg + 40mg + 10mg""	""Oral tablet""	""Oral""	""Angiotensin-II Receptor Antagonists""	""Amlodipine/Hydrochlorothiazide/Olmesartan""",
"""33659""",UNKNOWN,true,"3	""Hydrochlorothiazide with metoprolol tartrate 25mg with 200mg Modified-release tablet""	""Hydrochlorothiazide/Metoprolol""	""25mg + 200mg""	""Modified-Release Tablet""	""Oral""	""Thiazides And Related Diuretics/Beta-Adrenoceptor Blockers""	""Hydrochlorothiazide/Metoprolol""",
"""16328""",UNKNOWN,true,"6360	""Verapress MR 240mg tablets (Dexcel-Pharma Ltd)""	""Verapamil""	""240mg""	""Modified-release tablet""	""Oral""	""Calcium-Channel Blockers""	""Verapamil""",
"""60744""",UNKNOWN,true,"322	""Perindopril erbumine 8mg / Amlodipine 5mg tablets""	""Amlodipine/Perindopril""	""8mg + 5mg""	""Oral tablet""	""Oral""	""Angiotensin-Converting Enzyme Inhibitors (ACE Inhibitors)/Calcium-Channel Blockers""	""Amlodipine/Perindopril""",
"""30039""",UNKNOWN,true,"73	""Tensopril 25mg tablets (Teva UK Ltd)""	""Captopril""	""25mg""	""Oral tablet""	""Oral""	""Angiotensin-Converting Enzyme Inhibitors (ACE Inhibitors)""	""Captopril""",
"""9783""",UNKNOWN,true,"701599	""Co-tenidone 50mg/12.5mg tablets""	""Chlortalidone/Atenolol""	""12.5mg + 50mg""	""Oral tablet""	""Oral""	""Thiazides And Related Diuretics/Beta-Adrenoceptor Blockers""	""Chlortalidone/Atenolol""",
"""89091""",UNKNOWN,true,"0	""Amlodipine 5mg tablets (Ipca Laboratories UK Ltd)""	""Amlodipine""	""5mg""	""Oral tablet""	""Oral""	""Calcium-Channel Blockers""	""Amlodipine""",
"""25505""",UNKNOWN,true,"48	""Spiro-co 50mg+50mg Tablet (IVAX Pharmaceuticals UK Ltd)""	""Spironolactone""	""50mg + 50mg""	""Oral tablet""	""Oral""	""Thiazides And Related Diuretics/Potassium-Sparing Diuretics With Other Diuretics""	""Spironolactone""",
"""8945""",UNKNOWN,true,"77865	""Univer 240mg modified-release capsules (Teva UK Ltd)""	""Verapamil""	""240mg""	""Modified-release capsule""	""Oral""	""Calcium-Channel Blockers""	""Verapamil""",
"""46937""",UNKNOWN,true,"256	""Diltiazem 60mg modified-release tablets (Accord-UK Ltd)""	""Diltiazem""	""60mg""	""Modified-release tablet""	""Oral""	""Calcium-Channel Blockers""	""Diltiazem""",
"""6261""",UNKNOWN,true,"4544	""Tritace 1.25mg tablets (Sanofi)""	""Ramipril""	""1.25mg""	""Oral tablet""	""Oral""	""Angiotensin-Converting Enzyme Inhibitors (ACE Inhibitors)""	""Ramipril""",
"""41979""",UNKNOWN,true,"18	""Adipine la 30mg Modified-release tablet (Chiesi Ltd)""	""Nifedipine""	""30mg""	""Modified-Release Tablet""	""Oral""	""Calcium-Channel Blockers""	""Nifedipine""",
"""48457""",UNKNOWN,true,"784	""Diltiazem 90mg modified-release capsules (Alliance Healthcare (Distribution) Ltd)""	""Diltiazem""	""90mg""	""Modified-release capsule""	""Oral""	""Calcium-Channel Blockers""	""Diltiazem""",
"""66548""",UNKNOWN,true,"1	""Atenolol 50mg tablets (DE Pharmaceuticals)""	""Atenolol""	""50mg""	""Oral tablet""	""Oral""	""Beta-Adrenoceptor Blockers""	""Atenolol""",
"""5158""",UNKNOWN,true,"552878	""Lacidipine 2mg tablets""	""Lacidipine""	""2mg""	""Oral tablet""	""Oral""	""Calcium-Channel Blockers""	""Lacidipine""",
"""29634""",UNKNOWN,true,"2702	""Olmetec Plus 20mg/12.5mg tablets (Daiichi Sankyo UK Ltd)""	""Hydrochlorothiazide/Olmesartan""	""12.5mg + 20mg""	""Oral tablet""	""Oral""	""Thiazides And Related Diuretics/Angiotensin-II Receptor Antagonists""	""Hydrochlorothiazide/Olmesartan""",
"""35789""",UNKNOWN,true,"4	""Spironolactone 25mg Tablet (Celltech Pharma Europe Ltd)""	""Spironolactone""	""25mg""	""Oral tablet""	""Oral""	""Potassium-Sparing Diuretics And Aldosterone Antagonists""	""Spironolactone""",
"""34712""",UNKNOWN,true,"0	""Enalapril 20mg tablets (Kent Pharma (UK) Ltd)""	""Enalapril""	""20mg""	""Oral tablet""	""Oral""	""Angiotensin-Converting Enzyme Inhibitors (ACE Inhibitors)""	""Enalapril""",
"""7620""",UNKNOWN,true,"33331	""Acebutolol 400mg tablets""	""Acebutolol""	""400mg""	""Oral tablet""	""Oral""	""Beta-Adrenoceptor Blockers""	""Acebutolol""",
"""54643""",UNKNOWN,true,"0	""Metolazone Oral solution""	""Metolazone""	NA	""Oral Solution""	""Oral""	""Thiazides And Related Diuretics""	""Metolazone""",
"""57534""",UNKNOWN,true,"73	""Timoptol 0.5% eye drops (Sigma Pharmaceuticals Plc)""	""Timolol""	""5mg/1ml""	""Eye drops""	""Ocular""	""Beta-Blockers (In Glaucoma)""	""Timolol""",
"""25487""",UNKNOWN,true,"294	""Cascor 2mg tablets (Sun Pharma UK Ltd)""	""Doxazosin""	""2mg""	""Oral tablet""	""Oral""	""Alpha-Adrenoceptor Blockers/Drugs For Genito-Urinary Disorders""	""Doxazosin""",
"""82586""",UNKNOWN,true,"42	""Cardene 20mg capsules (Dowelhurst Ltd)""	""Nicardipine""	""20mg""	""Oral capsule""	""Oral""	""Calcium-Channel Blockers""	""Nicardipine""",
"""76920""",UNKNOWN,true,"0	""Enalapril 20mg / Hydrochlorothiazide 12.5mg tablets (Tillomed Laboratories Ltd)""	""Enalapril/Hydrochlorothiazide""	""20mg + 12.5mg""	""Oral tablet""	""Oral""	""Thiazides And Related Diuretics/Angiotensin-Converting Enzyme Inhibitors (ACE Inhibitors)""	""Enalapril/Hydrochlorothiazide""",
"""75021""",UNKNOWN,true,"0	""Perindopril erbumine 4mg tablets (Sun Pharma UK Ltd)""	""Perindopril""	""4mg""	""Oral tablet""	""Oral""	""Angiotensin-Converting Enzyme Inhibitors (ACE Inhibitors)""	""Perindopril""",
"""35380""",UNKNOWN,true,"38	""Hydrochlorothiazide with olmesartan medoxomil 12.5mg with 20mg tablet""	""Hydrochlorothiazide/Olmesartan""	""12.5mg + 20mg""	""Tablet""	""Oral""	""Thiazides And Related Diuretics/Angiotensin-II Receptor Antagonists""	""Hydrochlorothiazide/Olmesartan""",
"""42912""",UNKNOWN,true,"15	""Nifedipine 10mg capsules (Teva UK Ltd)""	""Nifedipine""	""10mg""	""Oral capsule""	""Oral""	""Calcium-Channel Blockers""	""Nifedipine""",
"""13317""",UNKNOWN,true,"2	""Apresoline 20mg powder for solution for injection ampoules (Advanz Pharma)""	""Hydralazine""	""20mg""	""Powder for solution for injection""	""Intravenous""	""Vasodilator Antihypertensive Products""	""Hydralazine""",
"""90690""",UNKNOWN,true,"0	""Propranolol 80mg tablets (Bristol Laboratories Ltd)""	""Propranolol""	""80mg""	""Oral tablet""	""Oral""	""Beta-Adrenoceptor Blockers/Prophylaxis Of Migraine/Drugs For Essential Tremor, Chorea, Tics, And Related Disorders/Antithyroid Products""	""Propranolol""",
"""59695""",UNKNOWN,true,"0	""Atenolol 50mg tablets (Boston Healthcare Ltd)""	""Atenolol""	""50mg""	""Oral tablet""	""Oral""	""Beta-Adrenoceptor Blockers""	""Atenolol""",
"""82481""",UNKNOWN,true,"183	""Aldactone 100mg tablets (Waymade Healthcare Plc)""	""Spironolactone""	""100mg""	""Oral tablet""	""Oral""	""Potassium-Sparing Diuretics And Aldosterone Antagonists""	""Spironolactone""",
"""19182""",UNKNOWN,true,"5414	""Atenolol 50mg tablets (IVAX Pharmaceuticals UK Ltd)""	""Atenolol""	""50mg""	""Oral tablet""	""Oral""	""Beta-Adrenoceptor Blockers""	""Atenolol""",
"""48282""",UNKNOWN,true,"2847	""Diltiazem 90mg modified-release capsules (A A H Pharmaceuticals Ltd)""	""Diltiazem""	""90mg""	""Modified-release capsule""	""Oral""	""Calcium-Channel Blockers""	""Diltiazem""",
"""86596""",UNKNOWN,true,"0	""Atenolol 25mg tablets (Ipca Laboratories UK Ltd)""	""Atenolol""	""25mg""	""Oral tablet""	""Oral""	""Beta-Adrenoceptor Blockers""	""Atenolol""",
"""14861""",UNKNOWN,true,"3653	""Calchan MR 10 tablets (Sun Pharma UK Ltd)""	""Nifedipine""	""10mg""	""Modified-release tablet""	""Oral""	""Calcium-Channel Blockers""	""Nifedipine""",
"""19193""",UNKNOWN,true,"672	""Doxazosin 2mg tablets (Teva UK Ltd)""	""Doxazosin""	""2mg""	""Oral tablet""	""Oral""	""Alpha-Adrenoceptor Blockers/Alpha-Blockers (In Urinary Retention)""	""Doxazosin""",
"""65094""",UNKNOWN,true,"60	""Losartan 50mg tablets (Sandoz Ltd)""	""Losartan""	""50mg""	""Oral tablet""	""Oral""	""Angiotensin-II Receptor Antagonists""	""Losartan""",
"""70918""",UNKNOWN,true,"7	""Eplerenone 25mg tablets (Alliance Healthcare (Distribution) Ltd)""	""Eplerenone""	""25mg""	""Oral tablet""	""Oral""	""Potassium-Sparing Diuretics And Aldosterone Antagonists""	""Eplerenone""",
"""91222""",UNKNOWN,true,"54	""Spironolactone 50mg/5ml oral solution sugar free""	""Spironolactone""	""10mg/1ml""	""Oral solution""	""Oral""	""Potassium-Sparing Diuretics And Aldosterone Antagonists""	""Spironolactone""",
"""85415""",UNKNOWN,true,"0	""Azarga 10mg/ml / 5mg/ml eye drops (CST Pharma Ltd)""	""Timolol""	""5mg/1ml + 10mg/1ml""	""Eye drops""	""Ocular""	""Carbonic Anhydrase Inhibitors And Systemic Drugs (In Glaucoma)""	""Timolol""",
"""34607""",UNKNOWN,true,"238	""Nifedipine 5mg capsules (IVAX Pharmaceuticals UK Ltd)""	""Nifedipine""	""5mg""	""Oral capsule""	""Oral""	""Calcium-Channel Blockers""	""Nifedipine""",
"""24520""",UNKNOWN,true,"3	""HYDROCHLOROTHIAZIDE /METOPROLOL TARTRATE 25 MG TAB""	""Hydrochlorothiazide/Metoprolol""	NA	""Tablet""	""Oral""	""Unknown""	""Hydrochlorothiazide/Metoprolol""",
"""47529""",UNKNOWN,true,"316	""Nifedipine 20mg/ml oral drops""	""Nifedipine""	""20mg/1ml""	""Oral drops""	""Oral""	""Calcium-Channel Blockers""	""Nifedipine""",
"""79006""",UNKNOWN,true,"0	""Perindopril erbumine 4mg tablets (Somex Pharma)""	""Perindopril""	""4mg""	""Oral tablet""	""Oral""	""Angiotensin-Converting Enzyme Inhibitors (ACE Inhibitors)""	""Perindopril""",
"""63515""",UNKNOWN,true,"927	""Amlodipine 10mg tablets (Dr Reddy's Laboratories (UK) Ltd)""	""Amlodipine""	""10mg""	""Oral tablet""	""Oral""	""Calcium-Channel Blockers""	""Amlodipine""",
"""59264""",UNKNOWN,true,"0	""Securon SR 240mg tablets (DE Pharmaceuticals)""	""Verapamil""	""240mg""	""Modified-release tablet""	""Oral""	""Calcium-Channel Blockers""	""Verapamil""",
"""44859""",UNKNOWN,true,"1728	""Felodipine sr 5mg Tablet (Approved Prescription Services Ltd)""	""Felodipine""	""5mg""	""Modified-release tablet""	""Oral""	""Calcium-Channel Blockers""	""Felodipine""",
"""43753""",UNKNOWN,true,"507794	""Adalat LA 30mg tablets (Bayer Plc)""	""Nifedipine""	""30mg""	""Modified-release tablet""	""Oral""	""Calcium-Channel Blockers""	""Nifedipine""",
"""20426""",UNKNOWN,true,"213	""Centyl k 2.5mg+7.7mmol Tablet (Edwin Burgess Ltd)""	""Bendroflumethiazide""	""2.5mg + 573mg""	""Modified-release tablet""	""Oral""	""Diuretics With Potassium""	""Bendroflumethiazide""",
"""38831""",UNKNOWN,true,"75839	""Adizem-SR 180mg capsules (Napp Pharmaceuticals Ltd)""	""Diltiazem""	""180mg""	""Modified-release capsule""	""Oral""	""Calcium-Channel Blockers""	""Diltiazem""",
"""43453""",UNKNOWN,true,"36	""Timolol 0.50% Eye drops (Sandoz Ltd)""	""Timolol""	""5mg/1ml""	""Eye drops""	""Ocular""	""Beta-Blockers (In Glaucoma)""	""Timolol""",
"""39914""",UNKNOWN,true,"1656	""Amlodipine 5mg tablets (Teva UK Ltd)""	""Amlodipine""	""5mg""	""Oral tablet""	""Oral""	""Calcium-Channel Blockers""	""Amlodipine""",
"""749""",UNKNOWN,true,"24643663	""Amlodipine 5mg tablets""	""Amlodipine""	""5mg""	""Oral tablet""	""Oral""	""Calcium-Channel Blockers""	""Amlodipine""",
"""633""",UNKNOWN,true,"242389	""Fosinopril 10mg tablets""	""Fosinopril""	""10mg""	""Oral tablet""	""Oral""	""Angiotensin-Converting Enzyme Inhibitors (ACE Inhibitors)""	""Fosinopril""",
"""43813""",UNKNOWN,true,"220	""Perindopril erbumine 2mg tablets (Actavis UK Ltd)""	""Perindopril""	""2mg""	""Oral tablet""	""Oral""	""Angiotensin-Converting Enzyme Inhibitors (ACE Inhibitors)""	""Perindopril""",
"""23131""",UNKNOWN,true,"7	""Bendroflumethiazide 5mg with Propanolol 160mg modified-release capsules""	""Bendroflumethiazide/Propranolol""	""5mg + 160mg""	""Modified Release Capsules""	""Oral""	""Thiazides And Related Diuretics/Beta-Adrenoceptor Blockers""	""Bendroflumethiazide/Propranolol""",
"""64877""",UNKNOWN,true,"11	""Enalapril 2.5mg tablets (Dexcel-Pharma Ltd)""	""Enalapril""	""2.5mg""	""Oral tablet""	""Oral""	""Angiotensin-Converting Enzyme Inhibitors (ACE Inhibitors)""	""Enalapril""",
"""6364""",UNKNOWN,true,"10725	""Tritace 2.5mg tablets (Sanofi)""	""Ramipril""	""2.5mg""	""Oral tablet""	""Oral""	""Angiotensin-Converting Enzyme Inhibitors (ACE Inhibitors)""	""Ramipril""",
"""35646""",UNKNOWN,true,"90	""Neozipine XL 60mg tablets (Kent Pharma (UK) Ltd)""	""Nifedipine""	""60mg""	""Modified-release tablet""	""Oral""	""Calcium-Channel Blockers""	""Nifedipine""",
"""6815""",UNKNOWN,true,"9589	""Spironolactone 50mg/5ml oral suspension sugar free""	""Spironolactone""	""50mg/5ml""	""Suspension Sugar-Free""	""Oral""	""Potassium-Sparing Diuretics And Aldosterone Antagonists""	""Spironolactone""",
"""27946""",UNKNOWN,true,"253	""Nadolol 80mg / Bendroflumethiazide 5mg tablets""	""Bendroflumethiazide/Nadolol""	""5mg + 80mg""	""Oral tablet""	""Oral""	""Unknown""	""Bendroflumethiazide/Nadolol""",
"""38434""",UNKNOWN,true,"6	""Keloc SR 10mg tablets (Teva UK Ltd)""	""Felodipine""	""10mg""	""Modified-release tablet""	""Oral""	""Calcium-Channel Blockers""	""Felodipine""",
"""61985""",UNKNOWN,true,"18	""Ramipril 1.25mg tablets (Teva UK Ltd)""	""Ramipril""	""1.25mg""	""Oral tablet""	""Oral""	""Angiotensin-Converting Enzyme Inhibitors (ACE Inhibitors)""	""Ramipril""",
"""29560""",UNKNOWN,true,"115	""Bosentan 62.5mg tablets""	""Bosentan""	""62.5mg""	""Oral tablet""	""Oral""	""Vasodilator Antihypertensive Products""	""Bosentan""",
"""297""",UNKNOWN,true,"3039884	""Propranolol 10mg tablets""	""Propranolol""	""10mg""	""Oral tablet""	""Oral""	""Beta-Adrenoceptor Blockers/Prophylaxis Of Migraine/Drugs For Essential Tremor, Chorea, Tics, And Related Disorders/Antithyroid Products""	""Propranolol""",
"""37710""",UNKNOWN,true,"36	""Lisinopril 10mg / Hydrochlorothiazide 12.5mg tablets (Teva UK Ltd)""	""Hydrochlorothiazide/Lisinopril""	""10mg + 12.5mg""	""Oral tablet""	""Oral""	""Thiazides And Related Diuretics/Angiotensin-Converting Enzyme Inhibitors (ACE Inhibitors)""	""Hydrochlorothiazide/Lisinopril""",
"""39298""",UNKNOWN,true,"475	""Bi-Carzem SR 90mg capsules (Tillomed Laboratories Ltd)""	""Diltiazem""	""90mg""	""Modified-release capsule""	""Oral""	""Calcium-Channel Blockers""	""Diltiazem""",
"""88932""",UNKNOWN,true,"1	""Chlorothiazide 40mg/5ml oral solution""	""Chlorothiazide""	""8mg/1ml""	""Oral solution""	""Oral""	""Thiazides And Related Diuretics""	""Chlorothiazide""",
"""1995""",UNKNOWN,true,"168915	""Diltiazem 12hr 120mg modified-release capsules""	""Diltiazem""	""120mg""	""12 Hour Modified Release Capsules""	""Oral""	""Calcium-Channel Blockers""	""Diltiazem""",
"""75260""",UNKNOWN,true,"60	""Zaroxolyn 2.5mg tablets (Imported (Canada))""	""Metolazone""	""2.5mg""	""Oral tablet""	""Oral""	""Thiazides And Related Diuretics""	""Metolazone""",
"""7618""",UNKNOWN,true,"46433	""Xipamide 20mg tablets""	""Xipamide""	""20mg""	""Oral tablet""	""Oral""	""Thiazides And Related Diuretics""	""Xipamide""",
"""91417""",UNKNOWN,true,"0	""Ramipril 5mg capsules (Medihealth (Northern) Ltd)""	""Ramipril""	""5mg""	""Oral capsule""	""Oral""	""Angiotensin-Converting Enzyme Inhibitors (ACE Inhibitors)""	""Ramipril""",
"""8033""",UNKNOWN,true,"15718	""Aldomet 125mg Tablet (Merck Sharp & Dohme Ltd)""	""Methyldopa""	""125mg""	""Oral tablet""	""Oral""	""Centrally Acting Antihypertensive Products""	""Methyldopa""",
"""85331""",UNKNOWN,true,"0	""Valsartan 80mg capsules (Viatris UK Healthcare Ltd)""	""Valsartan""	""80mg""	""Oral capsule""	""Oral""	""Angiotensin-II Receptor Antagonists""	""Valsartan""",
"""8935""",UNKNOWN,true,"9656	""Nadolol 40mg tablets""	""Nadolol""	""40mg""	""Oral tablet""	""Oral""	""Beta-Adrenoceptor Blockers""	""Nadolol""",
"""87573""",UNKNOWN,true,"0	""Indapamide 2.5mg tablets (Accord-UK Ltd)""	""Indapamide""	""2.5mg""	""Oral tablet""	""Oral""	""Thiazides And Related Diuretics""	""Indapamide""",
"""65970""",UNKNOWN,true,"24	""Nifedipine 2% ointment""	""Nifedipine""	""20mg/1gram""	""Rectal ointment""	""Rectal""	""Anal Fissure Management""	""Nifedipine""",
"""82267""",UNKNOWN,true,"1	""Amlodipine 50mg/5ml oral solution""	""Amlodipine""	""10mg/1ml""	""Oral solution""	""Oral""	""Calcium-Channel Blockers""	""Amlodipine""",
"""8198""",UNKNOWN,true,"10984	""Hypovase 5mg Tablet (Pfizer Ltd)""	""Prazosin""	""5mg""	""Oral tablet""	""Oral""	""Alpha-Adrenoceptor Blockers/Alpha-Blockers (In Urinary Retention)""	""Prazosin""",
"""90587""",UNKNOWN,true,"0	""Lisinopril 10mg tablets (Medreich Plc)""	""Lisinopril""	""10mg""	""Oral tablet""	""Oral""	""Angiotensin-Converting Enzyme Inhibitors (ACE Inhibitors)""	""Lisinopril""",
"""71339""",UNKNOWN,true,"1127	""Adalat LA 30 tablets (Dowelhurst Ltd)""	""Nifedipine""	""30mg""	""Modified-release tablet""	""Oral""	""Calcium-Channel Blockers""	""Nifedipine""",
"""25551""",UNKNOWN,true,"606	""Cascor 4mg tablets (Sun Pharma UK Ltd)""	""Doxazosin""	""4mg""	""Oral tablet""	""Oral""	""Alpha-Adrenoceptor Blockers/Drugs For Genito-Urinary Disorders""	""Doxazosin""",
"""77774""",UNKNOWN,true,"1	""Phenoxybenzamine 25mg/5ml oral suspension""	""Phenoxybenzamine""	""5mg/1ml""	""Oral suspension""	""Oral""	""Alpha-Adrenoceptor Blockers""	""Phenoxybenzamine""",
"""65438""",UNKNOWN,true,"21	""Acebutolol 100mg capsules (A A H Pharmaceuticals Ltd)""	""Acebutolol""	""100mg""	""Oral capsule""	""Oral""	""Beta-Adrenoceptor Blockers""	""Acebutolol""",
"""22142""",UNKNOWN,true,"822	""Calcilat 10mg Capsule (Eastern Pharmaceuticals Ltd)""	""Nifedipine""	""10mg""	""Oral capsule""	""Oral""	""Calcium-Channel Blockers""	""Nifedipine""",
"""81768""",UNKNOWN,true,"0	""Losartan 50mg tablets (Brown & Burk UK Ltd)""	""Losartan""	""50mg""	""Oral tablet""	""Oral""	""Angiotensin-II Receptor Antagonists""	""Losartan""",
"""70999""",UNKNOWN,true,"0	""Amlodipine 5mg tablets (APC Pharmaceuticals & Chemicals (Europe) Ltd)""	""Amlodipine""	""5mg""	""Oral tablet""	""Oral""	""Calcium-Channel Blockers""	""Amlodipine""",
"""89381""",UNKNOWN,true,"104	""Lercanidipine 10mg tablets (Zentiva Pharma UK Ltd)""	""Lercanidipine""	""10mg""	""Oral tablet""	""Oral""	""Calcium-Channel Blockers""	""Lercanidipine""",
"""19198""",UNKNOWN,true,"2329	""Lisinopril 20mg tablets (Teva UK Ltd)""	""Lisinopril""	""20mg""	""Oral tablet""	""Oral""	""Angiotensin-Converting Enzyme Inhibitors (ACE Inhibitors)""	""Lisinopril""",
"""11770""",UNKNOWN,true,"116297	""Dilzem SR 60 capsules (Teva UK Ltd)""	""Diltiazem""	""60mg""	""Modified-release capsule""	""Oral""	""Calcium-Channel Blockers""	""Diltiazem""",
"""43511""",UNKNOWN,true,"14	""Nifedipine 10mg capsules (A A H Pharmaceuticals Ltd)""	""Nifedipine""	""10mg""	""Oral capsule""	""Oral""	""Calcium-Channel Blockers""	""Nifedipine""",
"""89953""",UNKNOWN,true,"6	""Nifedipine 5mg capsules (Relonchem Ltd)""	""Nifedipine""	""5mg""	""Oral capsule""	""Oral""	""Calcium-Channel Blockers""	""Nifedipine""",
"""491""",UNKNOWN,true,"2064640	""Felodipine 2.5mg modified-release tablets""	""Felodipine""	""2.5mg""	""Modified-release tablet""	""Oral""	""Calcium-Channel Blockers""	""Felodipine""",
"""28128""",UNKNOWN,true,"1667	""Propranolol 80mg Modified-release capsule (Actavis UK Ltd)""	""Propranolol""	""80mg""	""Modified-release capsule""	""Oral""	""Beta-Adrenoceptor Blockers/Prophylaxis Of Migraine""	""Propranolol""",
"""13026""",UNKNOWN,true,"22844	""Cilazapril 5mg tablets""	""Cilazapril""	""5mg""	""Oral tablet""	""Oral""	""Angiotensin-Converting Enzyme Inhibitors (ACE Inhibitors)""	""Cilazapril""",
"""83234""",UNKNOWN,true,"3	""Propranolol 20mg/5ml oral solution""	""Propranolol""	""4mg/1ml""	""Oral solution""	""Oral""	""Beta-Adrenoceptor Blockers/Prophylaxis Of Migraine/Drugs For Essential Tremor, Chorea, Tics, And Related Disorders/Antithyroid Products""	""Propranolol""",
"""17149""",UNKNOWN,true,"1829	""Monozide 10 tablets (Wyeth Pharmaceuticals)""	""Hydrochlorothiazide""	""10mg + 6.25mg""	""Oral tablet""	""Oral""	""Unknown""	""Hydrochlorothiazide""",
"""68496""",UNKNOWN,true,"0	""Enalapril 10mg tablets (Kent Pharma (UK) Ltd)""	""Enalapril""	""10mg""	""Oral tablet""	""Oral""	""Angiotensin-Converting Enzyme Inhibitors (ACE Inhibitors)""	""Enalapril""",
"""77681""",UNKNOWN,true,"346	""Bendroflumethiazide 5mg tablets (Viatris UK Healthcare Ltd)""	""Bendroflumethiazide""	""5mg""	""Oral tablet""	""Oral""	""Thiazides And Related Diuretics""	""Bendroflumethiazide""",
"""24484""",UNKNOWN,true,"286	""Hydrochlorothiazide with valsartan 12.5mg with 160mg Tablet""	""Hydrochlorothiazide/Valsartan""	""12.5mg + 160mg""	""Tablet""	""Oral""	""Thiazides And Related Diuretics/Angiotensin-II Receptor Antagonists""	""Hydrochlorothiazide/Valsartan""",
"""34101""",UNKNOWN,true,"1493	""Nifedipine mr 20mg Modified-release tablet (IVAX Pharmaceuticals UK Ltd)""	""Nifedipine""	""20mg""	""Modified-Release Tablet""	""Oral""	""Calcium-Channel Blockers""	""Nifedipine""",
"""52208""",UNKNOWN,true,"4	""Candesartan 16mg tablets (A A H Pharmaceuticals Ltd)""	""Candesartan""	""16mg""	""Oral tablet""	""Oral""	""Angiotensin-II Receptor Antagonists""	""Candesartan""",
"""45078""",UNKNOWN,true,"34	""Spironolactone 25mg/5ml Oral solution sugar free (Rosemont Pharmaceuticals Ltd)""	""Spironolactone""	""25mg/5ml""	""Oral Solution""	""Oral""	""Potassium-Sparing Diuretics And Aldosterone Antagonists""	""Spironolactone""",
"""1050""",UNKNOWN,true,"109236	""Inderal 40mg tablets (AstraZeneca UK Ltd)""	""Propranolol""	""40mg""	""Oral tablet""	""Oral""	""Beta-Adrenoceptor Blockers/Prophylaxis Of Migraine/Drugs For Essential Tremor, Chorea, Tics, And Related Disorders/Antithyroid Products""	""Propranolol""",
"""52310""",UNKNOWN,true,"18	""Atenolol 25mg tablets (Crescent Pharma Ltd)""	""Atenolol""	""25mg""	""Oral tablet""	""Oral""	""Beta-Adrenoceptor Blockers""	""Atenolol""",
"""56038""",UNKNOWN,true,"0	""Ramipril 10mg tablets (Pfizer Ltd)""	""Ramipril""	""10mg""	""Oral tablet""	""Oral""	""Angiotensin-Converting Enzyme Inhibitors (ACE Inhibitors)""	""Ramipril""",
"""20975""",UNKNOWN,true,"184	""Lisinopril 7.5mg/5ml oral suspension""	""Lisinopril""	""1.5mg/1ml""	""Oral suspension""	""Oral""	""Angiotensin-Converting Enzyme Inhibitors (ACE Inhibitors)""	""Lisinopril""",
"""34824""",UNKNOWN,true,"455	""Diltiazem HCl 120mg Modified-release tablet (IVAX Pharmaceuticals UK Ltd)""	""Diltiazem""	""120mg""	""Modified-release tablet""	""Oral""	""Calcium-Channel Blockers""	""Diltiazem""",
"""84752""",UNKNOWN,true,"14	""Diltiazem 4% ointment""	""Diltiazem""	""40mg/1gram""	""Ointment""	""Route of administration not applicable""	""Local Products For Anal Or Rectal Problems/Calcium-Channel Blockers""	""Diltiazem""",
"""1118""",UNKNOWN,true,"527769	""Verapamil 40mg tablets""	""Verapamil""	""40mg""	""Oral tablet""	""Oral""	""Calcium-Channel Blockers""	""Verapamil""",
"""82337""",UNKNOWN,true,"0	""Zanidip 20mg tablets (Necessity Supplies Ltd)""	""Lercanidipine""	""20mg""	""Oral tablet""	""Oral""	""Calcium-Channel Blockers""	""Lercanidipine""",
"""53508""",UNKNOWN,true,"1	""Spironolactone 5mg/5ml / Chlorothiazide 50mg/5ml oral suspension""	""Chlorothiazide/Spironolactone""	""1mg/1ml + 10mg/1ml""	""Oral suspension""	""Oral""	""Potassium-Sparing Diuretics With Other Diuretics""	""Chlorothiazide/Spironolactone""",
"""57944""",UNKNOWN,true,"47	""Perindopril tosilate 2.5mg tablets""	""Perindopril""	""2.5mg""	""Oral tablet""	""Oral""	""Angiotensin-Converting Enzyme Inhibitors (ACE Inhibitors)""	""Perindopril""",
"""65""",UNKNOWN,true,"8500045	""Lisinopril 10mg tablets""	""Lisinopril""	""10mg""	""Oral tablet""	""Oral""	""Angiotensin-Converting Enzyme Inhibitors (ACE Inhibitors)""	""Lisinopril""",
"""80247""",UNKNOWN,true,"0	""Verapamil 120mg tablets (A A H Pharmaceuticals Ltd)""	""Verapamil""	""120mg""	""Oral tablet""	""Oral""	""Calcium-Channel Blockers""	""Verapamil""",
"""33376""",UNKNOWN,true,"5	""Probeta LA 160mg Capsule (Trinity Pharmaceuticals Ltd)""	""Propranolol""	""160mg""	""Modified-release capsule""	""Oral""	""Beta-Adrenoceptor Blockers/Prophylaxis Of Migraine""	""Propranolol""",
"""17115""",UNKNOWN,true,"1673	""Timolol maleate with dorzolamide 0.5% + 2% Eye drops""	""Timolol""	""0.5% + 2%""	""Eye Drops""	""Ocular""	""Beta-Blockers (In Glaucoma)/Carbonic Anhydrase Inhibitors And Systemic Drugs (In Glaucoma)""	""Timolol""",
"""74062""",UNKNOWN,true,"33	""Celectol 400mg tablets (Sigma Pharmaceuticals Plc)""	""Celiprolol""	""400mg""	""Oral tablet""	""Oral""	""Beta-Adrenoceptor Blockers""	""Celiprolol""",
"""4667""",UNKNOWN,true,"499698	""Timolol 0.25% eye drops""	""Timolol""	""2.5mg/1ml""	""Eye drops""	""Ocular""	""Beta-Blockers (In Glaucoma)""	""Timolol""",
"""59903""",UNKNOWN,true,"347	""Losartan 50mg/5ml oral suspension""	""Losartan""	""10mg/1ml""	""Oral suspension""	""Oral""	""Angiotensin-II Receptor Antagonists""	""Losartan""",
"""33811""",UNKNOWN,true,"1	""Ramipril 2.5mg capsules (Sun Pharma UK Ltd)""	""Ramipril""	""2.5mg""	""Oral capsule""	""Oral""	""Angiotensin-Converting Enzyme Inhibitors (ACE Inhibitors)""	""Ramipril""",
"""69668""",UNKNOWN,true,"18	""Nifedipine 30mg/5ml oral suspension""	""Nifedipine""	""6mg/1ml""	""Oral suspension""	""Oral""	""Calcium-Channel Blockers""	""Nifedipine""",
"""2046""",UNKNOWN,true,"48038	""Navidrex 500microgram tablets (Advanz Pharma)""	""Cyclopenthiazide""	""500microgram""	""Oral tablet""	""Oral""	""Thiazides And Related Diuretics""	""Cyclopenthiazide""",
"""39137""",UNKNOWN,true,"8544	""Zestoretic 10 tablets (Atnahs Pharma UK Ltd)""	""Hydrochlorothiazide/Lisinopril""	""10mg + 12.5mg""	""Oral tablet""	""Oral""	""Thiazides And Related Diuretics/Angiotensin-Converting Enzyme Inhibitors (ACE Inhibitors)""	""Hydrochlorothiazide/Lisinopril""",
"""54326""",UNKNOWN,true,"211	""Candesartan 32mg tablets (Teva UK Ltd)""	""Candesartan""	""32mg""	""Oral tablet""	""Oral""	""Angiotensin-II Receptor Antagonists""	""Candesartan""",
"""11987""",UNKNOWN,true,"4437	""Lisinopril 5mg/5ml oral solution""	""Lisinopril""	""1mg/1ml""	""Oral solution""	""Oral""	""Angiotensin-Converting Enzyme Inhibitors (ACE Inhibitors)""	""Lisinopril""",
"""34622""",UNKNOWN,true,"12	""Co-amilofruse 10mg/80mg tablets (Wockhardt UK Ltd)""	""Amiloride""	""10mg + 80mg""	""Oral tablet""	""Oral""	""Potassium-Sparing Diuretics With Other Diuretics""	""Amiloride""",
"""12874""",UNKNOWN,true,"347732	""Telmisartan 80mg tablets""	""Telmisartan""	""80mg""	""Oral tablet""	""Oral""	""Angiotensin-II Receptor Antagonists""	""Telmisartan""",
"""85208""",UNKNOWN,true,"137	""Amlodipine 5mg tablets (Mawdsley-Brooks & Company Ltd)""	""Amlodipine""	""5mg""	""Oral tablet""	""Oral""	""Calcium-Channel Blockers""	""Amlodipine""",
"""50467""",UNKNOWN,true,"0	""Doxazosin 2mg tablets (Alliance Healthcare (Distribution) Ltd)""	""Doxazosin""	""2mg""	""Oral tablet""	""Oral""	""Alpha-Adrenoceptor Blockers/Alpha-Blockers (In Urinary Retention)""	""Doxazosin""",
"""1707""",UNKNOWN,true,"366774	""Methyldopa 250mg tablets""	""Methyldopa""	""250mg""	""Oral tablet""	""Oral""	""Centrally Acting Antihypertensive Products""	""Methyldopa""",
"""35729""",UNKNOWN,true,"333	""Verapamil 80mg tablets (Teva UK Ltd)""	""Verapamil""	""80mg""	""Oral tablet""	""Oral""	""Calcium-Channel Blockers""	""Verapamil""",
"""581""",UNKNOWN,true,"205866	""Atenolol 50mg with Chlortalidone 12.5mg tablets""	""Chlortalidone/Atenolol""	""50mg+12.5mg""	""Tablets""	""Oral""	""Thiazides And Related Diuretics/Beta-Adrenoceptor Blockers""	""Chlortalidone/Atenolol""",
"""55949""",UNKNOWN,true,"82	""Propranolol 40mg/5ml oral solution""	""Propranolol""	""8mg/1ml""	""Oral solution""	""Oral""	""Beta-Adrenoceptor Blockers/Prophylaxis Of Migraine/Drugs For Essential Tremor, Chorea, Tics, And Related Disorders/Antithyroid Products""	""Propranolol""",
"""6437""",UNKNOWN,true,"222551	""Losartan 50mg / Hydrochlorothiazide 12.5mg tablets""	""Hydrochlorothiazide/Losartan""	""50mg + 12.5mg""	""Oral tablet""	""Oral""	""Angiotensin-II Receptor Antagonists With Diuretic""	""Hydrochlorothiazide/Losartan""",
"""56013""",UNKNOWN,true,"0	""Ramipril 2.5mg capsules (Waymade Healthcare Plc)""	""Ramipril""	""2.5mg""	""Oral capsule""	""Oral""	""Angiotensin-Converting Enzyme Inhibitors (ACE Inhibitors)""	""Ramipril""",
"""13302""",UNKNOWN,true,"74011	""Dilzem SR 90 capsules (Teva UK Ltd)""	""Diltiazem""	""90mg""	""Modified-release capsule""	""Oral""	""Calcium-Channel Blockers""	""Diltiazem""",
"""56472""",UNKNOWN,true,"3987	""Perindopril erbumine 4mg tablets (Kent Pharma (UK) Ltd)""	""Perindopril""	""4mg""	""Oral tablet""	""Oral""	""Angiotensin-Converting Enzyme Inhibitors (ACE Inhibitors)""	""Perindopril""",
"""269""",UNKNOWN,true,"456414	""Nifedipine 5mg capsules""	""Nifedipine""	""5mg""	""Oral capsule""	""Oral""	""Calcium-Channel Blockers""	""Nifedipine""",
"""54049""",UNKNOWN,true,"0	""Losartan 50mg tablets (Accord-UK Ltd)""	""Losartan""	""50mg""	""Oral tablet""	""Oral""	""Angiotensin-II Receptor Antagonists""	""Losartan""",
"""43411""",UNKNOWN,true,"580	""Enalapril 5mg tablets (Sandoz Ltd)""	""Enalapril""	""5mg""	""Oral tablet""	""Oral""	""Angiotensin-Converting Enzyme Inhibitors (ACE Inhibitors)""	""Enalapril""",
"""88296""",UNKNOWN,true,"14	""Candesartan 8mg tablets (Medreich Plc)""	""Candesartan""	""8mg""	""Oral tablet""	""Oral""	""Angiotensin-II Receptor Antagonists""	""Candesartan""",
"""40149""",UNKNOWN,true,"434	""Bendroflumethiazide 5mg tablets (IVAX Pharmaceuticals UK Ltd)""	""Bendroflumethiazide""	""5mg""	""Oral tablet""	""Oral""	""Thiazides And Related Diuretics""	""Bendroflumethiazide""",
"""73659""",UNKNOWN,true,"0	""Captopril 50mg tablets (Kent Pharma (UK) Ltd)""	""Captopril""	""50mg""	""Oral tablet""	""Oral""	""Angiotensin-Converting Enzyme Inhibitors (ACE Inhibitors)""	""Captopril""",
"""56536""",UNKNOWN,true,"24	""Spironolactone 100mg/5ml oral solution""	""Spironolactone""	""20mg/1ml""	""Oral solution""	""Oral""	""Potassium-Sparing Diuretics And Aldosterone Antagonists""	""Spironolactone""",
"""12946""",UNKNOWN,true,"2515	""Spironolactone 10mg/5ml oral suspension sugar free""	""Spironolactone""	""10mg/5ml""	""Suspension Sugar-Free""	""Oral""	""Potassium-Sparing Diuretics And Aldosterone Antagonists""	""Spironolactone""",
"""72842""",UNKNOWN,true,"0	""Ramipril 10mg capsules (Wockhardt UK Ltd)""	""Ramipril""	""10mg""	""Oral capsule""	""Oral""	""Angiotensin-Converting Enzyme Inhibitors (ACE Inhibitors)""	""Ramipril""",
"""48132""",UNKNOWN,true,"13	""Hydrochlorothiazide Capsule""	""Hydrochlorothiazide""	NA	""Capsule""	""Oral""	""Thiazides And Related Diuretics""	""Hydrochlorothiazide""",
"""80244""",UNKNOWN,true,"0	""Propranolol 40mg/5ml oral solution sugar free (Ennogen Healthcare Ltd)""	""Propranolol""	""8mg/1ml""	""Oral solution""	""Oral""	""Beta-Adrenoceptor Blockers/Prophylaxis Of Migraine/Drugs For Essential Tremor, Chorea, Tics, And Related Disorders/Antithyroid Products""	""Propranolol""",
"""9178""",UNKNOWN,true,"6330	""Atenolol 25mg / Bendroflumethiazide 1.25mg capsules""	""Bendroflumethiazide/Atenolol""	""25mg + 1.25mg""	""Oral capsule""	""Oral""	""Unknown""	""Bendroflumethiazide/Atenolol""",
"""65636""",UNKNOWN,true,"1	""Adizem-XL 120mg capsules (Lexon (UK) Ltd)""	""Diltiazem""	""120mg""	""Modified-release capsule""	""Oral""	""Calcium-Channel Blockers""	""Diltiazem""",
"""6351""",UNKNOWN,true,"176816	""Olmesartan medoxomil 40mg tablets""	""Olmesartan""	""40mg""	""Oral tablet""	""Oral""	""Angiotensin-II Receptor Antagonists""	""Olmesartan""",
"""33403""",UNKNOWN,true,"1347	""Timolol 0.25% Eye drops (Lennon Pharmaceuticals)""	""Timolol""	""2.5mg/1ml""	""Eye drops""	""Ocular""	""Beta-Blockers (In Glaucoma)""	""Timolol""",
"""33788""",UNKNOWN,true,"1	""Metirosine 250mg Capsule""	""Metirosine""	""250mg""	""Capsule""	""Oral""	""Alpha-Adrenoceptor Blockers""	""Metirosine""",
"""75010""",UNKNOWN,true,"140	""Metoprolol tartrate 50mg Tablet (C P Pharmaceuticals Ltd)""	""Metoprolol""	""50mg""	""Oral tablet""	""Oral""	""Beta-Adrenoceptor Blockers""	""Metoprolol""",
"""73715""",UNKNOWN,true,"0	""Felodipine 5mg modified-release tablets (Phoenix Healthcare Distribution Ltd)""	""Felodipine""	""5mg""	""Modified-release tablet""	""Oral""	""Calcium-Channel Blockers""	""Felodipine""",
"""23326""",UNKNOWN,true,"221	""Betadur cr 160mg Modified-release capsule (Monmouth Pharmaceuticals Ltd)""	""Propranolol""	""160mg""	""Modified-release capsule""	""Oral""	""Beta-Adrenoceptor Blockers/Prophylaxis Of Migraine""	""Propranolol""",
"""74154""",UNKNOWN,true,"1	""Spironolactone 2mg/5ml oral suspension""	""Spironolactone""	""400microgram/1ml""	""Oral suspension""	""Oral""	""Potassium-Sparing Diuretics And Aldosterone Antagonists""	""Spironolactone""",
"""24041""",UNKNOWN,true,"183	""Enalapril 20mg wafer""	""Enalapril""	""20mg""	""Wafer""	NA	""Angiotensin-Converting Enzyme Inhibitors (ACE Inhibitors)""	""Enalapril""",
"""87580""",UNKNOWN,true,"3	""Tolucombi 80mg/12.5mg tablets (Krka UK Ltd)""	""Hydrochlorothiazide/Telmisartan""	""80mg + 12.5mg""	""Oral tablet""	""Oral""	""Angiotensin-II Receptor Antagonists With Diuretic""	""Hydrochlorothiazide/Telmisartan""",
"""56147""",UNKNOWN,true,"38	""Amlodipine 10mg tablets (Accord-UK Ltd)""	""Amlodipine""	""10mg""	""Oral tablet""	""Oral""	""Calcium-Channel Blockers""	""Amlodipine""",
"""13926""",UNKNOWN,true,"25576	""Diltiazem 360mg modified-release capsules""	""Diltiazem""	""360mg""	""Modified-release capsule""	""Oral""	""Calcium-Channel Blockers""	""Diltiazem""",
"""25275""",UNKNOWN,true,"407	""Metalpha 500mg Tablet (Ashbourne Pharmaceuticals Ltd)""	""Methyldopa""	""500mg""	""Oral tablet""	""Oral""	""Centrally Acting Antihypertensive Products""	""Methyldopa""",
"""12926""",UNKNOWN,true,"6582	""Polythiazide 1mg tablets""	""Polythiazide""	""1mg""	""Oral tablet""	""Oral""	""Unknown""	""Polythiazide""",
"""81601""",UNKNOWN,true,"0	""Losartan 50mg tablets (Sigma Pharmaceuticals Plc)""	""Losartan""	""50mg""	""Oral tablet""	""Oral""	""Angiotensin-II Receptor Antagonists""	""Losartan""",
"""147""",UNKNOWN,true,"4297597	""Ramipril 1.25mg capsules""	""Ramipril""	""1.25mg""	""Oral capsule""	""Oral""	""Angiotensin-Converting Enzyme Inhibitors (ACE Inhibitors)""	""Ramipril""",
"""79484""",UNKNOWN,true,"251	""Ramipril 1.25mg capsules (Sigma Pharmaceuticals Plc)""	""Ramipril""	""1.25mg""	""Oral capsule""	""Oral""	""Angiotensin-Converting Enzyme Inhibitors (ACE Inhibitors)""	""Ramipril""",
"""43416""",UNKNOWN,true,"825	""Lisinopril 10mg tablets (A A H Pharmaceuticals Ltd)""	""Lisinopril""	""10mg""	""Oral tablet""	""Oral""	""Angiotensin-Converting Enzyme Inhibitors (ACE Inhibitors)""	""Lisinopril""",
"""10251""",UNKNOWN,true,"713565	""Eplerenone 25mg tablets""	""Eplerenone""	""25mg""	""Oral tablet""	""Oral""	""Potassium-Sparing Diuretics And Aldosterone Antagonists""	""Eplerenone""",
"""41660""",UNKNOWN,true,"276	""Spironolactone 100mg tablets (Teva UK Ltd)""	""Spironolactone""	""100mg""	""Oral tablet""	""Oral""	""Potassium-Sparing Diuretics And Aldosterone Antagonists""	""Spironolactone""",
"""80587""",UNKNOWN,true,"1	""Diltiazem 90mg/5ml oral suspension""	""Diltiazem""	""18mg/1ml""	""Oral suspension""	""Oral""	""Calcium-Channel Blockers""	""Diltiazem""",
"""37747""",UNKNOWN,true,"4408	""Cozaar-Comp 100mg/12.5mg tablets (Organon Pharma (UK) Ltd)""	""Hydrochlorothiazide/Losartan""	""12.5mg + 100mg""	""Oral tablet""	""Oral""	""Angiotensin-II Receptor Antagonists With Diuretic""	""Hydrochlorothiazide/Losartan""",
"""23233""",UNKNOWN,true,"282	""Bi-carzem sr 90mg Modified-release capsule (Tillomed Laboratories Ltd)""	""Diltiazem""	""90mg""	""Modified-release capsule""	""Oral""	""Calcium-Channel Blockers""	""Diltiazem""",
"""72042""",UNKNOWN,true,"0	""Bendroflumethiazide 2.5mg tablets (Alliance Healthcare (Distribution) Ltd)""	""Bendroflumethiazide""	""2.5mg""	""Oral tablet""	""Oral""	""Thiazides And Related Diuretics/Hypercalcaemia And Hypercalciuria""	""Bendroflumethiazide""",
"""30199""",UNKNOWN,true,"62115	""Nifedipine 30mg modified-release tablets""	""Nifedipine""	""30mg""	""Modified-release tablet""	""Oral""	""Calcium-Channel Blockers""	""Nifedipine""",
"""7419""",UNKNOWN,true,"49843	""Trandolapril 500microgram capsules""	""Trandolapril""	""500microgram""	""Oral capsule""	""Oral""	""Angiotensin-Converting Enzyme Inhibitors (ACE Inhibitors)""	""Trandolapril""",
"""79128""",UNKNOWN,true,"1	""Spironolactone 35mg/5ml oral suspension""	""Spironolactone""	""7mg/1ml""	""Oral suspension""	""Oral""	""Potassium-Sparing Diuretics And Aldosterone Antagonists""	""Spironolactone""",
"""29570""",UNKNOWN,true,"265	""Dopamet 125mg Tablet (Berk Pharmaceuticals Ltd)""	""Methyldopa""	""125mg""	""Oral tablet""	""Oral""	""Centrally Acting Antihypertensive Products""	""Methyldopa""",
"""72221""",UNKNOWN,true,"0	""Felodipine 5mg modified-release tablets (Waymade Healthcare Plc)""	""Felodipine""	""5mg""	""Modified-release tablet""	""Oral""	""Calcium-Channel Blockers""	""Felodipine""",
"""80520""",UNKNOWN,true,"0	""Ramipril 1.25mg capsules (Brown & Burk UK Ltd)""	""Ramipril""	""1.25mg""	""Oral capsule""	""Oral""	""Angiotensin-Converting Enzyme Inhibitors (ACE Inhibitors)""	""Ramipril""",
"""15493""",UNKNOWN,true,"1	""Reserpine with hydrochlorothiazide tablet""	""Hydrochlorothiazide/Reserpine""	NA	""Tablets""	""Oral""	""Centrally Acting Antihypertensive Products""	""Hydrochlorothiazide/Reserpine""",
"""35940""",UNKNOWN,true,"3339	""Celectol 400mg tablets (Neon Healthcare Ltd)""	""Celiprolol""	""400mg""	""Oral tablet""	""Oral""	""Beta-Adrenoceptor Blockers""	""Celiprolol""",
"""47724""",UNKNOWN,true,"2	""Bi-Carzem XL 240mg capsules (Tillomed Laboratories Ltd)""	""Diltiazem""	""240mg""	""Modified-release capsule""	""Oral""	""Calcium-Channel Blockers""	""Diltiazem""",
"""30341""",UNKNOWN,true,"3	""Iloprost 20micrograms/2ml nebuliser liquid ampoules""	""Iloprost""	""10microgram/1ml""	""Nebuliser liquid""	""Inhalation""	""Unknown""	""Iloprost""",
"""31072""",UNKNOWN,true,"5541	""Amias 32mg tablets (Neon Healthcare Ltd)""	""Candesartan""	""32mg""	""Oral tablet""	""Oral""	""Angiotensin-II Receptor Antagonists""	""Candesartan""",
"""20012""",UNKNOWN,true,"1701	""Visken 15mg Tablet (Sovereign Medical Ltd)""	""Pindolol""	""15mg""	""Oral tablet""	""Oral""	""Beta-Adrenoceptor Blockers""	""Pindolol""",
"""41543""",UNKNOWN,true,"309	""Doxazosin 1mg tablets (IVAX Pharmaceuticals UK Ltd)""	""Doxazosin""	""1mg""	""Oral tablet""	""Oral""	""Alpha-Adrenoceptor Blockers/Drugs For Genito-Urinary Disorders""	""Doxazosin""",
"""60349""",UNKNOWN,true,"153	""Noyada 25mg/5ml oral solution (Martindale Pharmaceuticals Ltd)""	""Captopril""	""5mg/1ml""	""Oral solution""	""Oral""	""Angiotensin-Converting Enzyme Inhibitors (ACE Inhibitors)""	""Captopril""",
"""77597""",UNKNOWN,true,"1	""Captopril 50mg/5ml oral suspension""	""Captopril""	""10mg/1ml""	""Oral suspension""	""Oral""	""Angiotensin-Converting Enzyme Inhibitors (ACE Inhibitors)""	""Captopril""",
"""25572""",UNKNOWN,true,"451	""Felogen XL 5mg tablets (Viatris UK Healthcare Ltd)""	""Felodipine""	""5mg""	""Modified-release tablet""	""Oral""	""Calcium-Channel Blockers""	""Felodipine""",
"""21216""",UNKNOWN,true,"216	""Hypolar Retard 10mg tablets (Sandoz Ltd)""	""Nifedipine""	""10mg""	""Modified-release tablet""	""Oral""	""Calcium-Channel Blockers""	""Nifedipine""",
"""71096""",UNKNOWN,true,"0	""Irbesartan 150mg tablets (Dr Reddy's Laboratories (UK) Ltd)""	""Irbesartan""	""150mg""	""Oral tablet""	""Oral""	""Angiotensin-II Receptor Antagonists""	""Irbesartan""",
"""338""",UNKNOWN,true,"1135790	""Clonidine 25microgram tablets""	""Clonidine""	""25microgram""	""Oral tablet""	""Oral""	""Prophylaxis Of Migraine/Oestrogens And HRT""	""Clonidine""",
"""4021""",UNKNOWN,true,"711	""PROPRANOLOL 20 MG TAB""	""Propranolol""	NA	""Tablet""	""Oral""	""Unknown""	""Propranolol""",
"""74040""",UNKNOWN,true,"115	""Zestoretic 20 tablets (Lexon (UK) Ltd)""	""Hydrochlorothiazide/Lisinopril""	""20mg + 12.5mg""	""Oral tablet""	""Oral""	""Angiotensin-Converting Enzyme Inhibitors (ACE Inhibitors)""	""Hydrochlorothiazide/Lisinopril""",
"""38865""",UNKNOWN,true,"273561	""Adizem-XL 120mg capsules (Napp Pharmaceuticals Ltd)""	""Diltiazem""	""120mg""	""Modified-release capsule""	""Oral""	""Calcium-Channel Blockers""	""Diltiazem""",
"""81506""",UNKNOWN,true,"0	""Clonidine 25microgram tablets (Accord-UK Ltd)""	""Clonidine""	""25microgram""	""Oral tablet""	""Oral""	""Prophylaxis Of Migraine/Oestrogens And HRT""	""Clonidine""",
"""12613""",UNKNOWN,true,"484	""Unipine xl 30mg Modified-release tablet (Genus Pharmaceuticals Ltd)""	""Nifedipine""	""30mg""	""Modified-Release Tablet""	""Oral""	""Calcium-Channel Blockers""	""Nifedipine""",
"""9569""",UNKNOWN,true,"175431	""Verapamil 120mg modified-release tablets""	""Verapamil""	""120mg""	""Modified-release tablet""	""Oral""	""Calcium-Channel Blockers""	""Verapamil""",
"""7759""",UNKNOWN,true,"5423	""Phenoxybenzamine 10mg capsules""	""Phenoxybenzamine""	""10mg""	""Oral capsule""	""Oral""	""Alpha-Adrenoceptor Blockers""	""Phenoxybenzamine""",
"""90766""",UNKNOWN,true,"2	""Travoprost 40micrograms/ml / Timolol 5mg/ml eye drops (Alliance Healthcare (Distribution) Ltd)""	""Timolol""	""5mg/1ml + 40microgram/1ml""	""Eye drops""	""Ocular""	""Beta-Blockers (In Glaucoma)/Prostaglandin Analogues (In Glaucoma)""	""Timolol""",
"""51117""",UNKNOWN,true,"0	""Candesartan 8mg tablets (DE Pharmaceuticals)""	""Candesartan""	""8mg""	""Oral tablet""	""Oral""	""Angiotensin-II Receptor Antagonists""	""Candesartan""",
"""45300""",UNKNOWN,true,"666	""Lisinopril 10mg tablets (Actavis UK Ltd)""	""Lisinopril""	""10mg""	""Oral tablet""	""Oral""	""Angiotensin-Converting Enzyme Inhibitors (ACE Inhibitors)""	""Lisinopril""",
"""72000""",UNKNOWN,true,"4	""Irbesartan 150mg tablets (Alliance Healthcare (Distribution) Ltd)""	""Irbesartan""	""150mg""	""Oral tablet""	""Oral""	""Angiotensin-II Receptor Antagonists""	""Irbesartan""",
"""6794""",UNKNOWN,true,"113801	""Perindopril erbumine 4mg / Indapamide 1.25mg tablets""	""Indapamide/Perindopril""	""4mg + 1.25mg""	""Oral tablet""	""Oral""	""Thiazides And Related Diuretics/Products That Affect The Renin-Angiotensin System/Angiotensin-Converting Enzyme Inhibitors (ACE Inhibitors)""	""Indapamide/Perindopril""",
"""1170""",UNKNOWN,true,"54968	""Cyclopenthiazide 500microgram tablets""	""Cyclopenthiazide""	""500microgram""	""Oral tablet""	""Oral""	""Thiazides And Related Diuretics""	""Cyclopenthiazide""",
"""58258""",UNKNOWN,true,"126	""Lisinopril 2.5mg/5ml oral suspension""	""Lisinopril""	""500microgram/1ml""	""Oral suspension""	""Oral""	""Angiotensin-Converting Enzyme Inhibitors (ACE Inhibitors)""	""Lisinopril""",
"""35096""",UNKNOWN,true,"4166	""Exforge 10mg/160mg tablets (Novartis Pharmaceuticals UK Ltd)""	""Amlodipine/Valsartan""	""160mg + 10mg""	""Oral tablet""	""Oral""	""Angiotensin-II Receptor Antagonists/Calcium-Channel Blockers""	""Amlodipine/Valsartan""",
"""69277""",UNKNOWN,true,"0	""Adizem-XL 240mg capsules (Lexon (UK) Ltd)""	""Diltiazem""	""240mg""	""Modified-release capsule""	""Oral""	""Calcium-Channel Blockers""	""Diltiazem""",
"""91678""",UNKNOWN,true,"42	""Metoprolol 50mg tablets (Waymade Healthcare Plc)""	""Metoprolol""	""50mg""	""Oral tablet""	""Oral""	""Beta-Adrenoceptor Blockers/Prophylaxis Of Migraine""	""Metoprolol""",
"""2878""",UNKNOWN,true,"91463	""Clonidine 100microgram tablets""	""Clonidine""	""100microgram""	""Oral tablet""	""Oral""	""Centrally Acting Antihypertensive Products""	""Clonidine""",
"""76440""",UNKNOWN,true,"0	""Beta-Adalat modified-release capsules (Dowelhurst Ltd)""	""Nifedipine/Atenolol""	""50mg + 20mg""	""Modified-release capsule""	""Oral""	""Beta-Adrenoceptor Blockers""	""Nifedipine/Atenolol""",
"""19170""",UNKNOWN,true,"24325	""Tensipine MR 10 tablets (Genus Pharmaceuticals Ltd)""	""Nifedipine""	""10mg""	""Modified-release tablet""	""Oral""	""Calcium-Channel Blockers""	""Nifedipine""",
"""14587""",UNKNOWN,true,"50719	""Amiloride 5mg / Bumetanide 1mg tablets""	""Amiloride""	""1mg + 5mg""	""Oral tablet""	""Oral""	""Potassium-Sparing Diuretics With Other Diuretics""	""Amiloride""",
"""66669""",UNKNOWN,true,"0	""Ramipril 10mg capsules (DE Pharmaceuticals)""	""Ramipril""	""10mg""	""Oral capsule""	""Oral""	""Angiotensin-Converting Enzyme Inhibitors (ACE Inhibitors)""	""Ramipril""",
"""72083""",UNKNOWN,true,"0	""Bendroflumethiazide 5mg tablets (Waymade Healthcare Plc)""	""Bendroflumethiazide""	""5mg""	""Oral tablet""	""Oral""	""Thiazides And Related Diuretics""	""Bendroflumethiazide""",
"""77162""",UNKNOWN,true,"2	""Chlorothiazide 12.5mg/5ml oral solution""	""Chlorothiazide""	""2.5mg/1ml""	""Oral solution""	""Oral""	""Thiazides And Related Diuretics""	""Chlorothiazide""",
"""2587""",UNKNOWN,true,"414441	""Tenormin 100mg tablets (AstraZeneca UK Ltd)""	""Atenolol""	""100mg""	""Oral tablet""	""Oral""	""Beta-Adrenoceptor Blockers""	""Atenolol""",
"""34732""",UNKNOWN,true,"2	""Ramipril 2.5mg Capsule (Dexcel-Pharma Ltd)""	""Ramipril""	""2.5mg""	""Oral capsule""	""Oral""	""Angiotensin-Converting Enzyme Inhibitors (ACE Inhibitors)""	""Ramipril""",
"""34187""",UNKNOWN,true,"217	""Nifedipine 10mg Modified-release tablet (Generics (UK) Ltd)""	""Nifedipine""	""10mg""	""Modified-release tablet""	""Oral""	""Calcium-Channel Blockers""	""Nifedipine""",
"""37530""",UNKNOWN,true,"276	""Neozipine XL 30mg tablets (Kent Pharma (UK) Ltd)""	""Nifedipine""	""30mg""	""Modified-release tablet""	""Oral""	""Calcium-Channel Blockers""	""Nifedipine""",
"""80051""",UNKNOWN,true,"33	""Enalapril 25mg/5ml oral suspension""	""Enalapril""	""5mg/1ml""	""Oral suspension""	""Oral""	""Angiotensin-Converting Enzyme Inhibitors (ACE Inhibitors)""	""Enalapril""",
"""66011""",UNKNOWN,true,"1	""Eplerenone 50mg tablets (A A H Pharmaceuticals Ltd)""	""Eplerenone""	""50mg""	""Oral tablet""	""Oral""	""Potassium-Sparing Diuretics And Aldosterone Antagonists""	""Eplerenone""",
"""5162""",UNKNOWN,true,"161359	""Nifedipine 30mg modified-release capsules""	""Nifedipine""	""30mg""	""Modified-release capsule""	""Oral""	""Calcium-Channel Blockers""	""Nifedipine""",
"""9764""",UNKNOWN,true,"9739	""Carace 20 Tablet (Bristol-Myers Squibb Pharmaceuticals Ltd)""	""Hydrochlorothiazide/Lisinopril""	""20mg + 12.5mg""	""Oral tablet""	""Oral""	""Thiazides And Related Diuretics/Angiotensin-Converting Enzyme Inhibitors (ACE Inhibitors)""	""Hydrochlorothiazide/Lisinopril""",
"""91540""",UNKNOWN,true,"0	""Amlodipine 5mg tablets (AAH Hillcross)""	""Amlodipine""	""5mg""	""Oral tablet""	""Oral""	""Calcium-Channel Blockers""	""Amlodipine""",
"""5""",UNKNOWN,true,"21740108	""Atenolol 50mg tablets""	""Atenolol""	""50mg""	""Oral tablet""	""Oral""	""Beta-Adrenoceptor Blockers""	""Atenolol""",
"""43880""",UNKNOWN,true,"595	""Amlodipine 5mg tablets (Almus Pharmaceuticals Ltd)""	""Amlodipine""	""5mg""	""Oral tablet""	""Oral""	""Calcium-Channel Blockers""	""Amlodipine""",
"""62019""",UNKNOWN,true,"23	""Doxazosin 1mg tablets (Almus Pharmaceuticals Ltd)""	""Doxazosin""	""1mg""	""Oral tablet""	""Oral""	""Alpha-Adrenoceptor Blockers/Alpha-Blockers (In Urinary Retention)""	""Doxazosin""",
"""82390""",UNKNOWN,true,"0	""Slozem 120mg capsules (Waymade Healthcare Plc)""	""Diltiazem""	""120mg""	""Modified-release capsule""	""Oral""	""Calcium-Channel Blockers""	""Diltiazem""",
"""91126""",UNKNOWN,true,"0	""Indapamide 1.5mg modified-release tablets (Krka UK Ltd)""	""Indapamide""	""1.5mg""	""Modified-release tablet""	""Oral""	""Thiazides And Related Diuretics""	""Indapamide""",
"""46931""",UNKNOWN,true,"109	""Atenolol 100mg tablets (Actavis UK Ltd)""	""Atenolol""	""100mg""	""Oral tablet""	""Oral""	""Beta-Adrenoceptor Blockers""	""Atenolol""",
"""82328""",UNKNOWN,true,"0	""Co-tenidone 50mg/12.5mg tablets (Medreich Plc)""	""Chlortalidone/Atenolol""	""12.5mg + 50mg""	""Oral tablet""	""Oral""	""Thiazides And Related Diuretics/Beta-Adrenoceptor Blockers""	""Chlortalidone/Atenolol""",
"""73644""",UNKNOWN,true,"13	""Spironolactone 25mg tablets (Dr Reddy's Laboratories (UK) Ltd)""	""Spironolactone""	""25mg""	""Oral tablet""	""Oral""	""Potassium-Sparing Diuretics And Aldosterone Antagonists""	""Spironolactone""",
"""217""",UNKNOWN,true,"1357	""CAPTOPRIL 4 MG/ML LIQ""	""Captopril""	NA	NA	NA	""Unknown""	""Captopril""",
"""1854""",UNKNOWN,true,"1596349	""Adalat la 30mg Tablet (Bayer Plc)""	""Nifedipine""	""30mg""	""Tablet""	""Oral""	""Calcium-Channel Blockers""	""Nifedipine""",
"""18200""",UNKNOWN,true,"21579	""Olmesartan medoxomil 20mg / Hydrochlorothiazide 12.5mg tablets""	""Hydrochlorothiazide/Olmesartan""	""12.5mg + 20mg""	""Oral tablet""	""Oral""	""Thiazides And Related Diuretics/Angiotensin-II Receptor Antagonists""	""Hydrochlorothiazide/Olmesartan""",
"""19426""",UNKNOWN,true,"696	""Disogram SR 240mg capsules (Sun Pharma UK Ltd)""	""Diltiazem""	""240mg""	""Modified-release capsule""	""Oral""	""Calcium-Channel Blockers""	""Diltiazem""",
"""85904""",UNKNOWN,true,"1	""Nifedipine 1mg/5ml oral suspension""	""Nifedipine""	""200microgram/1ml""	""Oral suspension""	""Oral""	""Calcium-Channel Blockers""	""Nifedipine""",
"""67075""",UNKNOWN,true,"0	""Lisinopril 2.5mg tablets (Mawdsley-Brooks & Company Ltd)""	""Lisinopril""	""2.5mg""	""Oral tablet""	""Oral""	""Angiotensin-Converting Enzyme Inhibitors (ACE Inhibitors)""	""Lisinopril""",
"""8342""",UNKNOWN,true,"2096	""Declinax 20mg Tablet (Roche Products Ltd)""	""Debrisoquine""	""20mg""	""Tablet""	""Oral""	""Adrenergic Neurone Blockers""	""Debrisoquine""",
"""78785""",UNKNOWN,true,"36	""Tritace 2.5mg Tablet (Sterwin Medicines)""	""Ramipril""	""2.5mg""	""Oral tablet""	""Oral""	""Angiotensin-Converting Enzyme Inhibitors (ACE Inhibitors)""	""Ramipril""",
"""20728""",UNKNOWN,true,"38	""Atenamin 25mg Tablet (OPD Pharm)""	""Atenolol""	""25mg""	""Oral tablet""	""Oral""	""Beta-Adrenoceptor Blockers""	""Atenolol""",
"""27486""",UNKNOWN,true,"9	""Propranolol 1mg/1ml solution for injection ampoules""	""Propranolol""	""1mg/1ml""	""Solution for injection""	""Intravenous""	""Unknown""	""Propranolol""",
"""67801""",UNKNOWN,true,"870	""Dyazide 50mg/25mg tablets (Lexon (UK) Ltd)""	""Hydrochlorothiazide/Triamterene""	""25mg + 50mg""	""Oral tablet""	""Oral""	""Potassium-Sparing Diuretics With Other Diuretics""	""Hydrochlorothiazide/Triamterene""",
"""37774""",UNKNOWN,true,"989	""Kenzem SR 60mg capsules (Kent Pharma (UK) Ltd)""	""Diltiazem""	""60mg""	""Modified-release capsule""	""Oral""	""Calcium-Channel Blockers""	""Diltiazem""",
"""54542""",UNKNOWN,true,"0	""Atenolol 25mg tablets (Zanza Specials International Ltd)""	""Atenolol""	""25mg""	""Oral tablet""	""Oral""	""Beta-Adrenoceptor Blockers""	""Atenolol""",
"""79559""",UNKNOWN,true,"0	""Hytrin 1mg tablets (Advanz Pharma)""	""Terazosin""	""1mg""	""Oral tablet""	""Oral""	""Unknown""	""Terazosin""",
"""64739""",UNKNOWN,true,"10	""Captopril 25mg/5ml oral solution (Special Order)""	""Captopril""	""5mg/1ml""	""Oral solution""	""Oral""	""Angiotensin-Converting Enzyme Inhibitors (ACE Inhibitors)""	""Captopril""",
"""88811""",UNKNOWN,true,"3	""Prazosin 500micrograms/5ml oral solution""	""Prazosin""	""100microgram/1ml""	""Oral solution""	""Oral""	""Alpha-Adrenoceptor Blockers/Alpha-Blockers (In Urinary Retention)""	""Prazosin""",
"""5013""",UNKNOWN,true,"49563	""Amias 8mg tablets (Neon Healthcare Ltd)""	""Candesartan""	""8mg""	""Oral tablet""	""Oral""	""Angiotensin-II Receptor Antagonists""	""Candesartan""",
"""77446""",UNKNOWN,true,"760	""Istin 10mg tablets (Waymade Healthcare Plc)""	""Amlodipine""	""10mg""	""Oral tablet""	""Oral""	""Calcium-Channel Blockers""	""Amlodipine""",
"""22151""",UNKNOWN,true,"0	""METOPROLOL 100MG/CHLORTHALIDONE 12.5MG""	""Metoprolol""	NA	NA	NA	""Unknown""	""Metoprolol""",
"""13410""",UNKNOWN,true,"6782	""Angiozem 60mg modified-release tablets (Ashbourne Pharmaceuticals Ltd)""	""Diltiazem""	""60mg""	""Modified-release tablet""	""Oral""	""Calcium-Channel Blockers""	""Diltiazem""",
"""12037""",UNKNOWN,true,"4757	""Betim 10mg Tablet (ICN Pharmaceuticals France S.A.)""	""Timolol""	""10mg""	""Oral tablet""	""Oral""	""Beta-Adrenoceptor Blockers/Prophylaxis Of Migraine""	""Timolol""",
"""73459""",UNKNOWN,true,"0	""Ramipril 2.5mg/5ml oral solution sugar free (A A H Pharmaceuticals Ltd)""	""Ramipril""	""500microgram/1ml""	""Oral solution""	""Oral""	""Angiotensin-Converting Enzyme Inhibitors (ACE Inhibitors)""	""Ramipril""",
"""57882""",UNKNOWN,true,"170	""Enalapril 2.5mg/5ml oral suspension""	""Enalapril""	""500microgram/1ml""	""Oral suspension""	""Oral""	""Angiotensin-Converting Enzyme Inhibitors (ACE Inhibitors)""	""Enalapril""",
"""16677""",UNKNOWN,true,"10296	""Cordilox 80mg tablets (IVAX Pharmaceuticals UK Ltd)""	""Verapamil""	""80mg""	""Oral tablet""	""Oral""	""Calcium-Channel Blockers""	""Verapamil""",
"""91784""",UNKNOWN,true,"0	""Lercanidipine 20mg tablets (Medihealth (Northern) Ltd)""	""Lercanidipine""	""20mg""	""Oral tablet""	""Oral""	""Calcium-Channel Blockers""	""Lercanidipine""",
"""36603""",UNKNOWN,true,"661	""Propranolol SR 160mg Modified-release capsule (Hillcross Pharmaceuticals Ltd)""	""Propranolol""	""160mg""	""Modified-release capsule""	""Oral""	""Beta-Adrenoceptor Blockers/Prophylaxis Of Migraine""	""Propranolol""",
"""65349""",UNKNOWN,true,"2674	""Folpik XL 10mg tablets (Teva UK Ltd)""	""Felodipine""	""10mg""	""Modified-release tablet""	""Oral""	""Calcium-Channel Blockers""	""Felodipine""",
"""55017""",UNKNOWN,true,"0	""Irbesartan 300mg tablets (Accord-UK Ltd)""	""Irbesartan""	""300mg""	""Oral tablet""	""Oral""	""Angiotensin-II Receptor Antagonists""	""Irbesartan""",
"""71115""",UNKNOWN,true,"268	""Zestoretic 10 tablets (Waymade Healthcare Plc)""	""Hydrochlorothiazide/Lisinopril""	""10mg + 12.5mg""	""Oral tablet""	""Oral""	""Angiotensin-Converting Enzyme Inhibitors (ACE Inhibitors)""	""Hydrochlorothiazide/Lisinopril""",
"""54735""",UNKNOWN,true,"12	""Losartan 50mg tablets (Alliance Healthcare (Distribution) Ltd)""	""Losartan""	""50mg""	""Oral tablet""	""Oral""	""Angiotensin-II Receptor Antagonists""	""Losartan""",
"""30462""",UNKNOWN,true,"17	""Ethimil MR 240mg tablets (Genus Pharmaceuticals Ltd)""	""Verapamil""	""240mg""	""Modified-release tablet""	""Oral""	""Calcium-Channel Blockers""	""Verapamil""",
"""39944""",UNKNOWN,true,"218875	""Losartan 12.5mg tablets""	""Losartan""	""12.5mg""	""Oral tablet""	""Oral""	""Angiotensin-II Receptor Antagonists""	""Losartan""",
"""52276""",UNKNOWN,true,"3	""Adizem-XL 180mg capsules (DE Pharmaceuticals)""	""Diltiazem""	""180mg""	""Modified-release capsule""	""Oral""	""Calcium-Channel Blockers""	""Diltiazem""",
"""60200""",UNKNOWN,true,"0	""Doxazosin 4mg tablets (DE Pharmaceuticals)""	""Doxazosin""	""4mg""	""Oral tablet""	""Oral""	""Alpha-Adrenoceptor Blockers/Alpha-Blockers (In Urinary Retention)""	""Doxazosin""",
"""56296""",UNKNOWN,true,"0	""Indapamide 2.5mg tablets (Boston Healthcare Ltd)""	""Indapamide""	""2.5mg""	""Oral tablet""	""Oral""	""Thiazides And Related Diuretics""	""Indapamide""",
"""57063""",UNKNOWN,true,"3294	""Bedranol SR 80mg capsules (Almus Pharmaceuticals Ltd)""	""Propranolol""	""80mg""	""Modified-release capsule""	""Oral""	""Unknown""	""Propranolol""",
"""64888""",UNKNOWN,true,"0	""Losartan 12.5mg tablets (Sigma Pharmaceuticals Plc)""	""Losartan""	""12.5mg""	""Oral tablet""	""Oral""	""Angiotensin-II Receptor Antagonists""	""Losartan""",
"""34296""",UNKNOWN,true,"394	""Spironolactone 25mg tablets (A A H Pharmaceuticals Ltd)""	""Spironolactone""	""25mg""	""Oral tablet""	""Oral""	""Potassium-Sparing Diuretics And Aldosterone Antagonists""	""Spironolactone""",
"""10253""",UNKNOWN,true,"167852	""Moxonidine 300microgram tablets""	""Moxonidine""	""300microgram""	""Oral tablet""	""Oral""	""Centrally Acting Antihypertensive Products""	""Moxonidine""",
"""33092""",UNKNOWN,true,"5280	""Atenolol 50mg tablets (A A H Pharmaceuticals Ltd)""	""Atenolol""	""50mg""	""Oral tablet""	""Oral""	""Beta-Adrenoceptor Blockers""	""Atenolol""",
"""52701""",UNKNOWN,true,"37	""Tildiem LA 200 capsules (Mawdsley-Brooks & Company Ltd)""	""Diltiazem""	""200mg""	""Modified-release capsule""	""Oral""	""Calcium-Channel Blockers""	""Diltiazem""",
"""80838""",UNKNOWN,true,"0	""Amlodipine 10mg tablets (Milpharm Ltd)""	""Amlodipine""	""10mg""	""Oral tablet""	""Oral""	""Calcium-Channel Blockers""	""Amlodipine""",
"""49500""",UNKNOWN,true,"11	""Diltiazem 2% ointment (Drug Tariff Special Order)""	""Diltiazem""	""20mg/1gram""	""Ointment""	""Route of administration not applicable""	""Local Products For Anal Or Rectal Problems/Calcium-Channel Blockers""	""Diltiazem""",
"""61532""",UNKNOWN,true,"3	""Diltiazem 120mg modified-release capsules (Sigma Pharmaceuticals Plc)""	""Diltiazem""	""120mg""	""Modified-release capsule""	""Oral""	""Calcium-Channel Blockers""	""Diltiazem""",
"""541""",UNKNOWN,true,"764943	""Adalat LA 20mg tablets (Bayer Plc)""	""Nifedipine""	""20mg""	""Modified-release tablet""	""Oral""	""Calcium-Channel Blockers""	""Nifedipine""",
"""517""",UNKNOWN,true,"79735	""Adizem sr 120mg Modified-release capsule (Napp Pharmaceuticals Ltd)""	""Diltiazem""	""120mg""	""Modified-Release Capsule""	""Oral""	""Calcium-Channel Blockers""	""Diltiazem""",
"""72341""",UNKNOWN,true,"0	""Ramipril 2.5mg capsules (Wockhardt UK Ltd)""	""Ramipril""	""2.5mg""	""Oral capsule""	""Oral""	""Angiotensin-Converting Enzyme Inhibitors (ACE Inhibitors)""	""Ramipril""",
"""79574""",UNKNOWN,true,"109	""Diltiazem 60mg modified-release tablets (Crescent Pharma Ltd)""	""Diltiazem""	""60mg""	""Modified-release tablet""	""Oral""	""Calcium-Channel Blockers""	""Diltiazem""",
"""1904""",UNKNOWN,true,"3141571	""Enalapril 20mg tablets""	""Enalapril""	""20mg""	""Oral tablet""	""Oral""	""Angiotensin-Converting Enzyme Inhibitors (ACE Inhibitors)""	""Enalapril""",
"""63179""",UNKNOWN,true,"0	""Phentolamine 1mg/0.35ml / Aviptadil 25micrograms/0.35ml solution for injection ampoules""	""Phentolamine""	""2.86mg/1ml + 71.43microgram/1ml""	""Solution for injection""	""Intracavernous""	""Drugs For Erectile Dysfunction""	""Phentolamine""",
"""45340""",UNKNOWN,true,"2	""Ramipril 10mg Capsule (Actavis UK Ltd)""	""Ramipril""	""10mg""	""Oral capsule""	""Oral""	""Angiotensin-Converting Enzyme Inhibitors (ACE Inhibitors)""	""Ramipril""",
"""29130""",UNKNOWN,true,"1666	""Gopten 4mg capsules (Abbott Laboratories Ltd)""	""Trandolapril""	""4mg""	""Oral capsule""	""Oral""	""Angiotensin-Converting Enzyme Inhibitors (ACE Inhibitors)""	""Trandolapril""",
"""68480""",UNKNOWN,true,"18	""Ramipril 10mg capsules (Mawdsley-Brooks & Company Ltd)""	""Ramipril""	""10mg""	""Oral capsule""	""Oral""	""Angiotensin-Converting Enzyme Inhibitors (ACE Inhibitors)""	""Ramipril""",
"""49289""",UNKNOWN,true,"864	""Diltiazem 120mg modified-release capsules (Alliance Healthcare (Distribution) Ltd)""	""Diltiazem""	""120mg""	""Modified-release capsule""	""Oral""	""Calcium-Channel Blockers""	""Diltiazem""",
"""69192""",UNKNOWN,true,"20	""Captopril oral solution""	""Captopril""	NA	""Oral solution""	""Oral""	""Angiotensin-Converting Enzyme Inhibitors (ACE Inhibitors)""	""Captopril""",
"""32514""",UNKNOWN,true,"1	""Ecopace 25mg tablets (Advanz Pharma)""	""Captopril""	""25mg""	""Oral tablet""	""Oral""	""Angiotensin-Converting Enzyme Inhibitors (ACE Inhibitors)""	""Captopril""",
"""26211""",UNKNOWN,true,"1380	""Antipressan 25mg tablets (Teva UK Ltd)""	""Atenolol""	""25mg""	""Oral tablet""	""Oral""	""Beta-Adrenoceptor Blockers""	""Atenolol""",
"""79546""",UNKNOWN,true,"0	""Amlodipine 10mg/5ml oral solution sugar free (Rosemont Pharmaceuticals Ltd)""	""Amlodipine""	""2mg/1ml""	""Oral solution""	""Oral""	""Calcium-Channel Blockers""	""Amlodipine""",
"""74749""",UNKNOWN,true,"139	""Hydralazine 10mg tablets""	""Hydralazine""	""10mg""	""Oral tablet""	""Oral""	""Vasodilator Antihypertensive Products""	""Hydralazine""",
"""82275""",UNKNOWN,true,"1	""Angiopine 20mg Capsule (Ashbourne Pharmaceuticals Ltd)""	""Nifedipine""	""20mg""	""Capsule""	""Oral""	""Calcium-Channel Blockers""	""Nifedipine""",
"""61292""",UNKNOWN,true,"0	""Quinapril 40mg tablets (Viatris UK Healthcare Ltd)""	""Quinapril""	""40mg""	""Oral tablet""	""Oral""	""Angiotensin-Converting Enzyme Inhibitors (ACE Inhibitors)""	""Quinapril""",
"""69334""",UNKNOWN,true,"2	""Bendroflumethiazide 5mg with Nadolol 80mg tablets""	""Bendroflumethiazide/Nadolol""	NA	""Tablet""	""Oral""	""Thiazides And Related Diuretics/Beta-Adrenoceptor Blockers""	""Bendroflumethiazide/Nadolol""",
"""44778""",UNKNOWN,true,"3108	""Valsartan 160mg tablets""	""Valsartan""	""160mg""	""Oral tablet""	""Oral""	""Angiotensin-II Receptor Antagonists""	""Valsartan""",
"""80995""",UNKNOWN,true,"0	""Olmesartan medoxomil 10mg tablets (Milpharm Ltd)""	""Olmesartan""	""10mg""	""Oral tablet""	""Oral""	""Angiotensin-II Receptor Antagonists""	""Olmesartan""",
"""36023""",UNKNOWN,true,"142	""Cardozin xl 4mg Tablet (Hillcross Pharmaceuticals Ltd)""	""Doxazosin""	""4mg""	""Modified-release tablet""	""Oral""	""Alpha-Adrenoceptor Blockers/Alpha-Blockers (In Urinary Retention)""	""Doxazosin""",
"""17406""",UNKNOWN,true,"80611	""Zemtard 180 XL capsules (Galen Ltd)""	""Diltiazem""	""180mg""	""Modified-release capsule""	""Oral""	""Calcium-Channel Blockers""	""Diltiazem""",
"""47230""",UNKNOWN,true,"44	""Verapamil 240mg modified-release tablets (Teva UK Ltd)""	""Verapamil""	""240mg""	""Modified-release tablet""	""Oral""	""Calcium-Channel Blockers""	""Verapamil""",
"""73208""",UNKNOWN,true,"13	""Spironolactone 7mg/5ml oral suspension""	""Spironolactone""	""1.4mg/1ml""	""Oral suspension""	""Oral""	""Potassium-Sparing Diuretics And Aldosterone Antagonists""	""Spironolactone""",
"""70667""",UNKNOWN,true,"0	""Lisinopril 5mg tablets (Mawdsley-Brooks & Company Ltd)""	""Lisinopril""	""5mg""	""Oral tablet""	""Oral""	""Angiotensin-Converting Enzyme Inhibitors (ACE Inhibitors)""	""Lisinopril""",
"""6856""",UNKNOWN,true,"14368982	""Amlodipine 10mg tablets""	""Amlodipine""	""10mg""	""Oral tablet""	""Oral""	""Calcium-Channel Blockers""	""Amlodipine""",
"""69028""",UNKNOWN,true,"3	""Diltiazem 60mg modified-release capsules (DE Pharmaceuticals)""	""Diltiazem""	""60mg""	""Modified-release capsule""	""Oral""	""Calcium-Channel Blockers""	""Diltiazem""",
"""41617""",UNKNOWN,true,"124	""Captopril 25mg tablets (Actavis UK Ltd)""	""Captopril""	""25mg""	""Oral tablet""	""Oral""	""Angiotensin-Converting Enzyme Inhibitors (ACE Inhibitors)""	""Captopril""",
"""65582""",UNKNOWN,true,"1	""Spironolactone 3mg/5ml oral solution""	""Spironolactone""	""600microgram/1ml""	""Oral solution""	""Oral""	""Potassium-Sparing Diuretics And Aldosterone Antagonists""	""Spironolactone""",
"""40316""",UNKNOWN,true,"5944	""Olmesartan medoxomil 20mg / Amlodipine 5mg tablets""	""Amlodipine/Olmesartan""	""5mg + 20mg""	""Oral tablet""	""Oral""	""Angiotensin-II Receptor Antagonists/Calcium-Channel Blockers""	""Amlodipine/Olmesartan""",
"""8830""",UNKNOWN,true,"150056	""Innovace 10mg tablets (Organon Pharma (UK) Ltd)""	""Enalapril""	""10mg""	""Oral tablet""	""Oral""	""Angiotensin-Converting Enzyme Inhibitors (ACE Inhibitors)""	""Enalapril""",
"""46957""",UNKNOWN,true,"5	""Captopril 12.5mg tablets (Tillomed Laboratories Ltd)""	""Captopril""	""12.5mg""	""Oral tablet""	""Oral""	""Angiotensin-Converting Enzyme Inhibitors (ACE Inhibitors)""	""Captopril""",
"""45765""",UNKNOWN,true,"26	""Syprol 40mg/5ml oral solution (Rosemont Pharmaceuticals Ltd)""	""Propranolol""	""8mg/1ml""	""Oral solution""	""Oral""	""Beta-Adrenoceptor Blockers/Prophylaxis Of Migraine/Drugs For Essential Tremor, Chorea, Tics, And Related Disorders/Antithyroid Products""	""Propranolol""",
"""9873""",UNKNOWN,true,"14636	""Timoptol Unit Dose 0.25% ophthalmic solution 0.2ml unit dose (Santen UK Ltd)""	""Timolol""	""2.5mg/1ml""	""Eye drops""	""Ocular""	""Beta-Blockers (In Glaucoma)""	""Timolol""",
"""88232""",UNKNOWN,true,"17	""Co-amilofruse 2.5mg/20mg tablets (A A H Pharmaceuticals Ltd)""	""Amiloride""	""2.5mg + 20mg""	""Oral tablet""	""Oral""	""Potassium-Sparing Diuretics With Other Diuretics""	""Amiloride""",
"""73651""",UNKNOWN,true,"0	""Timolol 0.25% eye drops (Almus Pharmaceuticals Ltd)""	""Timolol""	""2.5mg/1ml""	""Eye drops""	""Ocular""	""Beta-Blockers (In Glaucoma)""	""Timolol""",
"""14305""",UNKNOWN,true,"1700	""Vascalpha 10mg modified-release tablets (Accord-UK Ltd)""	""Felodipine""	""10mg""	""Modified-release tablet""	""Oral""	""Calcium-Channel Blockers""	""Felodipine""",
"""80588""",UNKNOWN,true,"1	""Diltiazem 100mg/5ml oral solution""	""Diltiazem""	""20mg/1ml""	""Oral solution""	""Oral""	""Calcium-Channel Blockers""	""Diltiazem""",
"""41746""",UNKNOWN,true,"573	""Enalapril 10mg tablets (Sandoz Ltd)""	""Enalapril""	""10mg""	""Oral tablet""	""Oral""	""Angiotensin-Converting Enzyme Inhibitors (ACE Inhibitors)""	""Enalapril""",
"""55639""",UNKNOWN,true,"36	""Lisinopril 10mg tablets (Accord-UK Ltd)""	""Lisinopril""	""10mg""	""Oral tablet""	""Oral""	""Angiotensin-Converting Enzyme Inhibitors (ACE Inhibitors)""	""Lisinopril""",
"""10267""",UNKNOWN,true,"123397	""Adizem-XL 200mg capsules (Napp Pharmaceuticals Ltd)""	""Diltiazem""	""200mg""	""Modified-release capsule""	""Oral""	""Calcium-Channel Blockers""	""Diltiazem""",
"""63149""",UNKNOWN,true,"426	""Perindopril erbumine 8mg / Amlodipine 10mg tablets""	""Amlodipine/Perindopril""	""8mg + 10mg""	""Oral tablet""	""Oral""	""Angiotensin-Converting Enzyme Inhibitors (ACE Inhibitors)/Calcium-Channel Blockers""	""Amlodipine/Perindopril""",
"""31220""",UNKNOWN,true,"2	""Hydralazine 25mg tablets (A A H Pharmaceuticals Ltd)""	""Hydralazine""	""25mg""	""Oral tablet""	""Oral""	""Vasodilator Antihypertensive Products""	""Hydralazine""",
"""939""",UNKNOWN,true,"543128	""Tildiem Retard 90mg tablets (Sanofi)""	""Diltiazem""	""90mg""	""Modified-release tablet""	""Oral""	""Calcium-Channel Blockers""	""Diltiazem""",
"""19191""",UNKNOWN,true,"6003	""Atenolol 100mg tablets (Teva UK Ltd)""	""Atenolol""	""100mg""	""Oral tablet""	""Oral""	""Beta-Adrenoceptor Blockers""	""Atenolol""",
"""75413""",UNKNOWN,true,"1	""Spironolactone 8mg/5ml oral solution (Special Order)""	""Spironolactone""	""1.6mg/1ml""	""Oral solution""	""Oral""	""Potassium-Sparing Diuretics And Aldosterone Antagonists""	""Spironolactone""",
"""29256""",UNKNOWN,true,"11	""Ventavis 10micrograms/ml nebuliser solution 2ml ampoules (Schering Health Care Ltd)""	""Iloprost""	""10microgram/1ml""	""Nebuliser liquid""	""Inhalation""	""Unknown""	""Iloprost""",
"""50509""",UNKNOWN,true,"32	""Ramipril 10mg/5ml oral solution""	""Ramipril""	""2mg/1ml""	""Oral solution""	""Oral""	""Angiotensin-Converting Enzyme Inhibitors (ACE Inhibitors)""	""Ramipril""",
"""9693""",UNKNOWN,true,"9716	""Tritace 10mg capsules (Sanofi)""	""Ramipril""	""10mg""	""Oral capsule""	""Oral""	""Angiotensin-Converting Enzyme Inhibitors (ACE Inhibitors)""	""Ramipril""",
"""43695""",UNKNOWN,true,"1	""Colixil XL 4mg tablets (Sandoz Ltd)""	""Doxazosin""	""4mg""	""Modified-release tablet""	""Oral""	""Alpha-Adrenoceptor Blockers/Alpha-Blockers (In Urinary Retention)""	""Doxazosin""",
"""86055""",UNKNOWN,true,"1	""Hylaton 12.5mg tablets (Morningside Healthcare Ltd)""	""Chlortalidone""	""12.5mg""	""Oral tablet""	""Oral""	""Thiazides And Related Diuretics""	""Chlortalidone""",
"""90599""",UNKNOWN,true,"12	""Entresto 6mg/6mg granules in capsules for opening (Novartis Pharmaceuticals UK Ltd)""	""Valsartan""	""6mg + 6mg""	""Oral granules""	""Oral""	""Angiotensin-II Receptor Antagonists/Other Antihypertensives""	""Valsartan""",
"""46884""",UNKNOWN,true,"276	""Verapamil hc 240mg Modified-release tablet (Sandoz Ltd)""	""Verapamil""	""240mg""	""Modified-release tablet""	""Oral""	""Supraventricular Arrhythmias/Calcium-Channel Blockers""	""Verapamil""",
"""81877""",UNKNOWN,true,"0	""Zestril 20mg tablets (CST Pharma Ltd)""	""Lisinopril""	""20mg""	""Oral tablet""	""Oral""	""Angiotensin-Converting Enzyme Inhibitors (ACE Inhibitors)""	""Lisinopril""",
"""86819""",UNKNOWN,true,"6	""Bimatoprost 300micrograms/ml / Timolol 5mg/ml eye drops (Sandoz Ltd)""	""Timolol""	""300microgram/1ml + 5mg/1ml""	""Eye drops""	""Ocular""	""Prostaglandin Analogues (In Glaucoma)""	""Timolol""",
"""81744""",UNKNOWN,true,"1316	""Bimatoprost 300micrograms/ml / Timolol 5mg/ml eye drops preservative free""	""Timolol""	""5mg/1ml + 300microgram/1ml""	""Eye drops""	""Ocular""	""Beta-Blockers (In Glaucoma)/Prostaglandin Analogues (In Glaucoma)""	""Timolol""",
"""80197""",UNKNOWN,true,"7	""Bedranol 40mg tablets (Ennogen Pharma Ltd)""	""Propranolol""	""40mg""	""Oral tablet""	""Oral""	""Beta-Adrenoceptor Blockers/Prophylaxis Of Migraine/Drugs For Essential Tremor, Chorea, Tics, And Related Disorders/Antithyroid Products""	""Propranolol""",
"""4111""",UNKNOWN,true,"27283	""Hypovase 500microgram tablets (Pfizer Ltd)""	""Prazosin""	""500microgram""	""Oral tablet""	""Oral""	""Alpha-Adrenoceptor Blockers/Alpha-Blockers (In Urinary Retention)""	""Prazosin""",
"""61374""",UNKNOWN,true,"51	""Amlodipine 4mg/5ml oral suspension""	""Amlodipine""	""800microgram/1ml""	""Oral suspension""	""Oral""	""Calcium-Channel Blockers""	""Amlodipine""",
"""22631""",UNKNOWN,true,"406	""Guanethidine 3% / Adrenaline 0.5% eye drops""	""Guanethidine""	""30mg/1ml + 5mg/1ml""	""Eye drops""	""Ocular""	""Unknown""	""Guanethidine""",
"""71009""",UNKNOWN,true,"0	""Verapamil 40mg tablets (Kent Pharma (UK) Ltd)""	""Verapamil""	""40mg""	""Oral tablet""	""Oral""	""Calcium-Channel Blockers""	""Verapamil""",
"""56""",UNKNOWN,true,"3425581	""Co-amilofruse 5mg/40mg tablets""	""Amiloride""	""5mg + 40mg""	""Oral tablet""	""Oral""	""Potassium-Sparing Diuretics With Other Diuretics""	""Amiloride""",
"""4375""",UNKNOWN,true,"6308	""Debrisoquine 10mg tablets""	""Debrisoquine""	""10mg""	""Oral tablet""	""Oral""	""Unknown""	""Debrisoquine""",
"""60065""",UNKNOWN,true,"0	""Perindopril erbumine 4mg tablets (Sigma Pharmaceuticals Plc)""	""Perindopril""	""4mg""	""Oral tablet""	""Oral""	""Angiotensin-Converting Enzyme Inhibitors (ACE Inhibitors)""	""Perindopril""",
"""34754""",UNKNOWN,true,"458	""Atenolol 100mg tablets (Sandoz Ltd)""	""Atenolol""	""100mg""	""Oral tablet""	""Oral""	""Beta-Adrenoceptor Blockers""	""Atenolol""",
"""33184""",UNKNOWN,true,"166	""Atenolol 100mg tablets (Wockhardt UK Ltd)""	""Atenolol""	""100mg""	""Oral tablet""	""Oral""	""Beta-Adrenoceptor Blockers""	""Atenolol""",
"""10294""",UNKNOWN,true,"13	""Inderal 1mg/1ml solution for injection ampoules (AstraZeneca UK Ltd)""	""Propranolol""	""1mg/1ml""	""Solution for injection""	""Intravenous""	""Products For Arrhythmias/Antithyroid Products""	""Propranolol""",
"""78245""",UNKNOWN,true,"0	""Ramipril 2.5mg capsules (DE Pharmaceuticals)""	""Ramipril""	""2.5mg""	""Oral capsule""	""Oral""	""Angiotensin-Converting Enzyme Inhibitors (ACE Inhibitors)""	""Ramipril""",
"""15659""",UNKNOWN,true,"38	""DILTIAZEM HCL S/R 180 CAP""	""Diltiazem""	NA	NA	NA	""Unknown""	""Diltiazem""",
"""90628""",UNKNOWN,true,"6	""Sacubitril 6mg / Valsartan 6mg granules in capsules for opening""	""Valsartan""	""6mg + 6mg""	""Oral granules""	""Oral""	""Angiotensin-II Receptor Antagonists/Other Antihypertensives""	""Valsartan""",
"""31160""",UNKNOWN,true,"2	""IRBESARTAN""	""Irbesartan""	NA	NA	NA	""Unknown""	""Irbesartan""",
"""7974""",UNKNOWN,true,"80116	""Celiprolol 400mg tablets""	""Celiprolol""	""400mg""	""Oral tablet""	""Oral""	""Beta-Adrenoceptor Blockers""	""Celiprolol""",
"""46715""",UNKNOWN,true,"27	""Olmesartan medoxomil with amlodipine and hydrochlorothiazide 40mg + 10mg + 12.5mg Tablet""	""Amlodipine/Hydrochlorothiazide/Olmesartan""	""40mg + 10mg + 12.5mg""	""Tablet""	""Oral""	""Thiazides And Related Diuretics/Angiotensin-II Receptor Antagonists""	""Amlodipine/Hydrochlorothiazide/Olmesartan""",
"""82478""",UNKNOWN,true,"104	""Aprovel 300mg tablets (Waymade Healthcare Plc)""	""Irbesartan""	""300mg""	""Oral tablet""	""Oral""	""Angiotensin-II Receptor Antagonists""	""Irbesartan""",
"""89935""",UNKNOWN,true,"0	""Lercanidipine 20mg tablets (Amarox Ltd)""	""Lercanidipine""	""20mg""	""Oral tablet""	""Oral""	""Calcium-Channel Blockers""	""Lercanidipine""",
"""70072""",UNKNOWN,true,"0	""Ramipril 1.25mg capsules (Mawdsley-Brooks & Company Ltd)""	""Ramipril""	""1.25mg""	""Oral capsule""	""Oral""	""Angiotensin-Converting Enzyme Inhibitors (ACE Inhibitors)""	""Ramipril""",
"""36649""",UNKNOWN,true,"3197	""Hytrin 2mg tablets (Advanz Pharma)""	""Terazosin""	""2mg""	""Oral tablet""	""Oral""	""Alpha-Adrenoceptor Blockers/Alpha-Blockers (In Urinary Retention)""	""Terazosin""",
"""29368""",UNKNOWN,true,"3939	""Atenolol 25mg tablets (Teva UK Ltd)""	""Atenolol""	""25mg""	""Oral tablet""	""Oral""	""Beta-Adrenoceptor Blockers""	""Atenolol""",
"""5117""",UNKNOWN,true,"29613	""Amias 16mg tablets (Neon Healthcare Ltd)""	""Candesartan""	""16mg""	""Oral tablet""	""Oral""	""Angiotensin-II Receptor Antagonists""	""Candesartan""",
"""97""",UNKNOWN,true,"5927812	""Perindopril erbumine 4mg tablets""	""Perindopril""	""4mg""	""Oral tablet""	""Oral""	""Angiotensin-Converting Enzyme Inhibitors (ACE Inhibitors)""	""Perindopril""",
"""89801""",UNKNOWN,true,"87	""Losartan 50mg / Hydrochlorothiazide 12.5mg tablets (Crescent Pharma Ltd)""	""Hydrochlorothiazide/Losartan""	""50mg + 12.5mg""	""Oral tablet""	""Oral""	""Angiotensin-II Receptor Antagonists With Diuretic""	""Hydrochlorothiazide/Losartan""",
"""80246""",UNKNOWN,true,"13	""Candesartan 4mg tablets (Crescent Pharma Ltd)""	""Candesartan""	""4mg""	""Oral tablet""	""Oral""	""Angiotensin-II Receptor Antagonists""	""Candesartan""",
"""73219""",UNKNOWN,true,"146	""Nadolol 40mg/5ml oral suspension""	""Nadolol""	""8mg/1ml""	""Oral suspension""	""Oral""	""Beta-Adrenoceptor Blockers""	""Nadolol""",
"""65983""",UNKNOWN,true,"0	""Lisinopril 2.5mg tablets (Lupin Healthcare (UK) Ltd)""	""Lisinopril""	""2.5mg""	""Oral tablet""	""Oral""	""Angiotensin-Converting Enzyme Inhibitors (ACE Inhibitors)""	""Lisinopril""",
"""47021""",UNKNOWN,true,"8213	""Ramipril 2.5mg/5ml oral solution sugar free""	""Ramipril""	""500microgram/1ml""	""Oral solution""	""Oral""	""Angiotensin-Converting Enzyme Inhibitors (ACE Inhibitors)""	""Ramipril""",
"""16073""",UNKNOWN,true,"904	""Nifedipress MR 10 tablets (Teva UK Ltd)""	""Nifedipine""	""10mg""	""Modified-release tablet""	""Oral""	""Calcium-Channel Blockers""	""Nifedipine""",
"""42804""",UNKNOWN,true,"199	""Diltiazem HCl 180mg Capsule (PLIVA Pharma Ltd)""	""Diltiazem""	""180mg""	""Capsule""	""Oral""	""Calcium-Channel Blockers""	""Diltiazem""",
"""22525""",UNKNOWN,true,"37	""CHLOROTHIAZIDE 250 MG SYR""	""Chlorothiazide""	NA	""Solution for injection""	""Intramuscular""	""Unknown""	""Chlorothiazide""",
"""16197""",UNKNOWN,true,"6647	""Vascace 2.5mg tablets (Roche Products Ltd)""	""Cilazapril""	""2.5mg""	""Oral tablet""	""Oral""	""Angiotensin-Converting Enzyme Inhibitors (ACE Inhibitors)""	""Cilazapril""",
"""81406""",UNKNOWN,true,"0	""Atenolol 25mg tablets (Phoenix Healthcare Distribution Ltd)""	""Atenolol""	""25mg""	""Oral tablet""	""Oral""	""Beta-Adrenoceptor Blockers""	""Atenolol""",
"""76571""",UNKNOWN,true,"1	""Diazoxide 100mg capsules""	""Diazoxide""	""100mg""	""Oral capsule""	""Oral""	""Treatment Of Hypoglycaemia""	""Diazoxide""",
"""2493""",UNKNOWN,true,"189006	""Burinex A 5mg/1mg tablets (LEO Pharma)""	""Amiloride""	""1mg + 5mg""	""Oral tablet""	""Oral""	""Potassium-Sparing Diuretics With Other Diuretics""	""Amiloride""",
"""7790""",UNKNOWN,true,"861	""MINOXIDIL 1 % LOT""	""Minoxidil""	NA	NA	NA	""Unknown""	""Minoxidil""",
"""34719""",UNKNOWN,true,"23	""Captopril 50mg Tablet (Generics (UK) Ltd)""	""Captopril""	""50mg""	""Oral tablet""	""Oral""	""Angiotensin-Converting Enzyme Inhibitors (ACE Inhibitors)""	""Captopril""",
"""12815""",UNKNOWN,true,"2755	""Tanatril 10mg tablets (Northumbria Pharma Ltd)""	""Imidapril""	""10mg""	""Oral tablet""	""Oral""	""Angiotensin-Converting Enzyme Inhibitors (ACE Inhibitors)""	""Imidapril""",
"""29696""",UNKNOWN,true,"5	""Methoserpidine with benzthiazide Tablet""	""Methoserpidine""	NA	""Tablet""	""Oral""	""Centrally Acting Antihypertensive Products""	""Methoserpidine""",
"""91016""",UNKNOWN,true,"4	""Adempas 2.5mg tablets (Merck Sharp & Dohme (UK) Ltd)""	""Riociguat""	""2.5mg""	""Oral tablet""	""Oral""	""Vasodilator Antihypertensive Products""	""Riociguat""",
"""35302""",UNKNOWN,true,"256	""Captopril 12.5mg/5ml oral suspension""	""Captopril""	""2.5mg/1ml""	""Oral suspension""	""Oral""	""Angiotensin-Converting Enzyme Inhibitors (ACE Inhibitors)""	""Captopril""",
"""9240""",UNKNOWN,true,"122527	""Adizem xl 180mg Capsule (Napp Pharmaceuticals Ltd)""	""Diltiazem""	""180mg""	""Capsule""	""Oral""	""Calcium-Channel Blockers""	""Diltiazem""",
"""8521""",UNKNOWN,true,"378	""Spironolactone 25mg with hydroflumethiazide 25mg tablet""	""Spironolactone""	""25mg+25mg""	""Tablets""	""Oral""	""Thiazides And Related Diuretics/Potassium-Sparing Diuretics With Other Diuretics""	""Spironolactone""",
"""31529""",UNKNOWN,true,"1504	""Spironolactone 25mg tablets (Teva UK Ltd)""	""Spironolactone""	""25mg""	""Oral tablet""	""Oral""	""Potassium-Sparing Diuretics And Aldosterone Antagonists""	""Spironolactone""",
"""2681""",UNKNOWN,true,"342	""AMILORIDE 10 MG TAB""	""Amiloride""	NA	""Tablet""	""Oral""	""Unknown""	""Amiloride""",
"""42731""",UNKNOWN,true,"277	""Diltiazem sr 120mg Capsule (Hillcross Pharmaceuticals Ltd)""	""Diltiazem""	""120mg""	""Capsule""	""Oral""	""Calcium-Channel Blockers""	""Diltiazem""",
"""74417""",UNKNOWN,true,"1	""Captopril 20mg/5ml oral suspension""	""Captopril""	""4mg/1ml""	""Oral suspension""	""Oral""	""Angiotensin-Converting Enzyme Inhibitors (ACE Inhibitors)""	""Captopril""",
"""23427""",UNKNOWN,true,"1935	""Bendroflumethiazide 5mg tablets (A A H Pharmaceuticals Ltd)""	""Bendroflumethiazide""	""5mg""	""Oral tablet""	""Oral""	""Thiazides And Related Diuretics""	""Bendroflumethiazide""",
"""76119""",UNKNOWN,true,"37	""Azilsartan medoxomil 20mg tablets""	""Azilsartan""	""20mg""	""Oral tablet""	""Oral""	""Angiotensin-II Receptor Antagonists""	""Azilsartan""",
"""30368""",UNKNOWN,true,"1	""CHLOROTHIAZIDE/SPIRONOLACTONE SACHETS 100 MG""	""Chlorothiazide/Spironolactone""	NA	""Granules""	""Oral""	""Unknown""	""Chlorothiazide/Spironolactone""",
"""14983""",UNKNOWN,true,"14416	""Olmetec 10mg tablets (Daiichi Sankyo UK Ltd)""	""Olmesartan""	""10mg""	""Oral tablet""	""Oral""	""Angiotensin-II Receptor Antagonists""	""Olmesartan""",
"""42796""",UNKNOWN,true,"32	""Timolol 0.5% eye drops (Actavis UK Ltd)""	""Timolol""	""5mg/1ml""	""Eye drops""	""Ocular""	""Beta-Blockers (In Glaucoma)""	""Timolol""",
"""38510""",UNKNOWN,true,"2	""Perindopril erbumine 4mg tablets (Apotex UK Ltd)""	""Perindopril""	""4mg""	""Oral tablet""	""Oral""	""Angiotensin-Converting Enzyme Inhibitors (ACE Inhibitors)""	""Perindopril""",
"""18199""",UNKNOWN,true,"1204	""Regaine for Men Extra Strength 5% scalp solution (McNeil Products Ltd)""	""Minoxidil""	""50mg/1ml""	""Cutaneous solution""	""Cutaneous""	""Androgenetic Alopecia""	""Minoxidil""",
"""20878""",UNKNOWN,true,"3494	""Angiopine 10 capsules (Ashbourne Pharmaceuticals Ltd)""	""Nifedipine""	""10mg""	""Oral capsule""	""Oral""	""Calcium-Channel Blockers""	""Nifedipine""",
"""17322""",UNKNOWN,true,"14775	""Atenix 25 tablets (Ashbourne Pharmaceuticals Ltd)""	""Atenolol""	""25mg""	""Oral tablet""	""Oral""	""Beta-Adrenoceptor Blockers""	""Atenolol""",
"""59915""",UNKNOWN,true,"3505	""Captopril 25mg/5ml oral solution sugar free""	""Captopril""	""5mg/1ml""	""Oral solution""	""Oral""	""Angiotensin-Converting Enzyme Inhibitors (ACE Inhibitors)""	""Captopril""",
"""39227""",UNKNOWN,true,"306	""Capozide LS 12.5mg/25mg tablets (Bristol-Myers Squibb Pharmaceuticals Ltd)""	""Captopril/Hydrochlorothiazide""	""12.5mg + 25mg""	""Oral tablet""	""Oral""	""Angiotensin-Converting Enzyme Inhibitors (ACE Inhibitors)""	""Captopril/Hydrochlorothiazide""",
"""54740""",UNKNOWN,true,"0	""Losartan 25mg tablets (Actavis UK Ltd)""	""Losartan""	""25mg""	""Oral tablet""	""Oral""	""Angiotensin-II Receptor Antagonists""	""Losartan""",
"""25494""",UNKNOWN,true,"352	""Diatensec 50mg Tablet (Pharmacia Ltd)""	""Spironolactone""	""50mg""	""Oral tablet""	""Oral""	""Potassium-Sparing Diuretics And Aldosterone Antagonists""	""Spironolactone""",
"""1807""",UNKNOWN,true,"525896	""Captopril 50mg tablets""	""Captopril""	""50mg""	""Oral tablet""	""Oral""	""Angiotensin-Converting Enzyme Inhibitors (ACE Inhibitors)""	""Captopril""",
"""9749""",UNKNOWN,true,"15618	""Physiotens 400microgram tablets (Viatris UK Healthcare Ltd)""	""Moxonidine""	""400microgram""	""Oral tablet""	""Oral""	""Centrally Acting Antihypertensive Products""	""Moxonidine""",
"""34710""",UNKNOWN,true,"26	""Ramipril 10mg capsules (Sandoz Ltd)""	""Ramipril""	""10mg""	""Oral capsule""	""Oral""	""Angiotensin-Converting Enzyme Inhibitors (ACE Inhibitors)""	""Ramipril""",
"""8061""",UNKNOWN,true,"536	""Sotalol 80mg with hydrochlorothiazide 12.5mg tablet""	""Hydrochlorothiazide""	""80mg + 12.5mg""	""Tablets""	""Oral""	""Beta-Adrenoceptor Blockers""	""Hydrochlorothiazide""",
"""58967""",UNKNOWN,true,"0	""Losartan 12.5mg tablets (Alliance Healthcare (Distribution) Ltd)""	""Losartan""	""12.5mg""	""Oral tablet""	""Oral""	""Angiotensin-II Receptor Antagonists""	""Losartan""",
"""81590""",UNKNOWN,true,"177	""Co-zidocapt 25mg/50mg tablets (Tillomed Laboratories Ltd)""	""Captopril/Hydrochlorothiazide""	""25mg + 50mg""	""Oral tablet""	""Oral""	""Thiazides And Related Diuretics/Angiotensin-Converting Enzyme Inhibitors (ACE Inhibitors)""	""Captopril/Hydrochlorothiazide""",
"""63331""",UNKNOWN,true,"186	""Folpik XL 2.5mg tablets (Teva UK Ltd)""	""Felodipine""	""2.5mg""	""Modified-release tablet""	""Oral""	""Calcium-Channel Blockers""	""Felodipine""",
"""78432""",UNKNOWN,true,"35	""Adalat ic 200microgram/2ml Injection (Bayer Plc)""	""Nifedipine""	""200microgram/2ml""	""Injection""	""Intramuscular""	""Calcium-Channel Blockers""	""Nifedipine""",
"""74623""",UNKNOWN,true,"122	""Celiprolol 400mg tablets (Viatris UK Healthcare Ltd)""	""Celiprolol""	""400mg""	""Oral tablet""	""Oral""	""Beta-Adrenoceptor Blockers""	""Celiprolol""",
"""87678""",UNKNOWN,true,"0	""Doxazosin 8mg tablets (Medihealth (Northern) Ltd)""	""Doxazosin""	""8mg""	""Oral tablet""	""Oral""	""Alpha-Adrenoceptor Blockers/Alpha-Blockers (In Urinary Retention)""	""Doxazosin""",
"""3930""",UNKNOWN,true,"161512	""Nifedipine 60mg modified-release tablets""	""Nifedipine""	""60mg""	""Modified-release tablet""	""Oral""	""Calcium-Channel Blockers""	""Nifedipine""",
"""80163""",UNKNOWN,true,"1	""Candesartan 8mg/5ml oral suspension""	""Candesartan""	""1.6mg/1ml""	""Oral suspension""	""Oral""	""Angiotensin-II Receptor Antagonists""	""Candesartan""",
"""24461""",UNKNOWN,true,"5	""Betaloc I.V. 5mg/5ml solution for injection ampoules (Recordati Pharmaceuticals Ltd)""	""Metoprolol""	""1mg/1ml""	""Solution for injection""	""Intravenous""	""Beta-Adrenoceptor Blockers""	""Metoprolol""",
"""20188""",UNKNOWN,true,"69	""Enalapril 2.5mg wafer""	""Enalapril""	""2.5mg""	""Wafer""	NA	""Angiotensin-Converting Enzyme Inhibitors (ACE Inhibitors)""	""Enalapril""",
"""12606""",UNKNOWN,true,"287	""Nifelease 20mg Modified-release tablet (Eastern Pharmaceuticals Ltd)""	""Nifedipine""	""20mg""	""Modified-Release Tablet""	""Oral""	""Calcium-Channel Blockers""	""Nifedipine""",
"""69473""",UNKNOWN,true,"3	""Spironolactone 3.5mg/5ml oral suspension""	""Spironolactone""	""700microgram/1ml""	""Oral suspension""	""Oral""	""Potassium-Sparing Diuretics And Aldosterone Antagonists""	""Spironolactone""",
"""23587""",UNKNOWN,true,"2	""Sloprolol 160mg Capsule (C P Pharmaceuticals Ltd)""	""Propranolol""	""160mg""	""Modified-release capsule""	""Oral""	""Beta-Adrenoceptor Blockers/Prophylaxis Of Migraine""	""Propranolol""",
"""46975""",UNKNOWN,true,"1	""Lisinopril 5mg tablets (Sandoz Ltd)""	""Lisinopril""	""5mg""	""Oral tablet""	""Oral""	""Angiotensin-Converting Enzyme Inhibitors (ACE Inhibitors)""	""Lisinopril""",
"""31670""",UNKNOWN,true,"38036	""Bendroflumethiazide 2.5mg tablets (Teva UK Ltd)""	""Bendroflumethiazide""	""2.5mg""	""Oral tablet""	""Oral""	""Thiazides And Related Diuretics/Hypercalcaemia And Hypercalciuria""	""Bendroflumethiazide""",
"""61710""",UNKNOWN,true,"15	""Clonidine 25microgram tablets (Teva UK Ltd)""	""Clonidine""	""25microgram""	""Oral tablet""	""Oral""	""Centrally Acting Antihypertensive Products/Prophylaxis Of Migraine/Oestrogens And HRT""	""Clonidine""",
"""77116""",UNKNOWN,true,"0	""Quinapril 5mg tablets (Alliance Healthcare (Distribution) Ltd)""	""Quinapril""	""5mg""	""Oral tablet""	""Oral""	""Angiotensin-Converting Enzyme Inhibitors (ACE Inhibitors)""	""Quinapril""",
"""3715""",UNKNOWN,true,"32195	""Prazosin 5mg tablets""	""Prazosin""	""5mg""	""Oral tablet""	""Oral""	""Alpha-Adrenoceptor Blockers/Alpha-Blockers (In Urinary Retention)""	""Prazosin""",
"""71377""",UNKNOWN,true,"18	""Frumil LS 20mg/2.5mg tablets (Waymade Healthcare Plc)""	""Amiloride""	""2.5mg + 20mg""	""Oral tablet""	""Oral""	""Potassium-Sparing Diuretics With Other Diuretics""	""Amiloride""",
"""30921""",UNKNOWN,true,"388	""Lisinopril 2.5mg tablets (Teva UK Ltd)""	""Lisinopril""	""2.5mg""	""Oral tablet""	""Oral""	""Angiotensin-Converting Enzyme Inhibitors (ACE Inhibitors)""	""Lisinopril""",
"""38367""",UNKNOWN,true,"167	""Hydrochlorothiazide with losartan 12.5mg with 100mg Tablet""	""Hydrochlorothiazide/Losartan""	""12.5mg + 100mg""	""Tablet""	""Oral""	""Thiazides And Related Diuretics/Angiotensin-II Receptor Antagonists""	""Hydrochlorothiazide/Losartan""",
"""39956""",UNKNOWN,true,"1014	""Diazoxide 250mg/5ml oral suspension""	""Diazoxide""	""50mg/1ml""	""Oral suspension""	""Oral""	""Treatment Of Hypoglycaemia""	""Diazoxide""",
"""83449""",UNKNOWN,true,"0	""Spironolactone 50mg tablets (Almus Pharmaceuticals Ltd)""	""Spironolactone""	""50mg""	""Oral tablet""	""Oral""	""Potassium-Sparing Diuretics And Aldosterone Antagonists""	""Spironolactone""",
"""82485""",UNKNOWN,true,"211	""Doralese Tiltab 20mg tablets (Lexon (UK) Ltd)""	""Indoramin""	""20mg""	""Oral tablet""	""Oral""	""Alpha-Adrenoceptor Blockers/Alpha-Blockers (In Urinary Retention)""	""Indoramin""",
"""88378""",UNKNOWN,true,"1	""Candesartan 8mg/5ml oral solution""	""Candesartan""	""1.6mg/1ml""	""Oral solution""	""Oral""	""Angiotensin-II Receptor Antagonists""	""Candesartan""",
"""50971""",UNKNOWN,true,"0	""Losartan 25mg tablets (A A H Pharmaceuticals Ltd)""	""Losartan""	""25mg""	""Oral tablet""	""Oral""	""Angiotensin-II Receptor Antagonists""	""Losartan""",
"""445""",UNKNOWN,true,"1391	""Prazosin 1mg tablets and Prazosin 500microgram tablets""	""Prazosin""	NA	""Not applicable""	""Route of administration not applicable""	""Unknown""	""Prazosin""",
"""3923""",UNKNOWN,true,"878	""Terazosin BPH starter pack 7x1mg with 14x2mg with 7x5mg""	""Terazosin""	""7 x 1mg + 14 x 2mg + 7 x 5mg""	""Starter Pack""	""Oral""	""Alpha-Adrenoceptor Blockers/Alpha-Blockers (In Urinary Retention)""	""Terazosin""",
"""636""",UNKNOWN,true,"172997	""Diltiazem 60mg modified-release capsules""	""Diltiazem""	""60mg""	""Modified-release capsule""	""Oral""	""Calcium-Channel Blockers""	""Diltiazem""",
"""41538""",UNKNOWN,true,"136	""Lisopress 2.5mg tablets (Teva UK Ltd)""	""Lisinopril""	""2.5mg""	""Oral tablet""	""Oral""	""Angiotensin-Converting Enzyme Inhibitors (ACE Inhibitors)""	""Lisinopril""",
"""25998""",UNKNOWN,true,"7	""Captomex 12.5mg tablets (Actavis UK Ltd)""	""Captopril""	""12.5mg""	""Oral tablet""	""Oral""	""Angiotensin-Converting Enzyme Inhibitors (ACE Inhibitors)""	""Captopril""",
"""72159""",UNKNOWN,true,"373	""Nadolol 20mg/5ml oral suspension""	""Nadolol""	""4mg/1ml""	""Oral suspension""	""Oral""	""Beta-Adrenoceptor Blockers""	""Nadolol""",
"""42677""",UNKNOWN,true,"116	""Diazoxide 250mg/5ml oral solution""	""Diazoxide""	""50mg/1ml""	""Oral solution""	""Oral""	""Treatment Of Hypoglycaemia""	""Diazoxide""",
"""86659""",UNKNOWN,true,"0	""Lercanidipine 20mg tablets (Phoenix Healthcare Distribution Ltd)""	""Lercanidipine""	""20mg""	""Oral tablet""	""Oral""	""Calcium-Channel Blockers""	""Lercanidipine""",
"""26120""",UNKNOWN,true,"9	""CHLOROTHIAZIDE 50 MG SUS""	""Chlorothiazide""	NA	NA	NA	""Unknown""	""Chlorothiazide""",
"""77345""",UNKNOWN,true,"799	""Innovace 10mg tablets (Dowelhurst Ltd)""	""Enalapril""	""10mg""	""Oral tablet""	""Oral""	""Angiotensin-Converting Enzyme Inhibitors (ACE Inhibitors)""	""Enalapril""",
"""63559""",UNKNOWN,true,"45	""Lisinopril 20mg tablets (Kent Pharma (UK) Ltd)""	""Lisinopril""	""20mg""	""Oral tablet""	""Oral""	""Angiotensin-Converting Enzyme Inhibitors (ACE Inhibitors)""	""Lisinopril""",
"""9019""",UNKNOWN,true,"1641	""Indoramin 50mg Tablet""	""Indoramin""	""50mg""	""Tablet""	""Oral""	""Alpha-Adrenoceptor Blockers/Alpha-Blockers (In Urinary Retention)""	""Indoramin""",
"""32162""",UNKNOWN,true,"94	""Propranolol 80mg Modified-release capsule (Lagap)""	""Propranolol""	""80mg""	""Modified-release capsule""	""Oral""	""Beta-Adrenoceptor Blockers/Prophylaxis Of Migraine""	""Propranolol""",
"""88259""",UNKNOWN,true,"1	""Selexipag 600microgram tablets""	""Selexipag""	""600microgram""	""Oral tablet""	""Oral""	""Vasodilator Antihypertensive Products""	""Selexipag""",
"""1121""",UNKNOWN,true,"752060	""Captopril 12.5mg tablets""	""Captopril""	""12.5mg""	""Oral tablet""	""Oral""	""Angiotensin-Converting Enzyme Inhibitors (ACE Inhibitors)""	""Captopril""",
"""19890""",UNKNOWN,true,"2547	""Hydrochlorothiazide with amiloride 25mgwith2.5mg Tablet""	""Hydrochlorothiazide/Amiloride""	""25mg+2.5mg""	""Tablet""	""Oral""	""Thiazides And Related Diuretics/Potassium-Sparing Diuretics With Other Diuretics""	""Hydrochlorothiazide/Amiloride""",
"""13435""",UNKNOWN,true,"7233	""Frumil Forte 10mg/80mg tablets (Sanofi)""	""Amiloride""	""10mg + 80mg""	""Oral tablet""	""Oral""	""Potassium-Sparing Diuretics With Other Diuretics""	""Amiloride""",
"""21763""",UNKNOWN,true,"357	""Diltiazem 60mg modified-release tablets (A A H Pharmaceuticals Ltd)""	""Diltiazem""	""60mg""	""Modified-release tablet""	""Oral""	""Calcium-Channel Blockers""	""Diltiazem""",
"""5112""",UNKNOWN,true,"2155383	""Indapamide 1.5mg modified-release tablets""	""Indapamide""	""1.5mg""	""Modified-release tablet""	""Oral""	""Thiazides And Related Diuretics""	""Indapamide""",
"""56079""",UNKNOWN,true,"384	""Perindopril tosilate 10mg tablets""	""Perindopril""	""10mg""	""Oral tablet""	""Oral""	""Angiotensin-Converting Enzyme Inhibitors (ACE Inhibitors)""	""Perindopril""",
"""34034""",UNKNOWN,true,"134	""Co-tenidone 50mg/12.5mg tablets (IVAX Pharmaceuticals UK Ltd)""	""Chlortalidone/Atenolol""	""12.5mg + 50mg""	""Oral tablet""	""Oral""	""Thiazides And Related Diuretics/Beta-Adrenoceptor Blockers""	""Chlortalidone/Atenolol""",
"""9334""",UNKNOWN,true,"44661	""Plendil 2.5mg modified-release tablets (AstraZeneca UK Ltd)""	""Felodipine""	""2.5mg""	""Modified-release tablet""	""Oral""	""Calcium-Channel Blockers""	""Felodipine""",
"""32917""",UNKNOWN,true,"15	""Amlodipine 5mg tablets (IVAX Pharmaceuticals UK Ltd)""	""Amlodipine""	""5mg""	""Oral tablet""	""Oral""	""Calcium-Channel Blockers""	""Amlodipine""",
"""76165""",UNKNOWN,true,"2	""Amiloride 5mg tablets (Accord-UK Ltd)""	""Amiloride""	""5mg""	""Oral tablet""	""Oral""	""Potassium-Sparing Diuretics And Aldosterone Antagonists""	""Amiloride""",
"""89750""",UNKNOWN,true,"1	""Ramipril 2.5mg tablets (Sun Pharma UK Ltd)""	""Ramipril""	""2.5mg""	""Oral tablet""	""Oral""	""Angiotensin-Converting Enzyme Inhibitors (ACE Inhibitors)""	""Ramipril""",
"""56516""",UNKNOWN,true,"2	""Perindopril erbumine 2mg tablets (Sandoz Ltd)""	""Perindopril""	""2mg""	""Oral tablet""	""Oral""	""Angiotensin-Converting Enzyme Inhibitors (ACE Inhibitors)""	""Perindopril""",
"""45554""",UNKNOWN,true,"623	""Ramipril 5mg/5ml oral solution""	""Ramipril""	""1mg/1ml""	""Oral solution""	""Oral""	""Angiotensin-Converting Enzyme Inhibitors (ACE Inhibitors)""	""Ramipril""",
"""4741""",UNKNOWN,true,"2592082	""Candesartan 16mg tablets""	""Candesartan""	""16mg""	""Oral tablet""	""Oral""	""Angiotensin-II Receptor Antagonists""	""Candesartan""",
"""536""",UNKNOWN,true,"340915	""Tildiem la 200mg Modified-release capsule (Sanofi)""	""Diltiazem""	""200mg""	""Modified-release capsule""	""Oral""	""Calcium-Channel Blockers""	""Diltiazem""",
"""74121""",UNKNOWN,true,"0	""Amlodipine 5mg/5ml oral solution sugar free (Syri Ltd)""	""Amlodipine""	""1mg/1ml""	""Oral solution""	""Oral""	""Calcium-Channel Blockers""	""Amlodipine""",
"""46493""",UNKNOWN,true,"3	""PROPRANOLOL 15 MG SYR""	""Propranolol""	NA	""Solution for injection""	""Intramuscular""	""Unknown""	""Propranolol""",
"""77665""",UNKNOWN,true,"0	""Perindopril erbumine 8mg tablets (Somex Pharma)""	""Perindopril""	""8mg""	""Oral tablet""	""Oral""	""Angiotensin-Converting Enzyme Inhibitors (ACE Inhibitors)""	""Perindopril""",
"""55160""",UNKNOWN,true,"0	""Cozaar-Comp 50mg/12.5mg tablets (Sigma Pharmaceuticals Plc)""	""Hydrochlorothiazide/Losartan""	""50mg + 12.5mg""	""Oral tablet""	""Oral""	""Angiotensin-II Receptor Antagonists With Diuretic""	""Hydrochlorothiazide/Losartan""",
"""77350""",UNKNOWN,true,"555	""Aprovel 150mg tablets (Dowelhurst Ltd)""	""Irbesartan""	""150mg""	""Oral tablet""	""Oral""	""Angiotensin-II Receptor Antagonists""	""Irbesartan""",
"""23642""",UNKNOWN,true,"116	""Vascace 0.25mg Tablet (Roche Products Ltd)""	""Cilazapril""	""0.25mg""	""Tablet""	""Oral""	""Angiotensin-Converting Enzyme Inhibitors (ACE Inhibitors)""	""Cilazapril""",
"""70431""",UNKNOWN,true,"1	""Irbesartan 150mg tablets (Lupin Healthcare (UK) Ltd)""	""Irbesartan""	""150mg""	""Oral tablet""	""Oral""	""Angiotensin-II Receptor Antagonists""	""Irbesartan""",
"""82312""",UNKNOWN,true,"0	""Valsartan 160mg / Hydrochlorothiazide 12.5mg tablets (Arrow Generics Ltd)""	""Hydrochlorothiazide/Valsartan""	""160mg + 12.5mg""	""Oral tablet""	""Oral""	""Angiotensin-II Receptor Antagonists With Diuretic""	""Hydrochlorothiazide/Valsartan""",
"""34247""",UNKNOWN,true,"102	""Nifedipine 10mg Capsule (Berk Pharmaceuticals Ltd)""	""Nifedipine""	""10mg""	""Oral capsule""	""Oral""	""Calcium-Channel Blockers""	""Nifedipine""",
"""52145""",UNKNOWN,true,"11	""Cyclopenthiazide 0.25mg with oxprenolol 160mg modified-release tablets""	""Cyclopenthiazide""	NA	""Tablet""	""Oral""	""Thiazides And Related Diuretics/Beta-Adrenoceptor Blockers""	""Cyclopenthiazide""",
"""76548""",UNKNOWN,true,"0	""Ramipril 1.25mg capsules (Phoenix Healthcare Distribution Ltd)""	""Ramipril""	""1.25mg""	""Oral capsule""	""Oral""	""Angiotensin-Converting Enzyme Inhibitors (ACE Inhibitors)""	""Ramipril""",
"""25393""",UNKNOWN,true,"88	""Decaserpyl 10mg Tablet (Roussel Laboratories Ltd)""	""Methoserpidine""	""10mg""	""Tablet""	""Oral""	""Centrally Acting Antihypertensive Products""	""Methoserpidine""",
"""6477""",UNKNOWN,true,"1265851	""Amlodipine maleate 10mg tablets""	""Amlodipine""	""10mg""	""Tablets""	""Oral""	""Calcium-Channel Blockers""	""Amlodipine""",
"""4239""",UNKNOWN,true,"203854	""Adipine MR 10 tablets (Chiesi Ltd)""	""Nifedipine""	""10mg""	""Modified-release tablet""	""Oral""	""Calcium-Channel Blockers""	""Nifedipine""",
"""55778""",UNKNOWN,true,"0	""Atenolol 50mg tablets (Phoenix Healthcare Distribution Ltd)""	""Atenolol""	""50mg""	""Oral tablet""	""Oral""	""Beta-Adrenoceptor Blockers""	""Atenolol""",
"""17566""",UNKNOWN,true,"8710	""Felotens XL 10mg tablets (Thornton & Ross Ltd)""	""Felodipine""	""10mg""	""Modified-release tablet""	""Oral""	""Calcium-Channel Blockers""	""Felodipine""",
"""4408""",UNKNOWN,true,"156764	""Slozem 240mg capsules (Zentiva Pharma UK Ltd)""	""Diltiazem""	""240mg""	""Modified-release capsule""	""Oral""	""Calcium-Channel Blockers""	""Diltiazem""",
"""37080""",UNKNOWN,true,"1948	""Enalapril 5mg/5ml oral solution""	""Enalapril""	""1mg/1ml""	""Oral solution""	""Oral""	""Angiotensin-Converting Enzyme Inhibitors (ACE Inhibitors)""	""Enalapril""",
"""62066""",UNKNOWN,true,"453	""Cardide SR 1.5mg tablets (Teva UK Ltd)""	""Indapamide""	""1.5mg""	""Modified-release tablet""	""Oral""	""Thiazides And Related Diuretics""	""Indapamide""",
"""25004""",UNKNOWN,true,"2	""PHENOXYBENZAMINE HCl 2.5 MG CAP""	""Phenoxybenzamine""	NA	NA	NA	""Unknown""	""Phenoxybenzamine""",
"""41074""",UNKNOWN,true,"47	""Spironolactone 25mg tablets (Almus Pharmaceuticals Ltd)""	""Spironolactone""	""25mg""	""Oral tablet""	""Oral""	""Potassium-Sparing Diuretics And Aldosterone Antagonists""	""Spironolactone""",
"""64418""",UNKNOWN,true,"0	""Amlodipine 5mg tablets (Waymade Healthcare Plc)""	""Amlodipine""	""5mg""	""Oral tablet""	""Oral""	""Calcium-Channel Blockers""	""Amlodipine""",
"""17826""",UNKNOWN,true,"139	""Guanethidine 5% eye drops""	""Guanethidine""	""5%""	""Eye Drops""	""Ocular""	""Sympathomimetics (In Glaucoma)""	""Guanethidine""",
"""66388""",UNKNOWN,true,"2393	""Intuniv 3mg modified-release tablets (Takeda UK Ltd)""	""Guanfacine""	""3mg""	""Modified-release tablet""	""Oral""	""Centrally Acting Antihypertensive Products""	""Guanfacine""",
"""12046""",UNKNOWN,true,"5913	""Ganda 3 + 0.5 eye drops (Bausch & Lomb UK Ltd)""	""Guanethidine""	""30mg/1ml + 5mg/1ml""	""Eye drops""	""Ocular""	""Unknown""	""Guanethidine""",
"""41532""",UNKNOWN,true,"513	""Lisopress 5mg tablets (Teva UK Ltd)""	""Lisinopril""	""5mg""	""Oral tablet""	""Oral""	""Angiotensin-Converting Enzyme Inhibitors (ACE Inhibitors)""	""Lisinopril""",
"""58863""",UNKNOWN,true,"0	""Lisinopril 10mg tablets (Phoenix Healthcare Distribution Ltd)""	""Lisinopril""	""10mg""	""Oral tablet""	""Oral""	""Angiotensin-Converting Enzyme Inhibitors (ACE Inhibitors)""	""Lisinopril""",
"""65749""",UNKNOWN,true,"1	""Ramipril 5mg capsules (Ennogen Healthcare International Ltd)""	""Ramipril""	""5mg""	""Oral capsule""	""Oral""	""Angiotensin-Converting Enzyme Inhibitors (ACE Inhibitors)""	""Ramipril""",
"""35960""",UNKNOWN,true,"443	""Diazoxide 50mg/5ml oral suspension""	""Diazoxide""	""10mg/1ml""	""Oral suspension""	""Oral""	""Treatment Of Hypoglycaemia""	""Diazoxide""",
"""22923""",UNKNOWN,true,"8767	""Hydrochlorothiazide with amiloride 50mg with 5mg Tablet""	""Hydrochlorothiazide/Amiloride""	""50mg + 5mg""	""Tablet""	""Oral""	""Thiazides And Related Diuretics/Potassium-Sparing Diuretics With Other Diuretics""	""Hydrochlorothiazide/Amiloride""",
"""61036""",UNKNOWN,true,"11	""Physiotens 300microgram tablets (Actavis UK Ltd)""	""Moxonidine""	""300microgram""	""Oral tablet""	""Oral""	""Centrally Acting Antihypertensive Products""	""Moxonidine""",
"""39804""",UNKNOWN,true,"216	""Amlodipine 5mg tablets (Dr Reddy's Laboratories (UK) Ltd)""	""Amlodipine""	""5mg""	""Oral tablet""	""Oral""	""Calcium-Channel Blockers""	""Amlodipine""",
"""66895""",UNKNOWN,true,"188	""Enalapril 10mg/5ml oral suspension""	""Enalapril""	""2mg/1ml""	""Oral suspension""	""Oral""	""Angiotensin-Converting Enzyme Inhibitors (ACE Inhibitors)""	""Enalapril""",
"""9745""",UNKNOWN,true,"5708	""Teveten 300mg tablets (Viatris UK Healthcare Ltd)""	""Eprosartan""	""300mg""	""Oral tablet""	""Oral""	""Angiotensin-II Receptor Antagonists""	""Eprosartan""",
"""26267""",UNKNOWN,true,"997	""Optil sr 120mg Modified-release capsule (Opus Pharmaceuticals Ltd)""	""Diltiazem""	""120mg""	""Modified-Release Capsule""	""Oral""	""Calcium-Channel Blockers""	""Diltiazem""",
"""58871""",UNKNOWN,true,"1	""Lisinopril 10mg tablets (Waymade Healthcare Plc)""	""Lisinopril""	""10mg""	""Oral tablet""	""Oral""	""Angiotensin-Converting Enzyme Inhibitors (ACE Inhibitors)""	""Lisinopril""",
"""83889""",UNKNOWN,true,"0	""Bendroflumethiazide 2.5mg tablets (Bristol Laboratories Ltd)""	""Bendroflumethiazide""	""2.5mg""	""Oral tablet""	""Oral""	""Thiazides And Related Diuretics/Hypercalcaemia And Hypercalciuria""	""Bendroflumethiazide""",
"""64055""",UNKNOWN,true,"6	""Ramipril 2.5mg/5ml oral solution sugar free (Waymade Healthcare Plc)""	""Ramipril""	""500microgram/1ml""	""Oral solution""	""Oral""	""Angiotensin-Converting Enzyme Inhibitors (ACE Inhibitors)""	""Ramipril""",
"""77825""",UNKNOWN,true,"0	""Methyldopa 250mg tablets (A A H Pharmaceuticals Ltd)""	""Methyldopa""	""250mg""	""Oral tablet""	""Oral""	""Centrally Acting Antihypertensive Products""	""Methyldopa""",
"""74567""",UNKNOWN,true,"48560	""Doxazosin 8mg tablets""	""Doxazosin""	""8mg""	""Oral tablet""	""Oral""	""Alpha-Adrenoceptor Blockers/Alpha-Blockers (In Urinary Retention)""	""Doxazosin""",
"""85640""",UNKNOWN,true,"0	""Methyldopa 125mg tablets (Bristol Laboratories Ltd)""	""Methyldopa""	""125mg""	""Oral tablet""	""Oral""	""Centrally Acting Antihypertensive Products""	""Methyldopa""",
"""68340""",UNKNOWN,true,"3	""Losartan 12.5mg tablets (Krka UK Ltd)""	""Losartan""	""12.5mg""	""Oral tablet""	""Oral""	""Angiotensin-II Receptor Antagonists""	""Losartan""",
"""1780""",UNKNOWN,true,"5955406	""Losartan 50mg tablets""	""Losartan""	""50mg""	""Oral tablet""	""Oral""	""Angiotensin-II Receptor Antagonists""	""Losartan""",
"""4571""",UNKNOWN,true,"58361	""Staril 10mg tablets (Bristol-Myers Squibb Pharmaceuticals Ltd)""	""Fosinopril""	""10mg""	""Oral tablet""	""Oral""	""Angiotensin-Converting Enzyme Inhibitors (ACE Inhibitors)""	""Fosinopril""",
"""63222""",UNKNOWN,true,"33	""Losartan 25mg tablets (Pfizer Ltd)""	""Losartan""	""25mg""	""Oral tablet""	""Oral""	""Angiotensin-II Receptor Antagonists""	""Losartan""",
"""62564""",UNKNOWN,true,"26	""Lisinopril 10mg/5ml oral solution""	""Lisinopril""	""2mg/1ml""	""Oral solution""	""Oral""	""Angiotensin-Converting Enzyme Inhibitors (ACE Inhibitors)""	""Lisinopril""",
"""82563""",UNKNOWN,true,"50	""Aldactone 50mg tablets (Mawdsley-Brooks & Company Ltd)""	""Spironolactone""	""50mg""	""Oral tablet""	""Oral""	""Potassium-Sparing Diuretics And Aldosterone Antagonists""	""Spironolactone""",
"""78""",UNKNOWN,true,"6779056	""Lisinopril 5mg tablets""	""Lisinopril""	""5mg""	""Oral tablet""	""Oral""	""Angiotensin-Converting Enzyme Inhibitors (ACE Inhibitors)""	""Lisinopril""",
"""66048""",UNKNOWN,true,"7	""Tildiem Retard 120mg tablets (DE Pharmaceuticals)""	""Diltiazem""	""120mg""	""Modified-release tablet""	""Oral""	""Calcium-Channel Blockers""	""Diltiazem""",
"""35481""",UNKNOWN,true,"25535	""Irbesartan 300mg / Hydrochlorothiazide 25mg tablets""	""Hydrochlorothiazide/Irbesartan""	""300mg + 25mg""	""Oral tablet""	""Oral""	""Thiazides And Related Diuretics/Angiotensin-II Receptor Antagonists With Diuretic""	""Hydrochlorothiazide/Irbesartan""",
"""82701""",UNKNOWN,true,"0	""Amlodipine 5mg tablets (FDC International Ltd)""	""Amlodipine""	""5mg""	""Oral tablet""	""Oral""	""Calcium-Channel Blockers""	""Amlodipine""",
"""34695""",UNKNOWN,true,"35	""Atenolol 50mg tablets (Kent Pharma (UK) Ltd)""	""Atenolol""	""50mg""	""Oral tablet""	""Oral""	""Beta-Adrenoceptor Blockers""	""Atenolol""",
"""4429""",UNKNOWN,true,"93798	""Trasidrex modified-release tablets (Mercury Pharma Group Ltd)""	""Cyclopenthiazide""	""160mg + 250microgram""	""Modified-release tablet""	""Oral""	""Beta-Adrenoceptor Blockers""	""Cyclopenthiazide""",
"""5727""",UNKNOWN,true,"118030	""Amiloride 2.5mg / Cyclopenthiazide 250microgram tablets""	""Cyclopenthiazide/Amiloride""	""2.5mg + 250microgram""	""Oral tablet""	""Oral""	""Potassium-Sparing Diuretics With Other Diuretics""	""Cyclopenthiazide/Amiloride""",
"""764""",UNKNOWN,true,"9241	""Co-Diovan 80mg/12.5mg tablets (Novartis Pharmaceuticals UK Ltd)""	""Hydrochlorothiazide/Valsartan""	""80mg + 12.5mg""	""Oral tablet""	""Oral""	""Angiotensin-II Receptor Antagonists With Diuretic""	""Hydrochlorothiazide/Valsartan""",
"""61025""",UNKNOWN,true,"8	""Spironolactone 20mg/5ml oral solution""	""Spironolactone""	""4mg/1ml""	""Oral solution""	""Oral""	""Potassium-Sparing Diuretics And Aldosterone Antagonists""	""Spironolactone""",
"""39199""",UNKNOWN,true,"83	""Diovan 320mg tablets (Novartis Pharmaceuticals UK Ltd)""	""Valsartan""	""320mg""	""Oral tablet""	""Oral""	""Angiotensin-II Receptor Antagonists""	""Valsartan""",
"""10191""",UNKNOWN,true,"45406	""Atenix 50 tablets (Ashbourne Pharmaceuticals Ltd)""	""Atenolol""	""50mg""	""Oral tablet""	""Oral""	""Beta-Adrenoceptor Blockers""	""Atenolol""",
"""8024""",UNKNOWN,true,"1009	""DILTIAZEM HCl XL 300 MG CAP""	""Diltiazem""	NA	NA	NA	""Unknown""	""Diltiazem""",
"""79349""",UNKNOWN,true,"798	""Atenolol 100mg Tablet (Celltech Pharma Europe Ltd)""	""Atenolol""	""100mg""	""Oral tablet""	""Oral""	""Beta-Adrenoceptor Blockers""	""Atenolol""",
"""70754""",UNKNOWN,true,"0	""Losartan 50mg / Hydrochlorothiazide 12.5mg tablets (Sun Pharma UK Ltd)""	""Hydrochlorothiazide/Losartan""	""50mg + 12.5mg""	""Oral tablet""	""Oral""	""Angiotensin-II Receptor Antagonists With Diuretic""	""Hydrochlorothiazide/Losartan""",
"""82364""",UNKNOWN,true,"0	""Dixarit 25microgram tablets (Mawdsley-Brooks & Company Ltd)""	""Clonidine""	""25microgram""	""Oral tablet""	""Oral""	""Prophylaxis Of Migraine/Oestrogens And HRT""	""Clonidine""",
"""90139""",UNKNOWN,true,"0	""Verapamil 120mg tablets (Accord-UK Ltd)""	""Verapamil""	""120mg""	""Oral tablet""	""Oral""	""Calcium-Channel Blockers""	""Verapamil""",
"""68647""",UNKNOWN,true,"0	""Candesartan 8mg tablets (Genesis Pharmaceuticals Ltd)""	""Candesartan""	""8mg""	""Oral tablet""	""Oral""	""Angiotensin-II Receptor Antagonists""	""Candesartan""",
"""28725""",UNKNOWN,true,"468	""Perdix 15mg tablets (UCB Pharma Ltd)""	""Moexipril""	""15mg""	""Oral tablet""	""Oral""	""Angiotensin-Converting Enzyme Inhibitors (ACE Inhibitors)""	""Moexipril""",
"""84400""",UNKNOWN,true,"81	""Eyzeetan 0.3mg/ml / 5mg/ml eye drops preservative free (Aspire Pharma Ltd)""	""Timolol""	""5mg/1ml + 300microgram/1ml""	""Eye drops""	""Ocular""	""Beta-Blockers (In Glaucoma)/Prostaglandin Analogues (In Glaucoma)""	""Timolol""",
"""15605""",UNKNOWN,true,"349	""Cilazapril 250micrograms tablets""	""Cilazapril""	""250micrograms""	""Tablets""	""Oral""	""Angiotensin-Converting Enzyme Inhibitors (ACE Inhibitors)""	""Cilazapril""",
"""448""",UNKNOWN,true,"758525	""Enalapril 2.5mg tablets""	""Enalapril""	""2.5mg""	""Oral tablet""	""Oral""	""Angiotensin-Converting Enzyme Inhibitors (ACE Inhibitors)""	""Enalapril""",
"""31131""",UNKNOWN,true,"231	""Spiro-co 25mg+25mg Tablet (IVAX Pharmaceuticals UK Ltd)""	""Spironolactone""	""25mg + 25mg""	""Oral tablet""	""Oral""	""Thiazides And Related Diuretics/Potassium-Sparing Diuretics With Other Diuretics""	""Spironolactone""",
"""58580""",UNKNOWN,true,"41	""Amlodipine 10mg tablets (APC Pharmaceuticals & Chemicals (Europe) Ltd)""	""Amlodipine""	""10mg""	""Oral tablet""	""Oral""	""Calcium-Channel Blockers""	""Amlodipine""",
"""62552""",UNKNOWN,true,"45	""Verapamil 80mg tablets (Alliance Healthcare (Distribution) Ltd)""	""Verapamil""	""80mg""	""Oral tablet""	""Oral""	""Calcium-Channel Blockers""	""Verapamil""",
"""66162""",UNKNOWN,true,"1	""Ramipril 10mg tablets (Teva UK Ltd)""	""Ramipril""	""10mg""	""Oral tablet""	""Oral""	""Angiotensin-Converting Enzyme Inhibitors (ACE Inhibitors)""	""Ramipril""",
"""21938""",UNKNOWN,true,"1531	""Froop Co 5mg/40mg tablets (Ashbourne Pharmaceuticals Ltd)""	""Amiloride""	""5mg + 40mg""	""Oral tablet""	""Oral""	""Potassium-Sparing Diuretics With Other Diuretics""	""Amiloride""",
"""82330""",UNKNOWN,true,"0	""Losartan 100mg / Hydrochlorothiazide 25mg tablets (Sandoz Ltd)""	""Hydrochlorothiazide/Losartan""	""100mg + 25mg""	""Oral tablet""	""Oral""	""Angiotensin-II Receptor Antagonists With Diuretic""	""Hydrochlorothiazide/Losartan""",
"""26265""",UNKNOWN,true,"95	""Calanif 5mg Capsule (Berk Pharmaceuticals Ltd)""	""Nifedipine""	""5mg""	""Oral capsule""	""Oral""	""Calcium-Channel Blockers""	""Nifedipine""",
"""19568""",UNKNOWN,true,"810	""TIMOLOL EYE""	""Timolol""	NA	NA	NA	""Unknown""	""Timolol""",
"""19727""",UNKNOWN,true,"1486	""TIMOLOL EYE""	""Timolol""	NA	NA	NA	""Unknown""	""Timolol""",
"""54298""",UNKNOWN,true,"9	""Ramipril 2.5mg capsules (Arrow Generics Ltd)""	""Ramipril""	""2.5mg""	""Oral capsule""	""Oral""	""Angiotensin-Converting Enzyme Inhibitors (ACE Inhibitors)""	""Ramipril""",
"""78374""",UNKNOWN,true,"34	""Bendroflumethiazide 1.25mg with Potassium 573mg modified-release tablets""	""Bendroflumethiazide""	NA	""Tablet""	""Oral""	""Diuretics With Potassium""	""Bendroflumethiazide""",
"""54512""",UNKNOWN,true,"4	""Lisinopril Oral solution""	""Lisinopril""	NA	""Oral Solution""	""Oral""	""Angiotensin-Converting Enzyme Inhibitors (ACE Inhibitors)""	""Lisinopril""",
"""81076""",UNKNOWN,true,"0	""Verapamil 40mg tablets (Waymade Healthcare Plc)""	""Verapamil""	""40mg""	""Oral tablet""	""Oral""	""Calcium-Channel Blockers""	""Verapamil""",
"""17291""",UNKNOWN,true,"209	""Guanethidine 25mg Tablet""	""Guanethidine""	""25mg""	""Tablet""	""Oral""	""Adrenergic Neurone Blockers""	""Guanethidine""",
"""17545""",UNKNOWN,true,"10995	""Micardis 80mg tablets (Boehringer Ingelheim Ltd)""	""Telmisartan""	""80mg""	""Oral tablet""	""Oral""	""Angiotensin-II Receptor Antagonists""	""Telmisartan""",
"""85767""",UNKNOWN,true,"0	""Amlodipine 10mg tablets (Crescent Pharma Ltd)""	""Amlodipine""	""10mg""	""Oral tablet""	""Oral""	""Calcium-Channel Blockers""	""Amlodipine""",
"""10688""",UNKNOWN,true,"37580	""Verapamil 160mg tablets""	""Verapamil""	""160mg""	""Oral tablet""	""Oral""	""Calcium-Channel Blockers""	""Verapamil""",
"""61693""",UNKNOWN,true,"0	""Perindopril erbumine 8mg tablets (Milpharm Ltd)""	""Perindopril""	""8mg""	""Oral tablet""	""Oral""	""Angiotensin-Converting Enzyme Inhibitors (ACE Inhibitors)""	""Perindopril""",
"""28127""",UNKNOWN,true,"61	""Enalapril 2.5mg tablets (Teva UK Ltd)""	""Enalapril""	""2.5mg""	""Oral tablet""	""Oral""	""Angiotensin-Converting Enzyme Inhibitors (ACE Inhibitors)""	""Enalapril""",
"""66551""",UNKNOWN,true,"0	""Losartan 50mg tablets (Bristol Laboratories Ltd)""	""Losartan""	""50mg""	""Oral tablet""	""Oral""	""Angiotensin-II Receptor Antagonists""	""Losartan""",
"""769""",UNKNOWN,true,"3414446	""Propranolol 80mg modified-release capsules""	""Propranolol""	""80mg""	""Modified-release capsule""	""Oral""	""Beta-Adrenoceptor Blockers/Prophylaxis Of Migraine/Drugs For Essential Tremor, Chorea, Tics, And Related Disorders/Antithyroid Products""	""Propranolol""",
"""4226""",UNKNOWN,true,"23197	""Cozaar 25mg tablets (Organon Pharma (UK) Ltd)""	""Losartan""	""25mg""	""Oral tablet""	""Oral""	""Angiotensin-II Receptor Antagonists""	""Losartan""",
"""77420""",UNKNOWN,true,"597	""Istin 5mg tablets (DE Pharmaceuticals)""	""Amlodipine""	""5mg""	""Oral tablet""	""Oral""	""Calcium-Channel Blockers""	""Amlodipine""",
"""39984""",UNKNOWN,true,"2096	""Sevikar 20mg/5mg tablets (Daiichi Sankyo UK Ltd)""	""Amlodipine/Olmesartan""	""5mg + 20mg""	""Oral tablet""	""Oral""	""Angiotensin-II Receptor Antagonists/Calcium-Channel Blockers""	""Amlodipine/Olmesartan""",
"""68161""",UNKNOWN,true,"0	""Doxazosin 4mg tablets (Mawdsley-Brooks & Company Ltd)""	""Doxazosin""	""4mg""	""Oral tablet""	""Oral""	""Alpha-Adrenoceptor Blockers/Alpha-Blockers (In Urinary Retention)""	""Doxazosin""",
"""16038""",UNKNOWN,true,"44851	""Dilzem SR 120 capsules (Teva UK Ltd)""	""Diltiazem""	""120mg""	""Modified-release capsule""	""Oral""	""Calcium-Channel Blockers""	""Diltiazem""",
"""15730""",UNKNOWN,true,"1328	""Totamol 100mg Tablet (C P Pharmaceuticals Ltd)""	""Atenolol""	""100mg""	""Oral tablet""	""Oral""	""Beta-Adrenoceptor Blockers""	""Atenolol""",
"""48098""",UNKNOWN,true,"0	""Perindopril arginine 4mg with Indapamide 1.25mg tablet""	""Indapamide/Perindopril""	""4mg + 1.25mg""	""Tablets""	""Oral""	""Thiazides And Related Diuretics/Angiotensin-Converting Enzyme Inhibitors (ACE Inhibitors)""	""Indapamide/Perindopril""",
"""78296""",UNKNOWN,true,"0	""Valsartan 160mg capsules (Sigma Pharmaceuticals Plc)""	""Valsartan""	""160mg""	""Oral capsule""	""Oral""	""Angiotensin-II Receptor Antagonists""	""Valsartan""",
"""90671""",UNKNOWN,true,"15	""Enalapril 20mg tablets (Zanza Specials International Ltd)""	""Enalapril""	""20mg""	""Oral tablet""	""Oral""	""Angiotensin-Converting Enzyme Inhibitors (ACE Inhibitors)""	""Enalapril""",
"""34342""",UNKNOWN,true,"259	""Doxazosin 1mg tablets (Teva UK Ltd)""	""Doxazosin""	""1mg""	""Oral tablet""	""Oral""	""Alpha-Adrenoceptor Blockers/Alpha-Blockers (In Urinary Retention)""	""Doxazosin""",
"""91536""",UNKNOWN,true,"2	""Urospir 50mg/5ml oral solution (Rosemont Pharmaceuticals Ltd)""	""Spironolactone""	""10mg/1ml""	""Oral solution""	""Oral""	""Potassium-Sparing Diuretics And Aldosterone Antagonists""	""Spironolactone""",
"""76547""",UNKNOWN,true,"0	""Verapamil 80mg tablets (Waymade Healthcare Plc)""	""Verapamil""	""80mg""	""Oral tablet""	""Oral""	""Calcium-Channel Blockers""	""Verapamil""",
"""5054""",UNKNOWN,true,"57785	""Angitil SR 180 capsules (Ethypharm UK Ltd)""	""Diltiazem""	""180mg""	""Modified-release capsule""	""Oral""	""Calcium-Channel Blockers""	""Diltiazem""",
"""69206""",UNKNOWN,true,"39	""Felodipine 2.5mg/5ml oral solution""	""Felodipine""	""500microgram/1ml""	""Oral solution""	""Oral""	""Calcium-Channel Blockers""	""Felodipine""",
"""54799""",UNKNOWN,true,"1	""Tildiem LA 300 capsules (Mawdsley-Brooks & Company Ltd)""	""Diltiazem""	""300mg""	""Modified-release capsule""	""Oral""	""Calcium-Channel Blockers""	""Diltiazem""",
"""755""",UNKNOWN,true,"188639	""Cardura XL 4mg tablets (Viatris UK Healthcare Ltd)""	""Doxazosin""	""4mg""	""Modified-release tablet""	""Oral""	""Alpha-Adrenoceptor Blockers/Alpha-Blockers (In Urinary Retention)""	""Doxazosin""",
"""21346""",UNKNOWN,true,"1490	""Hydromet Tablet (MSD Thomas Morson Pharmaceuticals)""	""Hydrochlorothiazide/Methyldopa""	NA	""Tablet""	""Oral""	""Centrally Acting Antihypertensive Products""	""Hydrochlorothiazide/Methyldopa""",
"""78169""",UNKNOWN,true,"28	""Ramipril 10mg tablets (IVAX Pharmaceuticals UK Ltd)""	""Ramipril""	""10mg""	""Oral tablet""	""Oral""	""Angiotensin-Converting Enzyme Inhibitors (ACE Inhibitors)""	""Ramipril""",
"""90423""",UNKNOWN,true,"1	""Selexipag 400microgram tablets""	""Selexipag""	""400microgram""	""Oral tablet""	""Oral""	""Vasodilator Antihypertensive Products""	""Selexipag""",
"""8071""",UNKNOWN,true,"73972	""Betaloc 50mg tablets (AstraZeneca UK Ltd)""	""Metoprolol""	""50mg""	""Oral tablet""	""Oral""	""Beta-Adrenoceptor Blockers/Prophylaxis Of Migraine""	""Metoprolol""",
"""193""",UNKNOWN,true,"851683	""Co-amilofruse 2.5mg/20mg tablets""	""Amiloride""	""2.5mg + 20mg""	""Oral tablet""	""Oral""	""Potassium-Sparing Diuretics With Other Diuretics""	""Amiloride""",
"""57240""",UNKNOWN,true,"1	""Metoprolol 50mg/5ml oral suspension (Special Order)""	""Metoprolol""	""10mg/1ml""	""Oral suspension""	""Oral""	""Beta-Adrenoceptor Blockers/Prophylaxis Of Migraine""	""Metoprolol""",
"""46445""",UNKNOWN,true,"686	""Nifedipine 10mg capsules (IVAX Pharmaceuticals UK Ltd)""	""Nifedipine""	""10mg""	""Oral capsule""	""Oral""	""Calcium-Channel Blockers""	""Nifedipine""",
"""8863""",UNKNOWN,true,"72	""Hypovase benign prostatic hyperplasia 1mg Tablet (Pfizer Ltd)""	""Prazosin""	""1mg""	""Oral tablet""	""Oral""	""Alpha-Adrenoceptor Blockers/Alpha-Blockers (In Urinary Retention)""	""Prazosin""",
"""86717""",UNKNOWN,true,"57	""Chlorothiazide 300mg/5ml oral solution""	""Chlorothiazide""	""60mg/1ml""	""Oral solution""	""Oral""	""Thiazides And Related Diuretics""	""Chlorothiazide""",
"""77613""",UNKNOWN,true,"25	""Atenolol 25mg/5ml oral suspension""	""Atenolol""	""5mg/1ml""	""Oral suspension""	""Oral""	""Beta-Adrenoceptor Blockers""	""Atenolol""",
"""39147""",UNKNOWN,true,"2288	""Carace 20 Plus tablets (Organon Pharma (UK) Ltd)""	""Hydrochlorothiazide/Lisinopril""	""20mg + 12.5mg""	""Oral tablet""	""Oral""	""Thiazides And Related Diuretics/Angiotensin-Converting Enzyme Inhibitors (ACE Inhibitors)""	""Hydrochlorothiazide/Lisinopril""",
"""1748""",UNKNOWN,true,"10056	""Cordilox 120mg tablets (IVAX Pharmaceuticals UK Ltd)""	""Verapamil""	""120mg""	""Oral tablet""	""Oral""	""Calcium-Channel Blockers""	""Verapamil""",
"""82465""",UNKNOWN,true,"0	""Ganfort 0.3mg/ml / 5mg/ml eye drops (DE Pharmaceuticals)""	""Timolol""	""300microgram/1ml + 5mg/1ml""	""Eye drops""	""Ocular""	""Prostaglandin Analogues (In Glaucoma)""	""Timolol""",
"""14870""",UNKNOWN,true,"33431	""Telmisartan 40mg / Hydrochlorothiazide 12.5mg tablets""	""Hydrochlorothiazide/Telmisartan""	""40mg + 12.5mg""	""Oral tablet""	""Oral""	""Angiotensin-II Receptor Antagonists With Diuretic""	""Hydrochlorothiazide/Telmisartan""",
"""78488""",UNKNOWN,true,"1	""Bendroflumethiazide 5mg/5ml oral suspension""	""Bendroflumethiazide""	""1mg/1ml""	""Oral suspension""	""Oral""	""Thiazides And Related Diuretics""	""Bendroflumethiazide""",
"""5477""",UNKNOWN,true,"34800	""Nicardipine 30mg modified-release capsules""	""Nicardipine""	""30mg""	""Modified-release capsule""	""Oral""	""Calcium-Channel Blockers""	""Nicardipine""",
"""78152""",UNKNOWN,true,"777	""Verapamil 120mg tablets (IVAX Pharmaceuticals UK Ltd)""	""Verapamil""	""120mg""	""Oral tablet""	""Oral""	""Calcium-Channel Blockers""	""Verapamil""",
"""11394""",UNKNOWN,true,"5592	""Baratol 25mg Tablet (Shire Pharmaceuticals Ltd)""	""Indoramin""	""25mg""	""Oral tablet""	""Oral""	""Alpha-Adrenoceptor Blockers/Alpha-Blockers (In Urinary Retention)""	""Indoramin""",
"""49636""",UNKNOWN,true,"0	""Amlodipine 10mg tablets (DE Pharmaceuticals)""	""Amlodipine""	""10mg""	""Oral tablet""	""Oral""	""Calcium-Channel Blockers""	""Amlodipine""",
"""11133""",UNKNOWN,true,"3363	""Hydrochlorothiazide with captopril 25mg with 50mg Tablet""	""Captopril/Hydrochlorothiazide""	""25mg + 50mg""	""Tablet""	""Oral""	""Thiazides And Related Diuretics/Angiotensin-Converting Enzyme Inhibitors (ACE Inhibitors)""	""Captopril/Hydrochlorothiazide""",
"""46365""",UNKNOWN,true,"5	""Quinil 20mg tablets (Tillomed Laboratories Ltd)""	""Quinapril""	""20mg""	""Oral tablet""	""Oral""	""Angiotensin-Converting Enzyme Inhibitors (ACE Inhibitors)""	""Quinapril""",
"""41639""",UNKNOWN,true,"307	""Hydralazine 50mg tablets (Accord-UK Ltd)""	""Hydralazine""	""50mg""	""Oral tablet""	""Oral""	""Vasodilator Antihypertensive Products""	""Hydralazine""",
"""65642""",UNKNOWN,true,"84	""Boots Hair Loss Treatment Regular Strength 2% solution (The Boots Company Plc)""	""Minoxidil""	""20mg/1ml""	""Cutaneous solution""	""Cutaneous""	""Androgenetic Alopecia""	""Minoxidil""",
"""9948""",UNKNOWN,true,"93838	""Trandolapril 4mg capsules""	""Trandolapril""	""4mg""	""Oral capsule""	""Oral""	""Angiotensin-Converting Enzyme Inhibitors (ACE Inhibitors)""	""Trandolapril""",
"""64359""",UNKNOWN,true,"0	""Candesartan 4mg tablets (DE Pharmaceuticals)""	""Candesartan""	""4mg""	""Oral tablet""	""Oral""	""Angiotensin-II Receptor Antagonists""	""Candesartan""",
"""41586""",UNKNOWN,true,"26	""Verapamil 80mg tablets (Accord-UK Ltd)""	""Verapamil""	""80mg""	""Oral tablet""	""Oral""	""Calcium-Channel Blockers""	""Verapamil""",
"""71792""",UNKNOWN,true,"1470	""Eylamdo 20mg/ml / 5mg/ml eye drops (Aspire Pharma Ltd)""	""Timolol""	""5mg/1ml + 20mg/1ml""	""Eye drops""	""Ocular""	""Carbonic Anhydrase Inhibitors And Systemic Drugs (In Glaucoma)""	""Timolol""",
"""88509""",UNKNOWN,true,"0	""Candesartan 4mg tablets (Medihealth (Northern) Ltd)""	""Candesartan""	""4mg""	""Oral tablet""	""Oral""	""Angiotensin-II Receptor Antagonists""	""Candesartan""",
"""28177""",UNKNOWN,true,"716	""Hydrochlorothiazide with atenolol and amiloride Capsule""	""Hydrochlorothiazide/Amiloride/Atenolol""	NA	""Capsule""	""Oral""	""Thiazides And Related Diuretics/Beta-Adrenoceptor Blockers""	""Hydrochlorothiazide/Amiloride/Atenolol""",
"""17586""",UNKNOWN,true,"59856	""Slozem 300mg capsules (Zentiva Pharma UK Ltd)""	""Diltiazem""	""300mg""	""Modified-release capsule""	""Oral""	""Calcium-Channel Blockers""	""Diltiazem""",
"""56469""",UNKNOWN,true,"1737	""Adalat LA 60 tablets (Necessity Supplies Ltd)""	""Nifedipine""	""60mg""	""Modified-release tablet""	""Oral""	""Calcium-Channel Blockers""	""Nifedipine""",
"""43012""",UNKNOWN,true,"9	""Perindopril erbumine oral solution""	""Perindopril""	NA	""Oral Liquid""	""Oral""	""Angiotensin-Converting Enzyme Inhibitors (ACE Inhibitors)""	""Perindopril""",
"""50347""",UNKNOWN,true,"0	""Coversyl Arginine 5mg tablets (Waymade Healthcare Plc)""	""Perindopril""	""5mg""	""Oral tablet""	""Oral""	""Angiotensin-Converting Enzyme Inhibitors (ACE Inhibitors)""	""Perindopril""",
"""27890""",UNKNOWN,true,"1	""ENALAPRIL MALEATE""	""Enalapril""	NA	NA	NA	""Unknown""	""Enalapril""",
"""43394""",UNKNOWN,true,"6	""Pinefeld XL 10mg tablets (Tillomed Laboratories Ltd)""	""Felodipine""	""10mg""	""Modified-release tablet""	""Oral""	""Calcium-Channel Blockers""	""Felodipine""",
"""6359""",UNKNOWN,true,"32817	""Zestoretic 10- 10mg+12.5mg Tablet (AstraZeneca UK Ltd)""	""Hydrochlorothiazide/Lisinopril""	""10mg + 12.5mg""	""Oral tablet""	""Oral""	""Thiazides And Related Diuretics/Angiotensin-Converting Enzyme Inhibitors (ACE Inhibitors)""	""Hydrochlorothiazide/Lisinopril""",
"""89487""",UNKNOWN,true,"2	""Methyldopa 250mg tablets (Sigma Pharmaceuticals Plc)""	""Methyldopa""	""250mg""	""Oral tablet""	""Oral""	""Centrally Acting Antihypertensive Products""	""Methyldopa""",
"""46363""",UNKNOWN,true,"882	""Half Beta-Prograne 80mg modified-release capsules (Teva UK Ltd)""	""Propranolol""	""80mg""	""Modified-release capsule""	""Oral""	""Beta-Adrenoceptor Blockers/Prophylaxis Of Migraine/Drugs For Essential Tremor, Chorea, Tics, And Related Disorders/Antithyroid Products""	""Propranolol""",
"""1296""",UNKNOWN,true,"132416	""Hydralazine 50mg tablets""	""Hydralazine""	""50mg""	""Oral tablet""	""Oral""	""Vasodilator Antihypertensive Products""	""Hydralazine""",
"""60067""",UNKNOWN,true,"153	""Perindopril erbumine 4mg / Amlodipine 5mg tablets""	""Amlodipine/Perindopril""	""4mg + 5mg""	""Oral tablet""	""Oral""	""Angiotensin-Converting Enzyme Inhibitors (ACE Inhibitors)/Calcium-Channel Blockers""	""Amlodipine/Perindopril""",
"""64890""",UNKNOWN,true,"0	""Diltiazem cream""	""Diltiazem""	NA	NA	NA	""Anal Fissure Management""	""Diltiazem""",
"""41679""",UNKNOWN,true,"32	""Verapamil 80mg tablets (IVAX Pharmaceuticals UK Ltd)""	""Verapamil""	""80mg""	""Oral tablet""	""Oral""	""Calcium-Channel Blockers""	""Verapamil""",
"""49338""",UNKNOWN,true,"594	""Nifedipine 20mg modified-release tablets (Alliance Healthcare (Distribution) Ltd)""	""Nifedipine""	""20mg""	""Modified-release tablet""	""Oral""	""Calcium-Channel Blockers""	""Nifedipine""",
"""17252""",UNKNOWN,true,"495	""Esidrex 25mg Tablet (Novartis Pharmaceuticals UK Ltd)""	""Hydrochlorothiazide""	""25mg""	""Oral tablet""	""Oral""	""Thiazides And Related Diuretics""	""Hydrochlorothiazide""",
"""41861""",UNKNOWN,true,"261	""Tensaid XL 1.5mg tablets (Viatris UK Healthcare Ltd)""	""Indapamide""	""1.5mg""	""Modified-release tablet""	""Oral""	""Thiazides And Related Diuretics""	""Indapamide""",
"""708""",UNKNOWN,true,"846464	""Spironolactone 50mg tablets""	""Spironolactone""	""50mg""	""Oral tablet""	""Oral""	""Potassium-Sparing Diuretics And Aldosterone Antagonists""	""Spironolactone""",
"""91171""",UNKNOWN,true,"0	""Losartan 50mg tablets (Milpharm Ltd)""	""Losartan""	""50mg""	""Oral tablet""	""Oral""	""Angiotensin-II Receptor Antagonists""	""Losartan""",
"""84351""",UNKNOWN,true,"451	""Chlortalidone 12.5mg tablets""	""Chlortalidone""	""12.5mg""	""Oral tablet""	""Oral""	""Thiazides And Related Diuretics""	""Chlortalidone""",
"""52555""",UNKNOWN,true,"318	""Clonidine 50micrograms/5ml oral solution""	""Clonidine""	""10microgram/1ml""	""Oral solution""	""Oral""	""Centrally Acting Antihypertensive Products/Prophylaxis Of Migraine/Oestrogens And HRT""	""Clonidine""",
"""2362""",UNKNOWN,true,"59165	""Apresoline 25mg tablets (Advanz Pharma)""	""Hydralazine""	""25mg""	""Oral tablet""	""Oral""	""Vasodilator Antihypertensive Products""	""Hydralazine""",
"""83486""",UNKNOWN,true,"0	""Indoramin 25mg tablets (Advanz Pharma)""	""Indoramin""	""25mg""	""Oral tablet""	""Oral""	""Alpha-Adrenoceptor Blockers/Alpha-Blockers (In Urinary Retention)""	""Indoramin""",
"""4155""",UNKNOWN,true,"11108	""Amias 2mg tablets (Neon Healthcare Ltd)""	""Candesartan""	""2mg""	""Oral tablet""	""Oral""	""Angiotensin-II Receptor Antagonists""	""Candesartan""",
"""3069""",UNKNOWN,true,"19271	""Acepril 25mg tablets (Bristol-Myers Squibb Pharmaceuticals Ltd)""	""Captopril""	""25mg""	""Oral tablet""	""Oral""	""Angiotensin-Converting Enzyme Inhibitors (ACE Inhibitors)""	""Captopril""",
"""79115""",UNKNOWN,true,"7	""Propranolol 10mg/5ml oral solution""	""Propranolol""	""2mg/1ml""	""Oral solution""	""Oral""	""Beta-Adrenoceptor Blockers/Prophylaxis Of Migraine/Drugs For Essential Tremor, Chorea, Tics, And Related Disorders/Antithyroid Products""	""Propranolol""",
"""65443""",UNKNOWN,true,"5	""Ramipril 1.25mg Tablet (Sovereign Medical Ltd)""	""Ramipril""	""1.25mg""	""Oral tablet""	""Oral""	""Angiotensin-Converting Enzyme Inhibitors (ACE Inhibitors)""	""Ramipril""",
"""33646""",UNKNOWN,true,"9	""Captopril 12.5mg Tablet (Generics (UK) Ltd)""	""Captopril""	""12.5mg""	""Oral tablet""	""Oral""	""Angiotensin-Converting Enzyme Inhibitors (ACE Inhibitors)""	""Captopril""",
"""83888""",UNKNOWN,true,"0	""Losartan 50mg tablets (Relonchem Ltd)""	""Losartan""	""50mg""	""Oral tablet""	""Oral""	""Angiotensin-II Receptor Antagonists""	""Losartan""",
"""47870""",UNKNOWN,true,"3	""Atenolol 25mg tablets (Almus Pharmaceuticals Ltd)""	""Atenolol""	""25mg""	""Oral tablet""	""Oral""	""Beta-Adrenoceptor Blockers""	""Atenolol""",
"""82505""",UNKNOWN,true,"48	""Capozide 25mg/50mg tablets (Waymade Healthcare Plc)""	""Captopril/Hydrochlorothiazide""	""25mg + 50mg""	""Oral tablet""	""Oral""	""Angiotensin-Converting Enzyme Inhibitors (ACE Inhibitors)""	""Captopril/Hydrochlorothiazide""",
"""91303""",UNKNOWN,true,"0	""Adempas 1mg tablets (Merck Sharp & Dohme (UK) Ltd)""	""Riociguat""	""1mg""	""Oral tablet""	""Oral""	""Vasodilator Antihypertensive Products""	""Riociguat""",
"""58407""",UNKNOWN,true,"622	""Propranolol 80mg tablets (Teva UK Ltd)""	""Propranolol""	""80mg""	""Oral tablet""	""Oral""	""Beta-Adrenoceptor Blockers/Prophylaxis Of Migraine/Drugs For Essential Tremor, Chorea, Tics, And Related Disorders/Antithyroid Products""	""Propranolol""",
"""91107""",UNKNOWN,true,"54	""Spironolactone 25mg/5ml oral solution sugar free""	""Spironolactone""	""5mg/1ml""	""Oral solution""	""Oral""	""Potassium-Sparing Diuretics And Aldosterone Antagonists""	""Spironolactone""",
"""72227""",UNKNOWN,true,"160	""Dixarit 25microgram tablets (DE Pharmaceuticals)""	""Clonidine""	""25microgram""	""Oral tablet""	""Oral""	""Prophylaxis Of Migraine/Oestrogens And HRT""	""Clonidine""",
"""51714""",UNKNOWN,true,"0	""Ramipril 2.5mg capsules (Alliance Healthcare (Distribution) Ltd)""	""Ramipril""	""2.5mg""	""Oral capsule""	""Oral""	""Angiotensin-Converting Enzyme Inhibitors (ACE Inhibitors)""	""Ramipril""",
"""59585""",UNKNOWN,true,"1	""Uard 120XL capsules (Ennogen Healthcare Ltd)""	""Diltiazem""	""120mg""	""Modified-release capsule""	""Oral""	""Calcium-Channel Blockers""	""Diltiazem""",
"""19195""",UNKNOWN,true,"37	""Spironolactone 50mg Tablet (Wyeth Pharmaceuticals)""	""Spironolactone""	""50mg""	""Oral tablet""	""Oral""	""Potassium-Sparing Diuretics And Aldosterone Antagonists""	""Spironolactone""",
"""59086""",UNKNOWN,true,"0	""Losartan 25mg tablets (Wockhardt UK Ltd)""	""Losartan""	""25mg""	""Oral tablet""	""Oral""	""Angiotensin-II Receptor Antagonists""	""Losartan""",
"""65986""",UNKNOWN,true,"3	""Propranolol 10mg tablets (Alliance Healthcare (Distribution) Ltd)""	""Propranolol""	""10mg""	""Oral tablet""	""Oral""	""Beta-Adrenoceptor Blockers/Prophylaxis Of Migraine/Drugs For Essential Tremor, Chorea, Tics, And Related Disorders/Antithyroid Products""	""Propranolol""",
"""51186""",UNKNOWN,true,"0	""Losartan 25mg tablets (Arrow Generics Ltd)""	""Losartan""	""25mg""	""Oral tablet""	""Oral""	""Angiotensin-II Receptor Antagonists""	""Losartan""",
"""90049""",UNKNOWN,true,"8	""Glaucopt 20mg/ml / 5mg/ml eye drops 0.166ml unit dose preservative free (Visufarma UK Ltd)""	""Timolol""	""5mg/1ml + 20mg/1ml""	""Eye drops""	""Ocular""	""Beta-Blockers (In Glaucoma)/Carbonic Anhydrase Inhibitors And Systemic Drugs (In Glaucoma)""	""Timolol""",
"""73441""",UNKNOWN,true,"3	""Chlorothiazide 200mg/5ml oral solution""	""Chlorothiazide""	""40mg/1ml""	""Oral solution""	""Oral""	""Thiazides And Related Diuretics""	""Chlorothiazide""",
"""63824""",UNKNOWN,true,"39	""Lisinopril 10mg/5ml oral suspension""	""Lisinopril""	""2mg/1ml""	""Oral suspension""	""Oral""	""Angiotensin-Converting Enzyme Inhibitors (ACE Inhibitors)""	""Lisinopril""",
"""28820""",UNKNOWN,true,"2	""Captomex 25mg tablets (Actavis UK Ltd)""	""Captopril""	""25mg""	""Oral tablet""	""Oral""	""Angiotensin-Converting Enzyme Inhibitors (ACE Inhibitors)""	""Captopril""",
"""24191""",UNKNOWN,true,"13327	""Antipressan 50mg tablets (Teva UK Ltd)""	""Atenolol""	""50mg""	""Oral tablet""	""Oral""	""Beta-Adrenoceptor Blockers""	""Atenolol""",
"""84650""",UNKNOWN,true,"14	""Dexipress MR 20mg tablets (Dexcel-Pharma Ltd)""	""Nifedipine""	""20mg""	""Modified-release tablet""	""Oral""	""Calcium-Channel Blockers""	""Nifedipine""",
"""3929""",UNKNOWN,true,"126237	""Quinapril 10mg tablets""	""Quinapril""	""10mg""	""Oral tablet""	""Oral""	""Angiotensin-Converting Enzyme Inhibitors (ACE Inhibitors)""	""Quinapril""",
"""63442""",UNKNOWN,true,"0	""Ramipril 2.5mg tablets (Teva UK Ltd)""	""Ramipril""	""2.5mg""	""Oral tablet""	""Oral""	""Angiotensin-Converting Enzyme Inhibitors (ACE Inhibitors)""	""Ramipril""",
"""9653""",UNKNOWN,true,"90635	""Timolol 0.25% eye gel""	""Timolol""	""2.5mg/1ml""	""Eye gel""	""Ocular""	""Beta-Blockers (In Glaucoma)""	""Timolol""",
"""63030""",UNKNOWN,true,"0	""Lisinopril 10mg tablets (DE Pharmaceuticals)""	""Lisinopril""	""10mg""	""Oral tablet""	""Oral""	""Angiotensin-Converting Enzyme Inhibitors (ACE Inhibitors)""	""Lisinopril""",
"""18219""",UNKNOWN,true,"16578	""Imidapril 20mg tablets""	""Imidapril""	""20mg""	""Oral tablet""	""Oral""	""Angiotensin-Converting Enzyme Inhibitors (ACE Inhibitors)""	""Imidapril""",
"""26238""",UNKNOWN,true,"227	""Alphavase 1 tablets (Ashbourne Pharmaceuticals Ltd)""	""Prazosin""	""1mg""	""Oral tablet""	""Oral""	""Alpha-Adrenoceptor Blockers/Alpha-Blockers (In Urinary Retention)""	""Prazosin""",
"""79699""",UNKNOWN,true,"1	""Amlodipine 1.5mg/5ml oral suspension""	""Amlodipine""	""300microgram/1ml""	""Oral suspension""	""Oral""	""Calcium-Channel Blockers""	""Amlodipine""",
"""71068""",UNKNOWN,true,"0	""Ramipril 2.5mg tablets (APC Pharmaceuticals & Chemicals (Europe) Ltd)""	""Ramipril""	""2.5mg""	""Oral tablet""	""Oral""	""Angiotensin-Converting Enzyme Inhibitors (ACE Inhibitors)""	""Ramipril""",
"""56104""",UNKNOWN,true,"6	""Losartan 50mg tablets (A A H Pharmaceuticals Ltd)""	""Losartan""	""50mg""	""Oral tablet""	""Oral""	""Angiotensin-II Receptor Antagonists""	""Losartan""",
"""70632""",UNKNOWN,true,"1869	""Timolol 2.5mg/ml eye drops preservative free""	""Timolol""	""2.5mg/1ml""	""Eye drops""	""Ocular""	""Beta-Blockers (In Glaucoma)""	""Timolol""",
"""78162""",UNKNOWN,true,"168	""Methyldopa 125mg tablets (Accord-UK Ltd)""	""Methyldopa""	""125mg""	""Oral tablet""	""Oral""	""Centrally Acting Antihypertensive Products""	""Methyldopa""",
"""49863""",UNKNOWN,true,"8748	""Propranolol 5mg/5ml oral solution sugar free""	""Propranolol""	""1mg/1ml""	""Oral solution""	""Oral""	""Beta-Adrenoceptor Blockers/Prophylaxis Of Migraine/Drugs For Essential Tremor, Chorea, Tics, And Related Disorders/Antithyroid Products""	""Propranolol""",
"""85100""",UNKNOWN,true,"46	""Chlortalidone 50mg tablets (Sovereign Medical Ltd)""	""Chlortalidone""	""50mg""	""Oral tablet""	""Oral""	""Thiazides And Related Diuretics""	""Chlortalidone""",
"""35693""",UNKNOWN,true,"31	""Regaine for Men 2% gel (McNeil Products Ltd)""	""Minoxidil""	""20mg/1gram""	""Cutaneous gel""	""Cutaneous""	""Vasodilator Antihypertensive Products/Androgenetic Alopecia""	""Minoxidil""",
"""77831""",UNKNOWN,true,"0	""Enalapril 500micrograms/5ml oral solution""	""Enalapril""	""100microgram/1ml""	""Oral solution""	""Oral""	""Angiotensin-Converting Enzyme Inhibitors (ACE Inhibitors)""	""Enalapril""",
"""8058""",UNKNOWN,true,"3415	""Normetic Tablet (Abbott Laboratories Ltd)""	""Hydrochlorothiazide/Amiloride""	""50mg + 5mg""	""Oral tablet""	""Oral""	""Thiazides And Related Diuretics/Potassium-Sparing Diuretics With Other Diuretics""	""Hydrochlorothiazide/Amiloride""",
"""28688""",UNKNOWN,true,"4788	""Nifedipine 10mg modified-release tablets (A A H Pharmaceuticals Ltd)""	""Nifedipine""	""10mg""	""Modified-release tablet""	""Oral""	""Calcium-Channel Blockers""	""Nifedipine""",
"""77046""",UNKNOWN,true,"10	""Captopril 3mg oral powder sachets""	""Captopril""	""3mg""	""Oral powder""	""Oral""	""Angiotensin-Converting Enzyme Inhibitors (ACE Inhibitors)""	""Captopril""",
"""73640""",UNKNOWN,true,"0	""Methyldopa 250mg tablets (Sandoz Ltd)""	""Methyldopa""	""250mg""	""Oral tablet""	""Oral""	""Centrally Acting Antihypertensive Products""	""Methyldopa""",
"""40633""",UNKNOWN,true,"14	""Vascalpha 5mg modified-release tablets (Almus Pharmaceuticals Ltd)""	""Felodipine""	""5mg""	""Modified-release tablet""	""Oral""	""Calcium-Channel Blockers""	""Felodipine""",
"""4923""",UNKNOWN,true,"61831	""Diltiazem 24hr 180mg modified-release capsules""	""Diltiazem""	""180mg""	""24 Hour Modified Release Capsules""	""Oral""	""Calcium-Channel Blockers""	""Diltiazem""",
"""45292""",UNKNOWN,true,"8	""Nicardipine 30mg capsules (A A H Pharmaceuticals Ltd)""	""Nicardipine""	""30mg""	""Oral capsule""	""Oral""	""Calcium-Channel Blockers""	""Nicardipine""",
"""87078""",UNKNOWN,true,"0	""Perindopril erbumine 2mg tablets (Phoenix Healthcare Distribution Ltd)""	""Perindopril""	""2mg""	""Oral tablet""	""Oral""	""Angiotensin-Converting Enzyme Inhibitors (ACE Inhibitors)""	""Perindopril""",
"""1574""",UNKNOWN,true,"225808	""Verapamil 120mg modified-release capsules""	""Verapamil""	""120mg""	""Modified-release capsule""	""Oral""	""Calcium-Channel Blockers""	""Verapamil""",
"""37897""",UNKNOWN,true,"1896	""Felotens XL 2.5mg tablets (Thornton & Ross Ltd)""	""Felodipine""	""2.5mg""	""Modified-release tablet""	""Oral""	""Calcium-Channel Blockers""	""Felodipine""",
"""32267""",UNKNOWN,true,"81	""Diazoxide 300mg/20ml solution for injection ampoules""	""Diazoxide""	""15mg/1ml""	""Solution for injection""	""Intravenous""	""Unknown""	""Diazoxide""",
"""8891""",UNKNOWN,true,"19541	""Hygroton -k Tablet (Novartis Pharmaceuticals UK Ltd)""	""Chlortalidone""	NA	""Tablet""	""Oral""	""Thiazides And Related Diuretics""	""Chlortalidone""",
"""71871""",UNKNOWN,true,"2	""Chlorothiazide 60mg/5ml oral suspension""	""Chlorothiazide""	""12mg/1ml""	""Oral suspension""	""Oral""	""Thiazides And Related Diuretics""	""Chlorothiazide""",
"""41489""",UNKNOWN,true,"815	""Bi-Carzem SR 120mg capsules (Tillomed Laboratories Ltd)""	""Diltiazem""	""120mg""	""Modified-release capsule""	""Oral""	""Calcium-Channel Blockers""	""Diltiazem""",
"""71344""",UNKNOWN,true,"2681	""Amlodipine 5mg tablets (Waymade Healthcare Plc)""	""Amlodipine""	""5mg""	""Oral tablet""	""Oral""	""Calcium-Channel Blockers""	""Amlodipine""",
"""35256""",UNKNOWN,true,"71367	""Dorzolamide 20mg/ml / Timolol 5mg/ml eye drops 0.2ml unit dose preservative free""	""Timolol""	""5mg/1ml + 20mg/1ml""	""Eye drops""	""Ocular""	""Beta-Blockers (In Glaucoma)/Carbonic Anhydrase Inhibitors And Systemic Drugs (In Glaucoma)""	""Timolol""",
"""16850""",UNKNOWN,true,"1875	""Angiozem CR 120mg tablets (Ashbourne Pharmaceuticals Ltd)""	""Diltiazem""	""120mg""	""Modified-release tablet""	""Oral""	""Calcium-Channel Blockers""	""Diltiazem""",
"""54633""",UNKNOWN,true,"4422	""Amlodipine 5mg tablets (Bristol Laboratories Ltd)""	""Amlodipine""	""5mg""	""Oral tablet""	""Oral""	""Calcium-Channel Blockers""	""Amlodipine""",
"""73612""",UNKNOWN,true,"0	""Amlodipine 5mg/5ml oral solution sugar free (DE Pharmaceuticals)""	""Amlodipine""	""1mg/1ml""	""Oral solution""	""Oral""	""Calcium-Channel Blockers""	""Amlodipine""",
"""13127""",UNKNOWN,true,"72305	""Dilzem XL 240 capsules (Teva UK Ltd)""	""Diltiazem""	""240mg""	""Modified-release capsule""	""Oral""	""Calcium-Channel Blockers""	""Diltiazem""",
"""1297""",UNKNOWN,true,"86465	""Aldactide 50 tablets (Pfizer Ltd)""	""Spironolactone""	""50mg + 50mg""	""Oral tablet""	""Oral""	""Potassium-Sparing Diuretics With Other Diuretics""	""Spironolactone""",
"""28157""",UNKNOWN,true,"18	""Kalspare ls Tablet (Dominion Pharma)""	""Chlortalidone/Triamterene""	NA	""Tablet""	""Oral""	""Thiazides And Related Diuretics/Potassium-Sparing Diuretics With Other Diuretics""	""Chlortalidone/Triamterene""",
"""23746""",UNKNOWN,true,"6	""HYDRALAZINE HCl 10 MG TAB""	""Hydralazine""	NA	""Tablet""	""Oral""	""Unknown""	""Hydralazine""",
"""2971""",UNKNOWN,true,"1836201	""Irbesartan 300mg tablets""	""Irbesartan""	""300mg""	""Oral tablet""	""Oral""	""Angiotensin-II Receptor Antagonists""	""Irbesartan""",
"""11777""",UNKNOWN,true,"4614	""Verapamil 40mg/5ml oral solution sugar free""	""Verapamil""	""8mg/1ml""	""Oral solution""	""Oral""	""Calcium-Channel Blockers""	""Verapamil""",
"""45916""",UNKNOWN,true,"1	""Hydroflumethiazide with spironolactone 50mg+50mg Tablet""	""Spironolactone""	""50mg+50mg""	""Tablet""	""Oral""	""Thiazides And Related Diuretics/Potassium-Sparing Diuretics With Other Diuretics""	""Spironolactone""",
"""14478""",UNKNOWN,true,"15891	""Accupro 20mg tablets (Pfizer Ltd)""	""Quinapril""	""20mg""	""Oral tablet""	""Oral""	""Angiotensin-Converting Enzyme Inhibitors (ACE Inhibitors)""	""Quinapril""",
"""53220""",UNKNOWN,true,"443	""Sevikar HCT 40mg/10mg/25mg tablets (Daiichi Sankyo UK Ltd)""	""Amlodipine/Hydrochlorothiazide/Olmesartan""	""10mg + 25mg + 40mg""	""Oral tablet""	""Oral""	""Angiotensin-II Receptor Antagonists""	""Amlodipine/Hydrochlorothiazide/Olmesartan""",
"""82036""",UNKNOWN,true,"0	""Lisinopril 10mg / Hydrochlorothiazide 12.5mg tablets (A A H Pharmaceuticals Ltd)""	""Hydrochlorothiazide/Lisinopril""	""10mg + 12.5mg""	""Oral tablet""	""Oral""	""Thiazides And Related Diuretics/Angiotensin-Converting Enzyme Inhibitors (ACE Inhibitors)""	""Hydrochlorothiazide/Lisinopril""",
"""45337""",UNKNOWN,true,"613	""Lisinopril 5mg tablets (Actavis UK Ltd)""	""Lisinopril""	""5mg""	""Oral tablet""	""Oral""	""Angiotensin-Converting Enzyme Inhibitors (ACE Inhibitors)""	""Lisinopril""",
"""211""",UNKNOWN,true,"1205738	""Frumil 40mg+5mg Tablet (Helios Healthcare Ltd)""	""Amiloride""	""5mg + 40mg""	""Oral tablet""	""Oral""	""Loop Diuretics/Potassium-Sparing Diuretics With Other Diuretics""	""Amiloride""",
"""60565""",UNKNOWN,true,"1	""Propranolol 40mg tablets (Sun Pharma UK Ltd)""	""Propranolol""	""40mg""	""Oral tablet""	""Oral""	""Beta-Adrenoceptor Blockers/Prophylaxis Of Migraine/Drugs For Essential Tremor, Chorea, Tics, And Related Disorders/Antithyroid Products""	""Propranolol""",
"""34528""",UNKNOWN,true,"48	""Ramipril 2.5mg capsules (A A H Pharmaceuticals Ltd)""	""Ramipril""	""2.5mg""	""Oral capsule""	""Oral""	""Angiotensin-Converting Enzyme Inhibitors (ACE Inhibitors)""	""Ramipril""",
"""83762""",UNKNOWN,true,"6	""Propranolol 10mg tablets (Phoenix Healthcare Distribution Ltd)""	""Propranolol""	""10mg""	""Oral tablet""	""Oral""	""Beta-Adrenoceptor Blockers/Prophylaxis Of Migraine/Drugs For Essential Tremor, Chorea, Tics, And Related Disorders/Antithyroid Products""	""Propranolol""",
"""40289""",UNKNOWN,true,"99516	""Brinzolamide 10mg/ml / Timolol 5mg/ml eye drops""	""Timolol""	""5mg/1ml + 10mg/1ml""	""Eye drops""	""Ocular""	""Carbonic Anhydrase Inhibitors And Systemic Drugs (In Glaucoma)""	""Timolol""",
"""76479""",UNKNOWN,true,"0	""Moxonidine 400microgram tablets (A A H Pharmaceuticals Ltd)""	""Moxonidine""	""400microgram""	""Oral tablet""	""Oral""	""Centrally Acting Antihypertensive Products""	""Moxonidine""",
"""36740""",UNKNOWN,true,"136	""Slocinx XL 4mg tablets (Zentiva Pharma UK Ltd)""	""Doxazosin""	""4mg""	""Modified-release tablet""	""Oral""	""Alpha-Adrenoceptor Blockers/Alpha-Blockers (In Urinary Retention)""	""Doxazosin""",
"""21803""",UNKNOWN,true,"18706	""Berkozide 2.5mg Tablet (Berk Pharmaceuticals Ltd)""	""Bendroflumethiazide""	""2.5mg""	""Oral tablet""	""Oral""	""Thiazides And Related Diuretics""	""Bendroflumethiazide""",
"""47536""",UNKNOWN,true,"12	""Metoprolol tartrate 12.5mg/5ml Oral suspension""	""Metoprolol""	""12.5mg/5ml""	""Oral Suspension""	""Oral""	""Beta-Adrenoceptor Blockers""	""Metoprolol""",
"""13856""",UNKNOWN,true,"2000	""Verapress MR 240mg tablets (Actavis UK Ltd)""	""Verapamil""	""240mg""	""Modified-release tablet""	""Oral""	""Calcium-Channel Blockers""	""Verapamil""",
"""34884""",UNKNOWN,true,"26	""Propranolol 160mg Modified-release capsule (Sandoz Ltd)""	""Propranolol""	""160mg""	""Modified-release capsule""	""Oral""	""Beta-Adrenoceptor Blockers/Prophylaxis Of Migraine""	""Propranolol""",
"""81595""",UNKNOWN,true,"1	""Propranolol 16mg/5ml oral suspension""	""Propranolol""	""3.2mg/1ml""	""Oral suspension""	""Oral""	""Beta-Adrenoceptor Blockers/Prophylaxis Of Migraine/Drugs For Essential Tremor, Chorea, Tics, And Related Disorders/Antithyroid Products""	""Propranolol""",
"""23483""",UNKNOWN,true,"0	""HYDROCHLOROTHIAZIDE 12.5MG/K 8.1MMOL S/R""	""Hydrochlorothiazide""	NA	NA	NA	""Unknown""	""Hydrochlorothiazide""",
"""35329""",UNKNOWN,true,"13980	""Amlodipine 5mg / Valsartan 80mg tablets""	""Amlodipine/Valsartan""	""80mg + 5mg""	""Oral tablet""	""Oral""	""Angiotensin-II Receptor Antagonists/Calcium-Channel Blockers""	""Amlodipine/Valsartan""",
"""34715""",UNKNOWN,true,"153	""Doxazosin 1mg tablets (A A H Pharmaceuticals Ltd)""	""Doxazosin""	""1mg""	""Oral tablet""	""Oral""	""Alpha-Adrenoceptor Blockers/Alpha-Blockers (In Urinary Retention)""	""Doxazosin""",
"""41572""",UNKNOWN,true,"958	""Co-tenidone 100mg/25mg tablets (Teva UK Ltd)""	""Chlortalidone/Atenolol""	""100mg + 25mg""	""Oral tablet""	""Oral""	""Thiazides And Related Diuretics/Beta-Adrenoceptor Blockers""	""Chlortalidone/Atenolol""",
"""79068""",UNKNOWN,true,"2	""Diazoxide oral liquid""	""Diazoxide""	NA	""Oral solution""	""Oral""	""Treatment Of Hypoglycaemia""	""Diazoxide""",
"""10882""",UNKNOWN,true,"15484	""Carace 2.5mg tablets (Bristol-Myers Squibb Pharmaceuticals Ltd)""	""Lisinopril""	""2.5mg""	""Oral tablet""	""Oral""	""Angiotensin-Converting Enzyme Inhibitors (ACE Inhibitors)""	""Lisinopril""",
"""76567""",UNKNOWN,true,"1	""Ramipril 1.25mg tablets (Sigma Pharmaceuticals Plc)""	""Ramipril""	""1.25mg""	""Oral tablet""	""Oral""	""Angiotensin-Converting Enzyme Inhibitors (ACE Inhibitors)""	""Ramipril""",
"""34589""",UNKNOWN,true,"22	""Ramipril 5mg Capsule (Dexcel-Pharma Ltd)""	""Ramipril""	""5mg""	""Oral capsule""	""Oral""	""Angiotensin-Converting Enzyme Inhibitors (ACE Inhibitors)""	""Ramipril""",
"""69818""",UNKNOWN,true,"7	""Diltiazem 0.5% ointment""	""Diltiazem""	""5mg/1gram""	""Ointment""	""Route of administration not applicable""	""Local Products For Anal Or Rectal Problems/Calcium-Channel Blockers""	""Diltiazem""",
"""18379""",UNKNOWN,true,"2482	""Dilcardia SR 90mg capsules (Viatris UK Healthcare Ltd)""	""Diltiazem""	""90mg""	""Modified-release capsule""	""Oral""	""Calcium-Channel Blockers""	""Diltiazem""",
"""34601""",UNKNOWN,true,"250	""Doxazosin 1mg tablets (Viatris UK Healthcare Ltd)""	""Doxazosin""	""1mg""	""Oral tablet""	""Oral""	""Alpha-Adrenoceptor Blockers/Alpha-Blockers (In Urinary Retention)""	""Doxazosin""",
"""4034""",UNKNOWN,true,"3809	""Amiloride 5mg / hydrochlorothiazide 50mg/5ml solution""	""Hydrochlorothiazide/Amiloride""	""5mg + 50mg/5ml""	""Solution""	""Oral""	""Thiazides And Related Diuretics/Potassium-Sparing Diuretics With Other Diuretics""	""Hydrochlorothiazide/Amiloride""",
"""575""",UNKNOWN,true,"568584	""Valsartan 40mg capsules""	""Valsartan""	""40mg""	""Oral capsule""	""Oral""	""Angiotensin-II Receptor Antagonists""	""Valsartan""",
"""5047""",UNKNOWN,true,"305505	""Trandolapril 2mg capsules""	""Trandolapril""	""2mg""	""Oral capsule""	""Oral""	""Angiotensin-Converting Enzyme Inhibitors (ACE Inhibitors)""	""Trandolapril""",
"""46930""",UNKNOWN,true,"245	""Amiloride 5mg tablets (Wockhardt UK Ltd)""	""Amiloride""	""5mg""	""Oral tablet""	""Oral""	""Potassium-Sparing Diuretics And Aldosterone Antagonists""	""Amiloride""",
"""76070""",UNKNOWN,true,"0	""Candesartan 8mg tablets (Almus Pharmaceuticals Ltd)""	""Candesartan""	""8mg""	""Oral tablet""	""Oral""	""Angiotensin-II Receptor Antagonists""	""Candesartan""",
"""30293""",UNKNOWN,true,"6	""Catapres 150micrograms/1ml solution for injection ampoules (Glenwood GmbH)""	""Clonidine""	""150microgram/1ml""	""Solution for injection""	""Intravenous""	""Centrally Acting Antihypertensive Products""	""Clonidine""",
"""21502""",UNKNOWN,true,"68	""Serpasil 100microgram Tablet (Novartis Pharmaceuticals UK Ltd)""	""Reserpine""	""100microgram""	""Tablet""	""Oral""	""Centrally Acting Antihypertensive Products""	""Reserpine""",
"""46614""",UNKNOWN,true,"540	""Lopresor 50mg tablets (Recordati Pharmaceuticals Ltd)""	""Metoprolol""	""50mg""	""Oral tablet""	""Oral""	""Beta-Adrenoceptor Blockers/Prophylaxis Of Migraine""	""Metoprolol""",
"""34509""",UNKNOWN,true,"110	""Metoprolol 100mg tablets (Viatris UK Healthcare Ltd)""	""Metoprolol""	""100mg""	""Oral tablet""	""Oral""	""Beta-Adrenoceptor Blockers/Prophylaxis Of Migraine""	""Metoprolol""",
"""63309""",UNKNOWN,true,"7	""Spironolactone 6mg/5ml oral suspension""	""Spironolactone""	""1.2mg/1ml""	""Oral suspension""	""Oral""	""Potassium-Sparing Diuretics And Aldosterone Antagonists""	""Spironolactone""",
"""72488""",UNKNOWN,true,"1	""Diltiazem 300mg modified-release capsules (A A H Pharmaceuticals Ltd)""	""Diltiazem""	""300mg""	""Modified-release capsule""	""Oral""	""Calcium-Channel Blockers""	""Diltiazem""",
"""24893""",UNKNOWN,true,"29	""Amilospare Tablet (Ashbourne Pharmaceuticals Ltd)""	""Amiloride""	""5mg""	""Oral tablet""	""Oral""	""Potassium-Sparing Diuretics And Aldosterone Antagonists""	""Amiloride""",
"""54341""",UNKNOWN,true,"1	""Chlorothiazide 5mg/5ml oral suspension""	""Chlorothiazide""	""1mg/1ml""	""Oral suspension""	""Oral""	""Thiazides And Related Diuretics""	""Chlorothiazide""",
"""82424""",UNKNOWN,true,"0	""Exforge 5mg/160mg tablets (Waymade Healthcare Plc)""	""Amlodipine/Valsartan""	""160mg + 5mg""	""Oral tablet""	""Oral""	""Calcium-Channel Blockers""	""Amlodipine/Valsartan""",
"""66931""",UNKNOWN,true,"63134	""Sacubitril 97mg / Valsartan 103mg tablets""	""Valsartan""	""103mg + 97mg""	""Oral tablet""	""Oral""	""Angiotensin-II Receptor Antagonists/Other Antihypertensives""	""Valsartan""",
"""56855""",UNKNOWN,true,"0	""Ramipril 10mg capsules (Sigma Pharmaceuticals Plc)""	""Ramipril""	""10mg""	""Oral capsule""	""Oral""	""Angiotensin-Converting Enzyme Inhibitors (ACE Inhibitors)""	""Ramipril""",
"""36576""",UNKNOWN,true,"298	""Propranolol 10mg tablets (Viatris UK Healthcare Ltd)""	""Propranolol""	""10mg""	""Oral tablet""	""Oral""	""Beta-Adrenoceptor Blockers/Prophylaxis Of Migraine/Drugs For Essential Tremor, Chorea, Tics, And Related Disorders/Antithyroid Products""	""Propranolol""",
"""46955""",UNKNOWN,true,"19	""Verapamil 80mg tablets (Viatris UK Healthcare Ltd)""	""Verapamil""	""80mg""	""Oral tablet""	""Oral""	""Calcium-Channel Blockers""	""Verapamil""",
"""17689""",UNKNOWN,true,"11062	""MicardisPlus 80mg/12.5mg tablets (Boehringer Ingelheim Ltd)""	""Hydrochlorothiazide/Telmisartan""	""80mg + 12.5mg""	""Oral tablet""	""Oral""	""Angiotensin-II Receptor Antagonists With Diuretic""	""Hydrochlorothiazide/Telmisartan""",
"""80786""",UNKNOWN,true,"0	""Amlodipine 5mg tablets (Drugsrus Ltd)""	""Amlodipine""	""5mg""	""Oral tablet""	""Oral""	""Calcium-Channel Blockers""	""Amlodipine""",
"""34115""",UNKNOWN,true,"11838	""Nifedipine 60mg Modified-release tablet""	""Nifedipine""	""60mg""	""Modified-Release Tablet""	""Oral""	""Calcium-Channel Blockers""	""Nifedipine""",
"""73337""",UNKNOWN,true,"0	""Co-amilozide 5mg/50mg tablets (Wockhardt UK Ltd)""	""Hydrochlorothiazide/Amiloride""	""50mg + 5mg""	""Oral tablet""	""Oral""	""Potassium-Sparing Diuretics With Other Diuretics""	""Hydrochlorothiazide/Amiloride""",
"""62140""",UNKNOWN,true,"0	""Candesartan 4mg tablets (Sandoz Ltd)""	""Candesartan""	""4mg""	""Oral tablet""	""Oral""	""Angiotensin-II Receptor Antagonists""	""Candesartan""",
"""37655""",UNKNOWN,true,"171	""Captopril 25mg tablets (Teva UK Ltd)""	""Captopril""	""25mg""	""Oral tablet""	""Oral""	""Angiotensin-Converting Enzyme Inhibitors (ACE Inhibitors)""	""Captopril""",
"""1021""",UNKNOWN,true,"49509	""Innozide 20mg/12.5mg tablets (Organon Pharma (UK) Ltd)""	""Enalapril/Hydrochlorothiazide""	""20mg + 12.5mg""	""Oral tablet""	""Oral""	""Thiazides And Related Diuretics/Angiotensin-Converting Enzyme Inhibitors (ACE Inhibitors)""	""Enalapril/Hydrochlorothiazide""",
"""66829""",UNKNOWN,true,"66393	""Entresto 97mg/103mg tablets (Novartis Pharmaceuticals UK Ltd)""	""Valsartan""	""103mg + 97mg""	""Oral tablet""	""Oral""	""Angiotensin-II Receptor Antagonists/Other Antihypertensives""	""Valsartan""",
"""59790""",UNKNOWN,true,"0	""Perindopril erbumine 8mg tablets (Accord-UK Ltd)""	""Perindopril""	""8mg""	""Oral tablet""	""Oral""	""Angiotensin-Converting Enzyme Inhibitors (ACE Inhibitors)""	""Perindopril""",
"""573""",UNKNOWN,true,"235313	""Hydralazine 25mg tablets""	""Hydralazine""	""25mg""	""Oral tablet""	""Oral""	""Vasodilator Antihypertensive Products""	""Hydralazine""",
"""82488""",UNKNOWN,true,"32	""CoAprovel 300mg/12.5mg tablets (Waymade Healthcare Plc)""	""Hydrochlorothiazide/Irbesartan""	""300mg + 12.5mg""	""Oral tablet""	""Oral""	""Thiazides And Related Diuretics/Angiotensin-II Receptor Antagonists With Diuretic""	""Hydrochlorothiazide/Irbesartan""",
"""64504""",UNKNOWN,true,"209	""Plendil 5mg modified-release tablets (Necessity Supplies Ltd)""	""Felodipine""	""5mg""	""Modified-release tablet""	""Oral""	""Calcium-Channel Blockers""	""Felodipine""",
"""78925""",UNKNOWN,true,"5	""Amlodipine 1.5mg/5ml oral solution""	""Amlodipine""	""300microgram/1ml""	""Oral solution""	""Oral""	""Calcium-Channel Blockers""	""Amlodipine""",
"""34337""",UNKNOWN,true,"41	""Timolol 0.25% eye drops (Actavis UK Ltd)""	""Timolol""	""2.5mg/1ml""	""Eye drops""	""Ocular""	""Beta-Blockers (In Glaucoma)""	""Timolol""",
"""89928""",UNKNOWN,true,"17	""Ramipril 2.5mg capsules (Dowelhurst Ltd)""	""Ramipril""	""2.5mg""	""Oral capsule""	""Oral""	""Angiotensin-Converting Enzyme Inhibitors (ACE Inhibitors)""	""Ramipril""",
"""26105""",UNKNOWN,true,"1	""PROPRANOLOL paed 4 MG TAB""	""Propranolol""	NA	""Tablet""	""Oral""	""Unknown""	""Propranolol""",
"""67344""",UNKNOWN,true,"14	""Diltiazem 300mg modified-release capsules (Ennogen Pharma Ltd)""	""Diltiazem""	""300mg""	""Modified-release capsule""	""Oral""	""Calcium-Channel Blockers""	""Diltiazem""",
"""55916""",UNKNOWN,true,"0	""Doxazosin 1mg tablets (Alliance Healthcare (Distribution) Ltd)""	""Doxazosin""	""1mg""	""Oral tablet""	""Oral""	""Alpha-Adrenoceptor Blockers/Alpha-Blockers (In Urinary Retention)""	""Doxazosin""",
"""28843""",UNKNOWN,true,"2	""Verapamil hc 80mg Tablet (Celltech Pharma Europe Ltd)""	""Verapamil""	""80mg""	""Oral tablet""	""Oral""	""Supraventricular Arrhythmias/Calcium-Channel Blockers""	""Verapamil""",
"""18950""",UNKNOWN,true,"658	""Totamol 25mg Tablet (C P Pharmaceuticals Ltd)""	""Atenolol""	""25mg""	""Oral tablet""	""Oral""	""Beta-Adrenoceptor Blockers""	""Atenolol""",
"""90772""",UNKNOWN,true,"75	""Enalapril 5mg/5ml oral solution sugar free""	""Enalapril""	""1mg/1ml""	""Oral solution""	""Oral""	""Angiotensin-Converting Enzyme Inhibitors (ACE Inhibitors)""	""Enalapril""",
"""45279""",UNKNOWN,true,"88	""Amlodipine 5mg tablets (Sandoz Ltd)""	""Amlodipine""	""5mg""	""Oral tablet""	""Oral""	""Calcium-Channel Blockers""	""Amlodipine""",
"""89108""",UNKNOWN,true,"7	""Nifedipine 30mg modified-release tablets (Morningside Healthcare Ltd)""	""Nifedipine""	""30mg""	""Modified-release tablet""	""Oral""	""Calcium-Channel Blockers""	""Nifedipine""",
"""54899""",UNKNOWN,true,"638	""Perindopril erbumine 2mg tablets (Teva UK Ltd)""	""Perindopril""	""2mg""	""Oral tablet""	""Oral""	""Angiotensin-Converting Enzyme Inhibitors (ACE Inhibitors)""	""Perindopril""",
"""50079""",UNKNOWN,true,"500	""Spironolactone 10mg/5ml oral suspension""	""Spironolactone""	""2mg/1ml""	""Oral suspension""	""Oral""	""Potassium-Sparing Diuretics And Aldosterone Antagonists""	""Spironolactone""",
"""17474""",UNKNOWN,true,"13509	""Felodipine 5mg modified-release / Ramipril 5mg tablets""	""Felodipine/Ramipril""	""5mg + 5mg""	""Modified-release tablet""	""Oral""	""Angiotensin-Converting Enzyme Inhibitors (ACE Inhibitors)/Calcium-Channel Blockers""	""Felodipine/Ramipril""",
"""53674""",UNKNOWN,true,"9482	""Metolazone 2.5mg tablets""	""Metolazone""	""2.5mg""	""Oral tablet""	""Oral""	""Thiazides And Related Diuretics""	""Metolazone""",
"""55456""",UNKNOWN,true,"0	""Lisinopril 5mg tablets (Alliance Healthcare (Distribution) Ltd)""	""Lisinopril""	""5mg""	""Oral tablet""	""Oral""	""Angiotensin-Converting Enzyme Inhibitors (ACE Inhibitors)""	""Lisinopril""",
"""7136""",UNKNOWN,true,"13644	""Dytide capsules (Mercury Pharma Group Ltd)""	""Triamterene""	""25mg + 50mg""	""Oral capsule""	""Oral""	""Unknown""	""Triamterene""",
"""64930""",UNKNOWN,true,"1	""Riociguat 2mg tablets""	""Riociguat""	""2mg""	""Oral tablet""	""Oral""	""Vasodilator Antihypertensive Products""	""Riociguat""",
"""25359""",UNKNOWN,true,"520	""Rapranol SR 160mg capsules (Sun Pharma UK Ltd)""	""Propranolol""	""160mg""	""Modified-release capsule""	""Oral""	""Beta-Adrenoceptor Blockers/Prophylaxis Of Migraine/Drugs For Essential Tremor, Chorea, Tics, And Related Disorders/Antithyroid Products""	""Propranolol""",
"""48272""",UNKNOWN,true,"2366	""Diltiazem 60mg modified-release capsules (Alliance Healthcare (Distribution) Ltd)""	""Diltiazem""	""60mg""	""Modified-release capsule""	""Oral""	""Calcium-Channel Blockers""	""Diltiazem""",
"""59750""",UNKNOWN,true,"0	""Losartan 50mg tablets (Aptil Pharma Ltd)""	""Losartan""	""50mg""	""Oral tablet""	""Oral""	""Angiotensin-II Receptor Antagonists""	""Losartan""",
"""3711""",UNKNOWN,true,"310866	""Adipine MR 20 tablets (Chiesi Ltd)""	""Nifedipine""	""20mg""	""Modified-release tablet""	""Oral""	""Calcium-Channel Blockers""	""Nifedipine""",
"""34867""",UNKNOWN,true,"289	""Propranolol 80mg Capsule (IVAX Pharmaceuticals UK Ltd)""	""Propranolol""	""80mg""	""Modified-release capsule""	""Oral""	""Beta-Adrenoceptor Blockers/Prophylaxis Of Migraine""	""Propranolol""",
"""85130""",UNKNOWN,true,"1	""Atenolol 10mg/5ml oral suspension""	""Atenolol""	""2mg/1ml""	""Oral suspension""	""Oral""	""Beta-Adrenoceptor Blockers""	""Atenolol""",
"""11000""",UNKNOWN,true,"1085	""Minoxidil 5% solution""	""Minoxidil""	""50mg/1ml""	""Cutaneous solution""	""Cutaneous""	""Androgenetic Alopecia""	""Minoxidil""",
"""6362""",UNKNOWN,true,"14559	""Tritace 5mg tablets (Sanofi)""	""Ramipril""	""5mg""	""Oral tablet""	""Oral""	""Angiotensin-Converting Enzyme Inhibitors (ACE Inhibitors)""	""Ramipril""",
"""57573""",UNKNOWN,true,"153	""Celectol 200mg tablets (Dowelhurst Ltd)""	""Celiprolol""	""200mg""	""Oral tablet""	""Oral""	""Beta-Adrenoceptor Blockers""	""Celiprolol""",
"""591""",UNKNOWN,true,"162668	""Prazosin 1mg tablets""	""Prazosin""	""1mg""	""Oral tablet""	""Oral""	""Alpha-Adrenoceptor Blockers/Alpha-Blockers (In Urinary Retention)""	""Prazosin""",
"""52500""",UNKNOWN,true,"93	""Atenolol 50mg tablets (Almus Pharmaceuticals Ltd)""	""Atenolol""	""50mg""	""Oral tablet""	""Oral""	""Beta-Adrenoceptor Blockers""	""Atenolol""",
"""79379""",UNKNOWN,true,"10	""Hydralazine 25mg Tablet (C P Pharmaceuticals Ltd)""	""Hydralazine""	""25mg""	""Oral tablet""	""Oral""	""Vasodilator Antihypertensive Products""	""Hydralazine""",
"""77447""",UNKNOWN,true,"320	""Adalat 10mg capsules (Necessity Supplies Ltd)""	""Nifedipine""	""10mg""	""Oral capsule""	""Oral""	""Calcium-Channel Blockers""	""Nifedipine""",
"""70765""",UNKNOWN,true,"23	""Losartan 100mg tablets (Almus Pharmaceuticals Ltd)""	""Losartan""	""100mg""	""Oral tablet""	""Oral""	""Angiotensin-II Receptor Antagonists""	""Losartan""",
"""87476""",UNKNOWN,true,"0	""Spironolactone 100mg tablets (DE Pharmaceuticals)""	""Spironolactone""	""100mg""	""Oral tablet""	""Oral""	""Potassium-Sparing Diuretics And Aldosterone Antagonists""	""Spironolactone""",
"""1520""",UNKNOWN,true,"141062	""Capozide 25mg/50mg tablets (Bristol-Myers Squibb Pharmaceuticals Ltd)""	""Captopril/Hydrochlorothiazide""	""25mg + 50mg""	""Oral tablet""	""Oral""	""Thiazides And Related Diuretics/Angiotensin-Converting Enzyme Inhibitors (ACE Inhibitors)""	""Captopril/Hydrochlorothiazide""",
"""89770""",UNKNOWN,true,"11	""Ramipril 10mg tablets (Sigma Pharmaceuticals Plc)""	""Ramipril""	""10mg""	""Oral tablet""	""Oral""	""Angiotensin-Converting Enzyme Inhibitors (ACE Inhibitors)""	""Ramipril""",
"""2179""",UNKNOWN,true,"16612	""Triamterene 50mg capsules""	""Triamterene""	""50mg""	""Oral capsule""	""Oral""	""Potassium-Sparing Diuretics And Aldosterone Antagonists""	""Triamterene""",
"""67665""",UNKNOWN,true,"0	""Moxonidine 400microgram tablets (Actavis UK Ltd)""	""Moxonidine""	""400microgram""	""Oral tablet""	""Oral""	""Centrally Acting Antihypertensive Products""	""Moxonidine""",
"""26919""",UNKNOWN,true,"7	""Methyldopa 50mg/ml Injection""	""Methyldopa/Methyldopate""	""50mg/ml""	""Injection""	""Intramuscular""	""Centrally Acting Antihypertensive Products""	""Methyldopa/Methyldopate""",
"""52366""",UNKNOWN,true,"151	""Spironolactone 5mg/5ml oral solution""	""Spironolactone""	""1mg/1ml""	""Oral solution""	""Oral""	""Potassium-Sparing Diuretics And Aldosterone Antagonists""	""Spironolactone""",
"""59029""",UNKNOWN,true,"83	""Valsartan 3mg/ml oral solution""	""Valsartan""	""3mg/1ml""	""Oral solution""	""Oral""	""Angiotensin-II Receptor Antagonists""	""Valsartan""",
"""80760""",UNKNOWN,true,"28135	""Amlodipine 2.5mg tablets""	""Amlodipine""	""2.5mg""	""Oral tablet""	""Oral""	""Calcium-Channel Blockers""	""Amlodipine""",
"""55002""",UNKNOWN,true,"38	""Lisinopril 20mg tablets (Accord-UK Ltd)""	""Lisinopril""	""20mg""	""Oral tablet""	""Oral""	""Angiotensin-Converting Enzyme Inhibitors (ACE Inhibitors)""	""Lisinopril""",
"""5337""",UNKNOWN,true,"5855	""Hytrin bph 5mg Tablet (Amdipharm Plc)""	""Terazosin""	""5mg""	""Oral tablet""	""Oral""	""Alpha-Adrenoceptor Blockers/Alpha-Blockers (In Urinary Retention)""	""Terazosin""",
"""34584""",UNKNOWN,true,"593	""Metoprolol 50mg tablets (IVAX Pharmaceuticals UK Ltd)""	""Metoprolol""	""50mg""	""Oral tablet""	""Oral""	""Beta-Adrenoceptor Blockers/Prophylaxis Of Migraine""	""Metoprolol""",
"""48189""",UNKNOWN,true,"0	""Ismelin 10mg/1ml solution for injection ampoules (Amdipharm Plc)""	""Guanethidine""	""10mg/1ml""	""Solution for injection""	""Intramuscular""	""Adrenergic Neurone Blockers""	""Guanethidine""",
"""25506""",UNKNOWN,true,"2	""DIAZOXIDE 15 MG INJ""	""Diazoxide""	NA	""Solution for injection""	""Intramuscular""	""Unknown""	""Diazoxide""",
"""66598""",UNKNOWN,true,"10	""Losartan 50mg / Hydrochlorothiazide 12.5mg tablets (Lupin Healthcare (UK) Ltd)""	""Hydrochlorothiazide/Losartan""	""50mg + 12.5mg""	""Oral tablet""	""Oral""	""Angiotensin-II Receptor Antagonists With Diuretic""	""Hydrochlorothiazide/Losartan""",
"""66429""",UNKNOWN,true,"2495	""Intuniv 4mg modified-release tablets (Takeda UK Ltd)""	""Guanfacine""	""4mg""	""Modified-release tablet""	""Oral""	""Centrally Acting Antihypertensive Products""	""Guanfacine""",
"""71080""",UNKNOWN,true,"0	""Candesartan 4mg tablets (Zentiva Pharma UK Ltd)""	""Candesartan""	""4mg""	""Oral tablet""	""Oral""	""Angiotensin-II Receptor Antagonists""	""Candesartan""",
"""22826""",UNKNOWN,true,"195	""Securon 160mg Tablet (Abbott Laboratories Ltd)""	""Verapamil""	""160mg""	""Oral tablet""	""Oral""	""Supraventricular Arrhythmias/Calcium-Channel Blockers""	""Verapamil""",
"""19175""",UNKNOWN,true,"183	""Verapamil 40mg tablets (IVAX Pharmaceuticals UK Ltd)""	""Verapamil""	""40mg""	""Oral tablet""	""Oral""	""Calcium-Channel Blockers""	""Verapamil""",
"""69757""",UNKNOWN,true,"10	""Doxazosin 8mg/5ml oral suspension""	""Doxazosin""	""1.6mg/1ml""	""Oral suspension""	""Oral""	""Alpha-Adrenoceptor Blockers/Alpha-Blockers (In Urinary Retention)""	""Doxazosin""",
"""74209""",UNKNOWN,true,"0	""Trandolapril 1mg capsules (Accord-UK Ltd)""	""Trandolapril""	""1mg""	""Oral capsule""	""Oral""	""Angiotensin-Converting Enzyme Inhibitors (ACE Inhibitors)""	""Trandolapril""",
"""64606""",UNKNOWN,true,"22	""Amlodipine 5mg tablets (Advanz Pharma)""	""Amlodipine""	""5mg""	""Oral tablet""	""Oral""	""Calcium-Channel Blockers""	""Amlodipine""",
"""3917""",UNKNOWN,true,"431722	""Istin 5mg tablets (Viatris UK Healthcare Ltd)""	""Amlodipine""	""5mg""	""Oral tablet""	""Oral""	""Calcium-Channel Blockers""	""Amlodipine""",
"""86893""",UNKNOWN,true,"18	""Bimatoprost 300micrograms/ml / Timolol 5mg/ml eye drops (A A H Pharmaceuticals Ltd)""	""Timolol""	""300microgram/1ml + 5mg/1ml""	""Eye drops""	""Ocular""	""Prostaglandin Analogues (In Glaucoma)""	""Timolol""",
"""23872""",UNKNOWN,true,"671	""Berkatens 40mg Tablet (Berk Pharmaceuticals Ltd)""	""Verapamil""	""40mg""	""Oral tablet""	""Oral""	""Supraventricular Arrhythmias/Calcium-Channel Blockers""	""Verapamil""",
"""82117""",UNKNOWN,true,"0	""Doxazosin 4mg tablets (Ennogen Healthcare International Ltd)""	""Doxazosin""	""4mg""	""Oral tablet""	""Oral""	""Alpha-Adrenoceptor Blockers/Alpha-Blockers (In Urinary Retention)""	""Doxazosin""",
"""47608""",UNKNOWN,true,"208	""Zemret 300 XL capsules (Tillomed Laboratories Ltd)""	""Diltiazem""	""300mg""	""Modified-release capsule""	""Oral""	""Calcium-Channel Blockers""	""Diltiazem""",
"""55187""",UNKNOWN,true,"0	""Valsartan 160mg capsules (Arrow Generics Ltd)""	""Valsartan""	""160mg""	""Oral capsule""	""Oral""	""Angiotensin-II Receptor Antagonists""	""Valsartan""",
"""26783""",UNKNOWN,true,"2	""PHENOXYBENZAMINE HCl 5 MG TAB""	""Phenoxybenzamine""	NA	""Tablet""	""Oral""	""Unknown""	""Phenoxybenzamine""",
"""26248""",UNKNOWN,true,"700	""Tenchlor 100mg/25mg tablets (Teva UK Ltd)""	""Chlortalidone/Atenolol""	""100mg + 25mg""	""Oral tablet""	""Oral""	""Thiazides And Related Diuretics/Beta-Adrenoceptor Blockers""	""Chlortalidone/Atenolol""",
"""77015""",UNKNOWN,true,"2	""Timoptol 0.25% eye drops (Dowelhurst Ltd)""	""Timolol""	""2.5mg/1ml""	""Eye drops""	""Ocular""	""Beta-Blockers (In Glaucoma)""	""Timolol""",
"""2""",UNKNOWN,true,"48031851	""Bendroflumethiazide 2.5mg tablets""	""Bendroflumethiazide""	""2.5mg""	""Oral tablet""	""Oral""	""Thiazides And Related Diuretics/Hypercalcaemia And Hypercalciuria""	""Bendroflumethiazide""",
"""11547""",UNKNOWN,true,"3426	""Nimodipine 30mg tablets""	""Nimodipine""	""30mg""	""Oral tablet""	""Oral""	""Calcium-Channel Blockers""	""Nimodipine""",
"""47887""",UNKNOWN,true,"9	""Nimodrel XL 60mg tablets (Zurich Pharmaceuticals)""	""Nifedipine""	""60mg""	""Modified-release tablet""	""Oral""	""Calcium-Channel Blockers""	""Nifedipine""",
"""88414""",UNKNOWN,true,"26	""Candesartan 2mg tablets (Torrent Pharma (UK) Ltd)""	""Candesartan""	""2mg""	""Oral tablet""	""Oral""	""Angiotensin-II Receptor Antagonists""	""Candesartan""",
"""3080""",UNKNOWN,true,"98765	""TIMOLOL EYE .25 % DRO""	""Timolol""	NA	NA	NA	""Unknown""	""Timolol""",
"""41894""",UNKNOWN,true,"1	""RESERPINE/BENDROFLUAZIDE 150 MCG TAB""	""Reserpine""	NA	""Tablet""	""Oral""	""Unknown""	""Reserpine""",
"""37726""",UNKNOWN,true,"205	""Nifedipine 100mg/5ml oral suspension""	""Nifedipine""	""20mg/1ml""	""Oral suspension""	""Oral""	""Calcium-Channel Blockers""	""Nifedipine""",
"""81772""",UNKNOWN,true,"0	""Losartan 100mg / Hydrochlorothiazide 25mg tablets (Alliance Healthcare (Distribution) Ltd)""	""Hydrochlorothiazide/Losartan""	""100mg + 25mg""	""Oral tablet""	""Oral""	""Angiotensin-II Receptor Antagonists With Diuretic""	""Hydrochlorothiazide/Losartan""",
"""67737""",UNKNOWN,true,"1151	""Bendroflumethiazide 2.5mg tablets (Dr Reddy's Laboratories (UK) Ltd)""	""Bendroflumethiazide""	""2.5mg""	""Oral tablet""	""Oral""	""Thiazides And Related Diuretics/Hypercalcaemia And Hypercalciuria""	""Bendroflumethiazide""",
"""8788""",UNKNOWN,true,"5126	""TIMOLOL 10MG/BENDROFLUAZIDE 2.5MG TAB""	""Timolol""	NA	""Tablet""	""Oral""	""Unknown""	""Timolol""",
"""26229""",UNKNOWN,true,"757	""Beta-Prograne 160mg modified-release capsules (Tillomed Laboratories Ltd)""	""Propranolol""	""160mg""	""Modified-release capsule""	""Oral""	""Beta-Adrenoceptor Blockers/Prophylaxis Of Migraine/Drugs For Essential Tremor, Chorea, Tics, And Related Disorders/Antithyroid Products""	""Propranolol""",
"""60343""",UNKNOWN,true,"0	""Spironolactone 25mg tablets (Kent Pharma (UK) Ltd)""	""Spironolactone""	""25mg""	""Oral tablet""	""Oral""	""Potassium-Sparing Diuretics And Aldosterone Antagonists""	""Spironolactone""",
"""40678""",UNKNOWN,true,"705	""Doxazosin 4mg tablets (Teva UK Ltd)""	""Doxazosin""	""4mg""	""Oral tablet""	""Oral""	""Alpha-Adrenoceptor Blockers/Alpha-Blockers (In Urinary Retention)""	""Doxazosin""",
"""8303""",UNKNOWN,true,"273	""Tenavoid Tablet (Edwin Burgess Ltd)""	""Bendroflumethiazide""	NA	""Tablet""	""Oral""	""Thiazides And Related Diuretics/Anxiolytics""	""Bendroflumethiazide""",
"""77410""",UNKNOWN,true,"728	""Capoten 50mg tablets (Dowelhurst Ltd)""	""Captopril""	""50mg""	""Oral tablet""	""Oral""	""Angiotensin-Converting Enzyme Inhibitors (ACE Inhibitors)""	""Captopril""",
"""59109""",UNKNOWN,true,"0	""Lisinopril 5mg tablets (Tillomed Laboratories Ltd)""	""Lisinopril""	""5mg""	""Oral tablet""	""Oral""	""Angiotensin-Converting Enzyme Inhibitors (ACE Inhibitors)""	""Lisinopril""",
"""8025""",UNKNOWN,true,"16798	""Gopten 1mg capsules (Abbott Laboratories Ltd)""	""Trandolapril""	""1mg""	""Oral capsule""	""Oral""	""Angiotensin-Converting Enzyme Inhibitors (ACE Inhibitors)""	""Trandolapril""",
"""43222""",UNKNOWN,true,"221	""Valni 20 Retard tablets (Tillomed Laboratories Ltd)""	""Nifedipine""	""20mg""	""Modified-release tablet""	""Oral""	""Calcium-Channel Blockers""	""Nifedipine""",
"""38459""",UNKNOWN,true,"4652	""Telmisartan 80mg / Hydrochlorothiazide 25mg tablets""	""Hydrochlorothiazide/Telmisartan""	""25mg + 80mg""	""Oral tablet""	""Oral""	""Angiotensin-II Receptor Antagonists With Diuretic""	""Hydrochlorothiazide/Telmisartan""",
"""5189""",UNKNOWN,true,"47197	""Enalapril 20mg / Hydrochlorothiazide 12.5mg tablets""	""Enalapril/Hydrochlorothiazide""	""20mg + 12.5mg""	""Oral tablet""	""Oral""	""Thiazides And Related Diuretics/Angiotensin-Converting Enzyme Inhibitors (ACE Inhibitors)""	""Enalapril/Hydrochlorothiazide""",
"""60652""",UNKNOWN,true,"223	""Parmid XL 2.5mg tablets (Sandoz Ltd)""	""Felodipine""	""2.5mg""	""Modified-release tablet""	""Oral""	""Calcium-Channel Blockers""	""Felodipine""",
"""74039""",UNKNOWN,true,"26	""Tenif 50mg/20mg modified-release capsules (Sigma Pharmaceuticals Plc)""	""Nifedipine/Atenolol""	""50mg + 20mg""	""Modified-release capsule""	""Oral""	""Beta-Adrenoceptor Blockers/Calcium-Channel Blockers""	""Nifedipine/Atenolol""",
"""53414""",UNKNOWN,true,"0	""Atenolol 50mg tablets (Accord-UK Ltd)""	""Atenolol""	""50mg""	""Oral tablet""	""Oral""	""Beta-Adrenoceptor Blockers""	""Atenolol""",
"""28676""",UNKNOWN,true,"118	""Bethanidine sulphate 50mg tablets""	""Betanidine""	""50mg""	""Tablets""	""Oral""	""Adrenergic Neurone Blockers""	""Betanidine""",
"""21838""",UNKNOWN,true,"821	""Propanix 80mg Tablet (Ashbourne Pharmaceuticals Ltd)""	""Propranolol""	""80mg""	""Oral tablet""	""Oral""	""Supraventricular Arrhythmias/Beta-Adrenoceptor Blockers""	""Propranolol""",
"""11384""",UNKNOWN,true,"10830	""Co-flumactone 50mg/50mg tablets""	""Spironolactone""	""50mg + 50mg""	""Oral tablet""	""Oral""	""Potassium-Sparing Diuretics With Other Diuretics""	""Spironolactone""",
"""28902""",UNKNOWN,true,"48	""Odrik 2mg capsules (Aventis Pharma)""	""Trandolapril""	""2mg""	""Oral capsule""	""Oral""	""Angiotensin-Converting Enzyme Inhibitors (ACE Inhibitors)""	""Trandolapril""",
"""71562""",UNKNOWN,true,"91	""Lisinopril 10mg Tablet (Niche Generics Ltd)""	""Lisinopril""	""10mg""	""Oral tablet""	""Oral""	""Angiotensin-Converting Enzyme Inhibitors (ACE Inhibitors)""	""Lisinopril""",
"""57488""",UNKNOWN,true,"0	""Hydrochlorothiazide Oral solution""	""Hydrochlorothiazide""	NA	""Oral Solution""	""Oral""	""Thiazides And Related Diuretics""	""Hydrochlorothiazide""",
"""54623""",UNKNOWN,true,"658	""Beta-Prograne 160mg modified-release capsules (Accord-UK Ltd)""	""Propranolol""	""160mg""	""Modified-release capsule""	""Oral""	""Beta-Adrenoceptor Blockers/Prophylaxis Of Migraine/Drugs For Essential Tremor, Chorea, Tics, And Related Disorders/Antithyroid Products""	""Propranolol""",
"""83244""",UNKNOWN,true,"0	""Doxazosin 1mg tablets (Ennogen Healthcare International Ltd)""	""Doxazosin""	""1mg""	""Oral tablet""	""Oral""	""Alpha-Adrenoceptor Blockers/Alpha-Blockers (In Urinary Retention)""	""Doxazosin""",
"""74689""",UNKNOWN,true,"0	""Diltiazem 240mg modified-release capsules (Ennogen Pharma Ltd)""	""Diltiazem""	""240mg""	""Modified-release capsule""	""Oral""	""Calcium-Channel Blockers""	""Diltiazem""",
"""23733""",UNKNOWN,true,"1608	""Optil sr 90mg Modified-release capsule (Opus Pharmaceuticals Ltd)""	""Diltiazem""	""90mg""	""Modified-release capsule""	""Oral""	""Calcium-Channel Blockers""	""Diltiazem""",
"""57784""",UNKNOWN,true,"26	""Doxazosin 2mg/5ml oral suspension""	""Doxazosin""	""400microgram/1ml""	""Oral suspension""	""Oral""	""Alpha-Adrenoceptor Blockers/Alpha-Blockers (In Urinary Retention)""	""Doxazosin""",
"""36612""",UNKNOWN,true,"5	""Sodium nitroprusside 50mg powder for solution for infusion vials""	""Sodium nitroprusside""	""50mg""	""Powder for solution for infusion""	""Intravenous""	""Vasodilator Antihypertensive Products""	""Sodium nitroprusside""",
"""54942""",UNKNOWN,true,"125	""Perindopril erbumine 8mg tablets (Viatris UK Healthcare Ltd)""	""Perindopril""	""8mg""	""Oral tablet""	""Oral""	""Angiotensin-Converting Enzyme Inhibitors (ACE Inhibitors)""	""Perindopril""",
"""65228""",UNKNOWN,true,"0	""Candesartan 16mg tablets (Mawdsley-Brooks & Company Ltd)""	""Candesartan""	""16mg""	""Oral tablet""	""Oral""	""Angiotensin-II Receptor Antagonists""	""Candesartan""",
"""72348""",UNKNOWN,true,"6	""Doxazosin 1mg/5ml oral solution""	""Doxazosin""	""200microgram/1ml""	""Oral solution""	""Oral""	""Alpha-Adrenoceptor Blockers/Alpha-Blockers (In Urinary Retention)""	""Doxazosin""",
"""56204""",UNKNOWN,true,"0	""Losartan 50mg / Hydrochlorothiazide 12.5mg tablets (Accord-UK Ltd)""	""Hydrochlorothiazide/Losartan""	""50mg + 12.5mg""	""Oral tablet""	""Oral""	""Angiotensin-II Receptor Antagonists With Diuretic""	""Hydrochlorothiazide/Losartan""",
"""43515""",UNKNOWN,true,"115	""Nifedipine 10mg capsules (Actavis UK Ltd)""	""Nifedipine""	""10mg""	""Oral capsule""	""Oral""	""Calcium-Channel Blockers""	""Nifedipine""",
"""61262""",UNKNOWN,true,"147	""Lisinopril 20mg tablets (Bristol Laboratories Ltd)""	""Lisinopril""	""20mg""	""Oral tablet""	""Oral""	""Angiotensin-Converting Enzyme Inhibitors (ACE Inhibitors)""	""Lisinopril""",
"""47614""",UNKNOWN,true,"53	""Nifedipine 30mg modified-release tablets (A A H Pharmaceuticals Ltd)""	""Nifedipine""	""30mg""	""Modified-release tablet""	""Oral""	""Calcium-Channel Blockers""	""Nifedipine""",
"""34952""",UNKNOWN,true,"4	""Enalapril 10mg tablets (Viatris UK Healthcare Ltd)""	""Enalapril""	""10mg""	""Oral tablet""	""Oral""	""Angiotensin-Converting Enzyme Inhibitors (ACE Inhibitors)""	""Enalapril""",
"""219""",UNKNOWN,true,"141745	""Diltiazem 120mg modified-release tablets""	""Diltiazem""	""120mg""	""Modified-release tablet""	""Oral""	""Calcium-Channel Blockers""	""Diltiazem""",
"""87945""",UNKNOWN,true,"0	""Olmesartan medoxomil 20mg / Hydrochlorothiazide 12.5mg tablets (Thornton & Ross Ltd)""	""Hydrochlorothiazide/Olmesartan""	""12.5mg + 20mg""	""Oral tablet""	""Oral""	""Thiazides And Related Diuretics/Angiotensin-II Receptor Antagonists""	""Hydrochlorothiazide/Olmesartan""",
"""11561""",UNKNOWN,true,"1225	""Co-zidocapt 12.5mg/25mg tablets""	""Captopril/Hydrochlorothiazide""	""12.5mg + 25mg""	""Oral tablet""	""Oral""	""Thiazides And Related Diuretics/Angiotensin-Converting Enzyme Inhibitors (ACE Inhibitors)""	""Captopril/Hydrochlorothiazide""",
"""23505""",UNKNOWN,true,"30	""Adizem xl plus 150mg+12.5mg Modified-release capsule (Napp Pharmaceuticals Ltd)""	""Hydrochlorothiazide/Diltiazem""	""150mg+12.5mg""	""Modified-Release Capsule""	""Oral""	""Thiazides And Related Diuretics/Calcium-Channel Blockers""	""Hydrochlorothiazide/Diltiazem""",
"""38545""",UNKNOWN,true,"470420	""Tildiem LA 200 capsules (Sanofi)""	""Diltiazem""	""200mg""	""Modified-release capsule""	""Oral""	""Calcium-Channel Blockers""	""Diltiazem""",
"""73813""",UNKNOWN,true,"0	""Candesartan 4mg tablets (Waymade Healthcare Plc)""	""Candesartan""	""4mg""	""Oral tablet""	""Oral""	""Angiotensin-II Receptor Antagonists""	""Candesartan""",
"""4661""",UNKNOWN,true,"13587	""Spironolactone 50mg / Furosemide 20mg capsules""	""Spironolactone""	""50mg + 20mg""	""Oral capsule""	""Oral""	""Potassium-Sparing Diuretics With Other Diuretics""	""Spironolactone""",
"""39233""",UNKNOWN,true,"1	""Propranolol 80mg modified-release capsules (Teva UK Ltd)""	""Propranolol""	""80mg""	""Modified-release capsule""	""Oral""	""Beta-Adrenoceptor Blockers/Prophylaxis Of Migraine/Drugs For Essential Tremor, Chorea, Tics, And Related Disorders/Antithyroid Products""	""Propranolol""",
"""20591""",UNKNOWN,true,"962	""Nifedipress MR 20 tablets (Teva UK Ltd)""	""Nifedipine""	""20mg""	""Modified-release tablet""	""Oral""	""Calcium-Channel Blockers""	""Nifedipine""",
"""66236""",UNKNOWN,true,"36	""Nifedipine 20mg Modified-release tablet (Kent Pharmaceuticals Ltd)""	""Nifedipine""	""20mg""	""Modified-Release Tablet""	""Oral""	""Calcium-Channel Blockers""	""Nifedipine""",
"""31219""",UNKNOWN,true,"47	""Spironolactone 100mg tablets (A A H Pharmaceuticals Ltd)""	""Spironolactone""	""100mg""	""Oral tablet""	""Oral""	""Potassium-Sparing Diuretics And Aldosterone Antagonists""	""Spironolactone""",
"""65599""",UNKNOWN,true,"0	""Ramipril 5mg tablets (A A H Pharmaceuticals Ltd)""	""Ramipril""	""5mg""	""Oral tablet""	""Oral""	""Angiotensin-Converting Enzyme Inhibitors (ACE Inhibitors)""	""Ramipril""",
"""84757""",UNKNOWN,true,"1	""Diazoxide 200mg/5ml oral suspension""	""Diazoxide""	""40mg/1ml""	""Oral suspension""	""Oral""	""Treatment Of Hypoglycaemia""	""Diazoxide""",
"""71097""",UNKNOWN,true,"0	""Hydralazine 50mg tablets (Almus Pharmaceuticals Ltd)""	""Hydralazine""	""50mg""	""Oral tablet""	""Oral""	""Vasodilator Antihypertensive Products""	""Hydralazine""",
"""50866""",UNKNOWN,true,"161	""Timoptol 0.25% eye drops (Lexon (UK) Ltd)""	""Timolol""	""2.5mg/1ml""	""Eye drops""	""Ocular""	""Beta-Blockers (In Glaucoma)""	""Timolol""",
"""64602""",UNKNOWN,true,"0	""Perindopril erbumine 2mg tablets (Waymade Healthcare Plc)""	""Perindopril""	""2mg""	""Oral tablet""	""Oral""	""Angiotensin-Converting Enzyme Inhibitors (ACE Inhibitors)""	""Perindopril""",
"""26693""",UNKNOWN,true,"16	""Hypovase benign prostatic hyperplasia bd BD Starter pack (Pfizer Ltd)""	""Prazosin""	NA	""Not applicable""	""Route of administration not applicable""	""Alpha-Adrenoceptor Blockers/Alpha-Blockers (In Urinary Retention)""	""Prazosin""",
"""19223""",UNKNOWN,true,"1789	""Lisinopril 10mg tablets (Teva UK Ltd)""	""Lisinopril""	""10mg""	""Oral tablet""	""Oral""	""Angiotensin-Converting Enzyme Inhibitors (ACE Inhibitors)""	""Lisinopril""",
"""35007""",UNKNOWN,true,"1831	""Ramipril 10mg/5ml oral suspension""	""Ramipril""	""2mg/1ml""	""Oral suspension""	""Oral""	""Angiotensin-Converting Enzyme Inhibitors (ACE Inhibitors)""	""Ramipril""",
"""38632""",UNKNOWN,true,"203471	""Adizem-SR 90mg capsules (Napp Pharmaceuticals Ltd)""	""Diltiazem""	""90mg""	""Modified-release capsule""	""Oral""	""Calcium-Channel Blockers""	""Diltiazem""",
"""6816""",UNKNOWN,true,"3331	""Chlorothiazide 250mg/5ml oral suspension""	""Chlorothiazide""	""50mg/1ml""	""Oral suspension""	""Oral""	""Thiazides And Related Diuretics""	""Chlorothiazide""",
"""4089""",UNKNOWN,true,"8265	""Regaine regular strength 20mg/ml Cutaneous solution (Pharmacia Ltd)""	""Minoxidil""	""20mg/1ml""	""Cutaneous solution""	""Cutaneous""	""Androgenetic Alopecia""	""Minoxidil""",
"""28048""",UNKNOWN,true,"2	""Angilol 10mg Tablet (DDSA Pharmaceuticals Ltd)""	""Propranolol""	""10mg""	""Oral tablet""	""Oral""	""Supraventricular Arrhythmias/Beta-Adrenoceptor Blockers""	""Propranolol""",
"""3902""",UNKNOWN,true,"4725	""FRUSEMIDE 20MG/SPIRONOLACTONE 50MG MG CAP""	""Spironolactone""	NA	NA	NA	""Unknown""	""Spironolactone""",
"""12875""",UNKNOWN,true,"6822	""Cardene SR 45mg capsules (Astellas Pharma Ltd)""	""Nicardipine""	""45mg""	""Modified-release capsule""	""Oral""	""Calcium-Channel Blockers""	""Nicardipine""",
"""75383""",UNKNOWN,true,"17	""Chlortalidone 25mg tablets""	""Chlortalidone""	""25mg""	""Oral tablet""	""Oral""	""Thiazides And Related Diuretics""	""Chlortalidone""",
"""64902""",UNKNOWN,true,"2988	""Lisinopril 5mg/5ml oral solution sugar free""	""Lisinopril""	""1mg/1ml""	""Oral solution""	""Oral""	""Angiotensin-Converting Enzyme Inhibitors (ACE Inhibitors)""	""Lisinopril""",
"""34877""",UNKNOWN,true,"13	""Ramipril 10mg Capsule (Sovereign Medical Ltd)""	""Ramipril""	""10mg""	""Oral capsule""	""Oral""	""Angiotensin-Converting Enzyme Inhibitors (ACE Inhibitors)""	""Ramipril""",
"""34625""",UNKNOWN,true,"6	""Doxazosin 2mg tablets (A A H Pharmaceuticals Ltd)""	""Doxazosin""	""2mg""	""Oral tablet""	""Oral""	""Alpha-Adrenoceptor Blockers/Alpha-Blockers (In Urinary Retention)""	""Doxazosin""",
"""25818""",UNKNOWN,true,"1	""PROPRANOLOL 30 MG SUS""	""Propranolol""	NA	NA	NA	""Unknown""	""Propranolol""",
"""82387""",UNKNOWN,true,"0	""Valsartan 40mg capsules (Arrow Generics Ltd)""	""Valsartan""	""40mg""	""Oral capsule""	""Oral""	""Angiotensin-II Receptor Antagonists""	""Valsartan""",
"""77610""",UNKNOWN,true,"1	""Spironolactone 6.25mg/5ml oral suspension""	""Spironolactone""	""1.25mg/1ml""	""Oral suspension""	""Oral""	""Potassium-Sparing Diuretics And Aldosterone Antagonists""	""Spironolactone""",
"""66779""",UNKNOWN,true,"822	""Nadolol 30mg/5ml oral suspension""	""Nadolol""	""6mg/1ml""	""Oral suspension""	""Oral""	""Beta-Adrenoceptor Blockers""	""Nadolol""",
"""4852""",UNKNOWN,true,"42942	""Adizem sr 120mg Modified-release tablet (Napp Pharmaceuticals Ltd)""	""Diltiazem""	""120mg""	""Modified-release tablet""	""Oral""	""Calcium-Channel Blockers""	""Diltiazem""",
"""72336""",UNKNOWN,true,"61	""Lisinopril 5mg tablets (Waymade Healthcare Plc)""	""Lisinopril""	""5mg""	""Oral tablet""	""Oral""	""Angiotensin-Converting Enzyme Inhibitors (ACE Inhibitors)""	""Lisinopril""",
"""34698""",UNKNOWN,true,"2	""Ramipril 1.25mg capsules (Zentiva Pharma UK Ltd)""	""Ramipril""	""1.25mg""	""Oral capsule""	""Oral""	""Angiotensin-Converting Enzyme Inhibitors (ACE Inhibitors)""	""Ramipril""",
"""20117""",UNKNOWN,true,"3032	""Olmetec 40mg tablets (Daiichi Sankyo UK Ltd)""	""Olmesartan""	""40mg""	""Oral tablet""	""Oral""	""Angiotensin-II Receptor Antagonists""	""Olmesartan""",
"""58682""",UNKNOWN,true,"0	""Lisinopril 2.5mg tablets (Viatris UK Healthcare Ltd)""	""Lisinopril""	""2.5mg""	""Oral tablet""	""Oral""	""Angiotensin-Converting Enzyme Inhibitors (ACE Inhibitors)""	""Lisinopril""",
"""62158""",UNKNOWN,true,"0	""Doxazosin 4mg tablets (Almus Pharmaceuticals Ltd)""	""Doxazosin""	""4mg""	""Oral tablet""	""Oral""	""Alpha-Adrenoceptor Blockers/Alpha-Blockers (In Urinary Retention)""	""Doxazosin""",
"""45938""",UNKNOWN,true,"165	""Perindopril erbumine 8mg tablets (Teva UK Ltd)""	""Perindopril""	""8mg""	""Oral tablet""	""Oral""	""Angiotensin-Converting Enzyme Inhibitors (ACE Inhibitors)""	""Perindopril""",
"""72222""",UNKNOWN,true,"0	""Propranolol 80mg modified-release capsules (DE Pharmaceuticals)""	""Propranolol""	""80mg""	""Modified-release capsule""	""Oral""	""Beta-Adrenoceptor Blockers/Prophylaxis Of Migraine/Drugs For Essential Tremor, Chorea, Tics, And Related Disorders/Antithyroid Products""	""Propranolol""",
"""14673""",UNKNOWN,true,"4415	""Pindolol 15mg tablets""	""Pindolol""	""15mg""	""Oral tablet""	""Oral""	""Beta-Adrenoceptor Blockers""	""Pindolol""",
"""4540""",UNKNOWN,true,"62164	""Cozaar-Comp 50mg/12.5mg tablets (Organon Pharma (UK) Ltd)""	""Hydrochlorothiazide/Losartan""	""50mg + 12.5mg""	""Oral tablet""	""Oral""	""Angiotensin-II Receptor Antagonists With Diuretic""	""Hydrochlorothiazide/Losartan""",
"""50863""",UNKNOWN,true,"24	""Enalapril 5mg/5ml oral solution (Special Order)""	""Enalapril""	""1mg/1ml""	""Oral solution""	""Oral""	""Angiotensin-Converting Enzyme Inhibitors (ACE Inhibitors)""	""Enalapril""",
"""47006""",UNKNOWN,true,"146	""Losartan 100mg tablets (Teva UK Ltd)""	""Losartan""	""100mg""	""Oral tablet""	""Oral""	""Angiotensin-II Receptor Antagonists""	""Losartan""",
"""61754""",UNKNOWN,true,"44	""Losartan 25mg/5ml oral suspension""	""Losartan""	""5mg/1ml""	""Oral suspension""	""Oral""	""Angiotensin-II Receptor Antagonists""	""Losartan""",
"""34854""",UNKNOWN,true,"70	""Metoprolol 100mg tablets (Actavis UK Ltd)""	""Metoprolol""	""100mg""	""Oral tablet""	""Oral""	""Beta-Adrenoceptor Blockers/Prophylaxis Of Migraine""	""Metoprolol""",
"""82363""",UNKNOWN,true,"0	""Enalapril 5mg tablets (Accord-UK Ltd)""	""Enalapril""	""5mg""	""Oral tablet""	""Oral""	""Angiotensin-Converting Enzyme Inhibitors (ACE Inhibitors)""	""Enalapril""",
"""3943""",UNKNOWN,true,"210567	""Verapamil 240mg modified-release capsules""	""Verapamil""	""240mg""	""Modified-release capsule""	""Oral""	""Calcium-Channel Blockers""	""Verapamil""",
"""64253""",UNKNOWN,true,"4	""Hydralazine 5mg/5ml oral suspension""	""Hydralazine""	""1mg/1ml""	""Oral suspension""	""Oral""	""Vasodilator Antihypertensive Products""	""Hydralazine""",
"""66197""",UNKNOWN,true,"48153	""Sacubitril 49mg / Valsartan 51mg tablets""	""Valsartan""	""49mg + 51mg""	""Oral tablet""	""Oral""	""Angiotensin-II Receptor Antagonists/Other Antihypertensives""	""Valsartan""",
"""77134""",UNKNOWN,true,"0	""Adalat 10mg capsules (Lexon (UK) Ltd)""	""Nifedipine""	""10mg""	""Oral capsule""	""Oral""	""Calcium-Channel Blockers""	""Nifedipine""",
"""84711""",UNKNOWN,true,"13	""Terazosin 2mg tablets (Actavis UK Ltd)""	""Terazosin""	""2mg""	""Oral tablet""	""Oral""	""Alpha-Adrenoceptor Blockers/Alpha-Blockers (In Urinary Retention)""	""Terazosin""",
"""89820""",UNKNOWN,true,"137	""Metoprolol 100mg tablets (Kent Pharma (UK) Ltd)""	""Metoprolol""	""100mg""	""Oral tablet""	""Oral""	""Beta-Adrenoceptor Blockers/Prophylaxis Of Migraine""	""Metoprolol""",
"""40810""",UNKNOWN,true,"36	""Phenoxybenzamine 10mg/5ml oral suspension""	""Phenoxybenzamine""	""2mg/1ml""	""Oral suspension""	""Oral""	""Alpha-Adrenoceptor Blockers""	""Phenoxybenzamine""",
"""45564""",UNKNOWN,true,"2489	""Diltiazem 2% ointment""	""Diltiazem""	""20mg/1gram""	""Ointment""	""Route of administration not applicable""	""Local Products For Anal Or Rectal Problems/Calcium-Channel Blockers""	""Diltiazem""",
"""23736""",UNKNOWN,true,"170	""Hypolar XL 30 tablets (Sandoz Ltd)""	""Nifedipine""	""30mg""	""Modified-release tablet""	""Oral""	""Calcium-Channel Blockers""	""Nifedipine""",
"""33093""",UNKNOWN,true,"163	""Clonidine 25microgram tablets (Sandoz Ltd)""	""Clonidine""	""25microgram""	""Oral tablet""	""Oral""	""Prophylaxis Of Migraine/Oestrogens And HRT""	""Clonidine""",
"""59351""",UNKNOWN,true,"0	""Losartan 50mg tablets (Pfizer Ltd)""	""Losartan""	""50mg""	""Oral tablet""	""Oral""	""Angiotensin-II Receptor Antagonists""	""Losartan""",
"""77810""",UNKNOWN,true,"1680	""Cosopt iMulti 20mg/ml / 5mg/ml eye drops preservative free (Santen UK Ltd)""	""Timolol""	""5mg/1ml + 20mg/1ml""	""Eye drops""	""Ocular""	""Carbonic Anhydrase Inhibitors And Systemic Drugs (In Glaucoma)""	""Timolol""",
"""20642""",UNKNOWN,true,"234	""Bi-carzem sr 60mg Modified-release capsule (Tillomed Laboratories Ltd)""	""Diltiazem""	""60mg""	""Modified-release capsule""	""Oral""	""Calcium-Channel Blockers""	""Diltiazem""",
"""34562""",UNKNOWN,true,"98	""Captopril 25mg Tablet (IVAX Pharmaceuticals UK Ltd)""	""Captopril""	""25mg""	""Oral tablet""	""Oral""	""Angiotensin-Converting Enzyme Inhibitors (ACE Inhibitors)""	""Captopril""",
"""17492""",UNKNOWN,true,"78734	""Zemtard 300 XL capsules (Galen Ltd)""	""Diltiazem""	""300mg""	""Modified-release capsule""	""Oral""	""Calcium-Channel Blockers""	""Diltiazem""",
"""74069""",UNKNOWN,true,"14	""Timolol 0.5% eye drops (A A H Pharmaceuticals Ltd)""	""Timolol""	""5mg/1ml""	""Eye drops""	""Ocular""	""Beta-Blockers (In Glaucoma)""	""Timolol""",
"""61727""",UNKNOWN,true,"22	""Propranolol 10mg tablets (Accord-UK Ltd)""	""Propranolol""	""10mg""	""Oral tablet""	""Oral""	""Beta-Adrenoceptor Blockers/Prophylaxis Of Migraine/Drugs For Essential Tremor, Chorea, Tics, And Related Disorders/Antithyroid Products""	""Propranolol""",
"""75609""",UNKNOWN,true,"17	""Amlodipine 5mg/5ml oral solution (Special Order)""	""Amlodipine""	""1mg/1ml""	""Oral solution""	""Oral""	""Calcium-Channel Blockers""	""Amlodipine""",
"""66261""",UNKNOWN,true,"64570	""Entresto 24mg/26mg tablets (Novartis Pharmaceuticals UK Ltd)""	""Valsartan""	""24mg + 26mg""	""Oral tablet""	""Oral""	""Angiotensin-II Receptor Antagonists/Other Antihypertensives""	""Valsartan""",
"""81825""",UNKNOWN,true,"26	""Ramipril 2.5mg tablets (Viatris UK Healthcare Ltd)""	""Ramipril""	""2.5mg""	""Oral tablet""	""Oral""	""Angiotensin-Converting Enzyme Inhibitors (ACE Inhibitors)""	""Ramipril""",
"""14109""",UNKNOWN,true,"1335	""Spironolactone 100mg/5ml oral solution sugar free""	""Spironolactone""	""100mg/5ml""	""Suspension Sugar-Free""	""Oral""	""Potassium-Sparing Diuretics And Aldosterone Antagonists""	""Spironolactone""",
"""79116""",UNKNOWN,true,"0	""Diltiazem 180mg modified-release capsules (J M McGill Ltd)""	""Diltiazem""	""180mg""	""Modified-release capsule""	""Oral""	""Calcium-Channel Blockers""	""Diltiazem""",
"""77416""",UNKNOWN,true,"811	""Istin 10mg tablets (Dowelhurst Ltd)""	""Amlodipine""	""10mg""	""Oral tablet""	""Oral""	""Calcium-Channel Blockers""	""Amlodipine""",
"""83484""",UNKNOWN,true,"0	""Spironolactone 100mg tablets (Dr Reddy's Laboratories (UK) Ltd)""	""Spironolactone""	""100mg""	""Oral tablet""	""Oral""	""Potassium-Sparing Diuretics And Aldosterone Antagonists""	""Spironolactone""",
"""58722""",UNKNOWN,true,"55184	""Ganfort 0.3mg/ml / 5mg/ml eye drops 0.4ml unit dose (AbbVie Ltd)""	""Timolol""	""5mg/1ml + 300microgram/1ml""	""Eye drops""	""Ocular""	""Prostaglandin Analogues (In Glaucoma)""	""Timolol""",
"""2961""",UNKNOWN,true,"256721	""Frusene 50mg/40mg tablets (Orion Pharma (UK) Ltd)""	""Triamterene""	""50mg + 40mg""	""Oral tablet""	""Oral""	""Potassium-Sparing Diuretics With Other Diuretics""	""Triamterene""",
"""81641""",UNKNOWN,true,"15	""Bendroflumethiazide 2.5mg tablets (Phoenix Healthcare Distribution Ltd)""	""Bendroflumethiazide""	""2.5mg""	""Oral tablet""	""Oral""	""Thiazides And Related Diuretics/Hypercalcaemia And Hypercalciuria""	""Bendroflumethiazide""",
"""78464""",UNKNOWN,true,"2	""Amlodipine 2mg/5ml oral suspension""	""Amlodipine""	""400microgram/1ml""	""Oral suspension""	""Oral""	""Calcium-Channel Blockers""	""Amlodipine""",
"""46890""",UNKNOWN,true,"230	""Ramipril 5mg/5ml oral suspension""	""Ramipril""	""1mg/1ml""	""Oral suspension""	""Oral""	""Angiotensin-Converting Enzyme Inhibitors (ACE Inhibitors)""	""Ramipril""",
"""27894""",UNKNOWN,true,"45	""CLONIDINE HYDROCHLORIDE""	""Clonidine""	NA	NA	NA	""Unknown""	""Clonidine""",
"""52777""",UNKNOWN,true,"0	""Propranolol 40mg tablets (Kent Pharma (UK) Ltd)""	""Propranolol""	""40mg""	""Oral tablet""	""Oral""	""Beta-Adrenoceptor Blockers/Prophylaxis Of Migraine/Drugs For Essential Tremor, Chorea, Tics, And Related Disorders/Antithyroid Products""	""Propranolol""",
"""71405""",UNKNOWN,true,"79	""Cardura XL 4mg tablets (DE Pharmaceuticals)""	""Doxazosin""	""4mg""	""Modified-release tablet""	""Oral""	""Alpha-Adrenoceptor Blockers/Alpha-Blockers (In Urinary Retention)""	""Doxazosin""",
"""54918""",UNKNOWN,true,"0	""Phenoxybenzamine oral liquid""	""Phenoxybenzamine""	NA	""Oral solution""	""Oral""	""Alpha-Adrenoceptor Blockers""	""Phenoxybenzamine""",
"""82496""",UNKNOWN,true,"97	""Tildiem LA 300mg capsules (Waymade Healthcare Plc)""	""Diltiazem""	""300mg""	""Modified-release capsule""	""Oral""	""Calcium-Channel Blockers""	""Diltiazem""",
"""7562""",UNKNOWN,true,"20061	""Cardene 30mg capsules (Laboratoire X.O)""	""Nicardipine""	""30mg""	""Oral capsule""	""Oral""	""Calcium-Channel Blockers""	""Nicardipine""",
"""57680""",UNKNOWN,true,"0	""Lacidipine 4mg tablets (A A H Pharmaceuticals Ltd)""	""Lacidipine""	""4mg""	""Oral tablet""	""Oral""	""Calcium-Channel Blockers""	""Lacidipine""",
"""73484""",UNKNOWN,true,"13	""Tritace 5mg Tablet (Sterwin Medicines)""	""Ramipril""	""5mg""	""Oral tablet""	""Oral""	""Angiotensin-Converting Enzyme Inhibitors (ACE Inhibitors)""	""Ramipril""",
"""83450""",UNKNOWN,true,"0	""Verapamil 80mg tablets (Kent Pharma (UK) Ltd)""	""Verapamil""	""80mg""	""Oral tablet""	""Oral""	""Calcium-Channel Blockers""	""Verapamil""",
"""14390""",UNKNOWN,true,"477	""Aldomet 250mg/5ml Liquid (Merck Sharp & Dohme Ltd)""	""Methyldopa""	""50mg/1ml""	""Oral suspension""	""Oral""	""Centrally Acting Antihypertensive Products""	""Methyldopa""",
"""56445""",UNKNOWN,true,"1	""Atenolol 25mg/5ml oral solution sugar free (A A H Pharmaceuticals Ltd)""	""Atenolol""	""5mg/1ml""	""Oral solution""	""Oral""	""Beta-Adrenoceptor Blockers""	""Atenolol""",
"""70917""",UNKNOWN,true,"86	""Perindopril erbumine 2mg tablets (Glenmark Pharmaceuticals Europe Ltd)""	""Perindopril""	""2mg""	""Oral tablet""	""Oral""	""Angiotensin-Converting Enzyme Inhibitors (ACE Inhibitors)""	""Perindopril""",
"""7043""",UNKNOWN,true,"872083	""Candesartan 32mg tablets""	""Candesartan""	""32mg""	""Oral tablet""	""Oral""	""Angiotensin-II Receptor Antagonists""	""Candesartan""",
"""89730""",UNKNOWN,true,"14	""Gopten 2mg capsules (Dowelhurst Ltd)""	""Trandolapril""	""2mg""	""Oral capsule""	""Oral""	""Angiotensin-Converting Enzyme Inhibitors (ACE Inhibitors)""	""Trandolapril""",
"""54316""",UNKNOWN,true,"2	""Indapamide 2.5mg tablets (Alliance Healthcare (Distribution) Ltd)""	""Indapamide""	""2.5mg""	""Oral tablet""	""Oral""	""Thiazides And Related Diuretics""	""Indapamide""",
"""34908""",UNKNOWN,true,"395	""Spironolactone 25mg tablets (IVAX Pharmaceuticals UK Ltd)""	""Spironolactone""	""25mg""	""Oral tablet""	""Oral""	""Potassium-Sparing Diuretics And Aldosterone Antagonists""	""Spironolactone""",
"""32934""",UNKNOWN,true,"24993	""Lopace 10mg capsules (Discovery Pharmaceuticals)""	""Ramipril""	""10mg""	""Oral capsule""	""Oral""	""Angiotensin-Converting Enzyme Inhibitors (ACE Inhibitors)""	""Ramipril""",
"""33894""",UNKNOWN,true,"1860	""Ramipril 10mg capsules (Teva UK Ltd)""	""Ramipril""	""10mg""	""Oral capsule""	""Oral""	""Angiotensin-Converting Enzyme Inhibitors (ACE Inhibitors)""	""Ramipril""",
"""91918""",UNKNOWN,true,"3	""Ramipril 10mg/5ml oral solution sugar free""	""Ramipril""	""2mg/1ml""	""Oral solution""	""Oral""	""Angiotensin-Converting Enzyme Inhibitors (ACE Inhibitors)""	""Ramipril""",
"""753""",UNKNOWN,true,"346952	""Metoprolol 100mg tablets""	""Metoprolol""	""100mg""	""Oral tablet""	""Oral""	""Beta-Adrenoceptor Blockers/Prophylaxis Of Migraine""	""Metoprolol""",
"""63917""",UNKNOWN,true,"24	""Lercanidipine 20mg tablets (A A H Pharmaceuticals Ltd)""	""Lercanidipine""	""20mg""	""Oral tablet""	""Oral""	""Calcium-Channel Blockers""	""Lercanidipine""",
"""32166""",UNKNOWN,true,"322	""Capto-co 25mg+50mg Tablet (IVAX Pharmaceuticals UK Ltd)""	""Captopril/Hydrochlorothiazide""	""25mg + 50mg""	""Oral tablet""	""Oral""	""Thiazides And Related Diuretics/Angiotensin-Converting Enzyme Inhibitors (ACE Inhibitors)""	""Captopril/Hydrochlorothiazide""",
"""30773""",UNKNOWN,true,"327	""Co-amilofruse 5mg+40mg Tablet (Berk Pharmaceuticals Ltd)""	""Amiloride""	""5mg + 40mg""	""Oral tablet""	""Oral""	""Loop Diuretics/Potassium-Sparing Diuretics With Other Diuretics""	""Amiloride""",
"""12321""",UNKNOWN,true,"1	""GUANETHIDINE 5% ADRENALINE 0.5% DROPS % EYE""	""Guanethidine""	NA	NA	NA	""Unknown""	""Guanethidine""",
"""8623""",UNKNOWN,true,"28611	""Prestim Tablet (ICN Pharmaceuticals France S.A.)""	""Bendroflumethiazide/Timolol""	""10mg + 2.5mg""	""Oral tablet""	""Oral""	""Thiazides And Related Diuretics/Beta-Adrenoceptor Blockers""	""Bendroflumethiazide/Timolol""",
"""82838""",UNKNOWN,true,"1	""Propranolol 80mg tablets (Relonchem Ltd)""	""Propranolol""	""80mg""	""Oral tablet""	""Oral""	""Beta-Adrenoceptor Blockers/Prophylaxis Of Migraine/Drugs For Essential Tremor, Chorea, Tics, And Related Disorders/Antithyroid Products""	""Propranolol""",
"""33078""",UNKNOWN,true,"751	""Enalapril 20mg tablets (A A H Pharmaceuticals Ltd)""	""Enalapril""	""20mg""	""Oral tablet""	""Oral""	""Angiotensin-Converting Enzyme Inhibitors (ACE Inhibitors)""	""Enalapril""",
"""10246""",UNKNOWN,true,"100185	""Adipine XL 60mg tablets (Chiesi Ltd)""	""Nifedipine""	""60mg""	""Modified-release tablet""	""Oral""	""Calcium-Channel Blockers""	""Nifedipine""",
"""77591""",UNKNOWN,true,"18	""Clonidine 12.5micrograms/5ml oral suspension""	""Clonidine""	""2.5microgram/1ml""	""Oral suspension""	""Oral""	""Centrally Acting Antihypertensive Products/Prophylaxis Of Migraine/Oestrogens And HRT""	""Clonidine""",
"""40571""",UNKNOWN,true,"2678	""Cozaar 12.5mg tablets (Organon Pharma (UK) Ltd)""	""Losartan""	""12.5mg""	""Oral tablet""	""Oral""	""Angiotensin-II Receptor Antagonists""	""Losartan""",
"""68020""",UNKNOWN,true,"0	""Beta-Adalat modified-release capsules (Sigma Pharmaceuticals Plc)""	""Nifedipine/Atenolol""	""50mg + 20mg""	""Modified-release capsule""	""Oral""	""Beta-Adrenoceptor Blockers/Calcium-Channel Blockers""	""Nifedipine/Atenolol""",
"""74004""",UNKNOWN,true,"343	""Plendil 5mg modified-release tablets (Dowelhurst Ltd)""	""Felodipine""	""5mg""	""Modified-release tablet""	""Oral""	""Calcium-Channel Blockers""	""Felodipine""",
"""50702""",UNKNOWN,true,"0	""Atenolol 25mg tablets (Alliance Healthcare (Distribution) Ltd)""	""Atenolol""	""25mg""	""Oral tablet""	""Oral""	""Beta-Adrenoceptor Blockers""	""Atenolol""",
"""86291""",UNKNOWN,true,"2	""Propranolol 10mg/5ml oral solution sugar free (Rosemont Pharmaceuticals Ltd)""	""Propranolol""	""2mg/1ml""	""Oral solution""	""Oral""	""Beta-Adrenoceptor Blockers/Prophylaxis Of Migraine/Drugs For Essential Tremor, Chorea, Tics, And Related Disorders/Antithyroid Products""	""Propranolol""",
"""44527""",UNKNOWN,true,"1698	""Captopril 5mg/ml oral solution sugar free""	""Captopril""	""5mg/1ml""	""Oral solution""	""Oral""	""Angiotensin-Converting Enzyme Inhibitors (ACE Inhibitors)""	""Captopril""",
"""81659""",UNKNOWN,true,"22	""Diltiazem 180mg modified-release capsules (Ennogen Healthcare Ltd)""	""Diltiazem""	""180mg""	""Modified-release capsule""	""Oral""	""Calcium-Channel Blockers""	""Diltiazem""",
"""5348""",UNKNOWN,true,"84101	""Diltiazem 300mg modified-release capsules""	""Diltiazem""	""300mg""	""Modified-release capsule""	""Oral""	""Calcium-Channel Blockers""	""Diltiazem""",
"""8086""",UNKNOWN,true,"54467	""Cardura 4mg Tablet (Pfizer Ltd)""	""Doxazosin""	""4mg""	""Oral tablet""	""Oral""	""Alpha-Adrenoceptor Blockers/Alpha-Blockers (In Urinary Retention)""	""Doxazosin""",
"""23478""",UNKNOWN,true,"51	""Tensopril 50mg tablets (Teva UK Ltd)""	""Captopril""	""50mg""	""Oral tablet""	""Oral""	""Angiotensin-Converting Enzyme Inhibitors (ACE Inhibitors)""	""Captopril""",
"""60354""",UNKNOWN,true,"0	""Co-amilozide 2.5mg/25mg tablets (Kent Pharma (UK) Ltd)""	""Hydrochlorothiazide/Amiloride""	""25mg + 2.5mg""	""Oral tablet""	""Oral""	""Potassium-Sparing Diuretics With Other Diuretics""	""Hydrochlorothiazide/Amiloride""",
"""77128""",UNKNOWN,true,"0	""Candesartan 16mg tablets (Actavis UK Ltd)""	""Candesartan""	""16mg""	""Oral tablet""	""Oral""	""Angiotensin-II Receptor Antagonists""	""Candesartan""",
"""61781""",UNKNOWN,true,"38	""Irbesartan 300mg tablets (Teva UK Ltd)""	""Irbesartan""	""300mg""	""Oral tablet""	""Oral""	""Angiotensin-II Receptor Antagonists""	""Irbesartan""",
"""34400""",UNKNOWN,true,"43	""Enalapril 5mg Tablet (Dowelhurst Ltd)""	""Enalapril""	""5mg""	""Oral tablet""	""Oral""	""Angiotensin-Converting Enzyme Inhibitors (ACE Inhibitors)""	""Enalapril""",
"""72091""",UNKNOWN,true,"1	""Diltiazem 180mg modified-release capsules (DE Pharmaceuticals)""	""Diltiazem""	""180mg""	""Modified-release capsule""	""Oral""	""Calcium-Channel Blockers""	""Diltiazem""",
"""83399""",UNKNOWN,true,"0	""Adizem-XL 180mg capsules (Lexon (UK) Ltd)""	""Diltiazem""	""180mg""	""Modified-release capsule""	""Oral""	""Calcium-Channel Blockers""	""Diltiazem""",
"""6265""",UNKNOWN,true,"4061	""Diazoxide 50mg tablets""	""Diazoxide""	""50mg""	""Oral tablet""	""Oral""	""Treatment Of Hypoglycaemia""	""Diazoxide""",
"""2888""",UNKNOWN,true,"332580	""Tildiem 60mg modified-release tablets (Sanofi)""	""Diltiazem""	""60mg""	""Modified-release tablet""	""Oral""	""Calcium-Channel Blockers""	""Diltiazem""",
"""46724""",UNKNOWN,true,"922	""Amlodipine 5mg/5ml oral solution""	""Amlodipine""	""1mg/1ml""	""Oral solution""	""Oral""	""Calcium-Channel Blockers""	""Amlodipine""",
"""76321""",UNKNOWN,true,"0	""Spironolactone 100mg tablets (Genesis Pharmaceuticals Ltd)""	""Spironolactone""	""100mg""	""Oral tablet""	""Oral""	""Potassium-Sparing Diuretics And Aldosterone Antagonists""	""Spironolactone""",
"""68432""",UNKNOWN,true,"77	""Metolazone 2.5mg/5ml oral suspension""	""Metolazone""	""500microgram/1ml""	""Oral suspension""	""Oral""	""Thiazides And Related Diuretics""	""Metolazone""",
"""72321""",UNKNOWN,true,"223	""Nidef 30mg modified-release tablets (Morningside Healthcare Ltd)""	""Nifedipine""	""30mg""	""Modified-release tablet""	""Oral""	""Calcium-Channel Blockers""	""Nifedipine""",
"""58529""",UNKNOWN,true,"169	""Clonidine 200micrograms/24hours transdermal patches""	""Clonidine""	""200microgram/24hour""	""Transdermal patch""	""Transdermal""	""Centrally Acting Antihypertensive Products""	""Clonidine""",
"""12104""",UNKNOWN,true,"7288	""Cordilox 160mg tablets (IVAX Pharmaceuticals UK Ltd)""	""Verapamil""	""160mg""	""Oral tablet""	""Oral""	""Calcium-Channel Blockers""	""Verapamil""",
"""40355""",UNKNOWN,true,"78	""Quinil 5mg tablets (Tillomed Laboratories Ltd)""	""Quinapril""	""5mg""	""Oral tablet""	""Oral""	""Angiotensin-Converting Enzyme Inhibitors (ACE Inhibitors)""	""Quinapril""",
"""39786""",UNKNOWN,true,"89	""Olmesartan medoxomil 10mg/5ml oral suspension""	""Olmesartan""	""2mg/1ml""	""Oral suspension""	""Oral""	""Angiotensin-II Receptor Antagonists""	""Olmesartan""",
"""85546""",UNKNOWN,true,"4	""Lisinopril 20mg/5ml oral solution""	""Lisinopril""	""4mg/1ml""	""Oral solution""	""Oral""	""Angiotensin-Converting Enzyme Inhibitors (ACE Inhibitors)""	""Lisinopril""",
"""45583""",UNKNOWN,true,"20	""Doxazosin 2mg tablets (Dexcel-Pharma Ltd)""	""Doxazosin""	""2mg""	""Oral tablet""	""Oral""	""Alpha-Adrenoceptor Blockers/Alpha-Blockers (In Urinary Retention)""	""Doxazosin""",
"""27086""",UNKNOWN,true,"76	""NADOLOL 80MG/BENDROFLUAZIDE 5MG MG TAB""	""Nadolol""	NA	""Tablet""	""Oral""	""Unknown""	""Nadolol""",
"""90052""",UNKNOWN,true,"54	""Ramipril 5mg capsules (Focus Pharmaceuticals Ltd)""	""Ramipril""	""5mg""	""Oral capsule""	""Oral""	""Angiotensin-Converting Enzyme Inhibitors (ACE Inhibitors)""	""Ramipril""",
"""7416""",UNKNOWN,true,"12	""Aldomet 50mg/ml Injection (Merck Sharp & Dohme Ltd)""	""Methyldopate""	""50mg/ml""	""Injection""	""Intravenous Injection""	""Centrally Acting Antihypertensive Products""	""Methyldopate""",
"""63780""",UNKNOWN,true,"40	""Macitentan 10mg tablets""	""Macitentan""	""10mg""	""Oral tablet""	""Oral""	""Vasodilator Antihypertensive Products""	""Macitentan""",
"""59802""",UNKNOWN,true,"0	""Candesartan 2mg tablets (Teva UK Ltd)""	""Candesartan""	""2mg""	""Oral tablet""	""Oral""	""Angiotensin-II Receptor Antagonists""	""Candesartan""",
"""76121""",UNKNOWN,true,"39	""Edarbi 40mg tablets (Takeda UK Ltd)""	""Azilsartan""	""40mg""	""Oral tablet""	""Oral""	""Angiotensin-II Receptor Antagonists""	""Azilsartan""",
"""77557""",UNKNOWN,true,"0	""Securon SR 240mg tablets (Mawdsley-Brooks & Company Ltd)""	""Verapamil""	""240mg""	""Modified-release tablet""	""Oral""	""Calcium-Channel Blockers""	""Verapamil""",
"""83479""",UNKNOWN,true,"0	""Indoramin 20mg tablets (Almus Pharmaceuticals Ltd)""	""Indoramin""	""20mg""	""Oral tablet""	""Oral""	""Unknown""	""Indoramin""",
"""49237""",UNKNOWN,true,"155	""Diltiazem 0.2% cream""	""Diltiazem""	""2mg/1gram""	""Cream""	""Route of administration not applicable""	""Local Products For Anal Or Rectal Problems/Calcium-Channel Blockers""	""Diltiazem""",
"""42819""",UNKNOWN,true,"26	""Diltiazem xl 240mg Capsule (Hillcross Pharmaceuticals Ltd)""	""Diltiazem""	""240mg""	""Modified-release capsule""	""Oral""	""Calcium-Channel Blockers""	""Diltiazem""",
"""28724""",UNKNOWN,true,"290	""Perdix 7.5mg tablets (UCB Pharma Ltd)""	""Moexipril""	""7.5mg""	""Oral tablet""	""Oral""	""Angiotensin-Converting Enzyme Inhibitors (ACE Inhibitors)""	""Moexipril""",
"""89471""",UNKNOWN,true,"1	""Co-amilofruse 5mg/40mg tablets (DE Pharmaceuticals)""	""Amiloride""	""5mg + 40mg""	""Oral tablet""	""Oral""	""Potassium-Sparing Diuretics With Other Diuretics""	""Amiloride""",
"""5289""",UNKNOWN,true,"1940	""Clonidine 250microgram modified-release capsules""	""Clonidine""	""250microgram""	""Modified-release capsule""	""Oral""	""Unknown""	""Clonidine""",
"""73993""",UNKNOWN,true,"511	""Frumil 40mg/5mg tablets (Sigma Pharmaceuticals Plc)""	""Amiloride""	""5mg + 40mg""	""Oral tablet""	""Oral""	""Potassium-Sparing Diuretics With Other Diuretics""	""Amiloride""",
"""91495""",UNKNOWN,true,"0	""Propranolol 40mg tablets (Crescent Pharma Ltd)""	""Propranolol""	""40mg""	""Oral tablet""	""Oral""	""Beta-Adrenoceptor Blockers/Prophylaxis Of Migraine/Drugs For Essential Tremor, Chorea, Tics, And Related Disorders/Antithyroid Products""	""Propranolol""",
"""85392""",UNKNOWN,true,"0	""Quinapril 40mg tablets (Teva UK Ltd)""	""Quinapril""	""40mg""	""Oral tablet""	""Oral""	""Angiotensin-Converting Enzyme Inhibitors (ACE Inhibitors)""	""Quinapril""",
"""77443""",UNKNOWN,true,"245	""Aprovel 300mg tablets (Mawdsley-Brooks & Company Ltd)""	""Irbesartan""	""300mg""	""Oral tablet""	""Oral""	""Angiotensin-II Receptor Antagonists""	""Irbesartan""",
"""70916""",UNKNOWN,true,"216	""Perindopril erbumine 8mg tablets (Glenmark Pharmaceuticals Europe Ltd)""	""Perindopril""	""8mg""	""Oral tablet""	""Oral""	""Angiotensin-Converting Enzyme Inhibitors (ACE Inhibitors)""	""Perindopril""",
"""10879""",UNKNOWN,true,"2413	""Bethanidine sulphate 10mg tablets""	""Betanidine""	""10mg""	""Tablets""	""Oral""	""Adrenergic Neurone Blockers""	""Betanidine""",
"""40907""",UNKNOWN,true,"1	""Indapamide 2.5mg tablets (Genus Pharmaceuticals Ltd)""	""Indapamide""	""2.5mg""	""Oral tablet""	""Oral""	""Thiazides And Related Diuretics""	""Indapamide""",
"""46922""",UNKNOWN,true,"23	""Prazosin 1mg tablets (IVAX Pharmaceuticals UK Ltd)""	""Prazosin""	""1mg""	""Oral tablet""	""Oral""	""Alpha-Adrenoceptor Blockers/Alpha-Blockers (In Urinary Retention)""	""Prazosin""",
"""68381""",UNKNOWN,true,"0	""Perindopril erbumine 4mg tablets (Mawdsley-Brooks & Company Ltd)""	""Perindopril""	""4mg""	""Oral tablet""	""Oral""	""Angiotensin-Converting Enzyme Inhibitors (ACE Inhibitors)""	""Perindopril""",
"""64973""",UNKNOWN,true,"0	""Atenolol 50mg tablets (Sigma Pharmaceuticals Plc)""	""Atenolol""	""50mg""	""Oral tablet""	""Oral""	""Beta-Adrenoceptor Blockers""	""Atenolol""",
"""42142""",UNKNOWN,true,"46284	""Moduretic 5mg/50mg tablets (Merck Sharp & Dohme (UK) Ltd)""	""Hydrochlorothiazide/Amiloride""	""50mg + 5mg""	""Oral tablet""	""Oral""	""Potassium-Sparing Diuretics With Other Diuretics""	""Hydrochlorothiazide/Amiloride""",
"""55296""",UNKNOWN,true,"38	""Losartan 50mg tablets (Viatris UK Healthcare Ltd)""	""Losartan""	""50mg""	""Oral tablet""	""Oral""	""Angiotensin-II Receptor Antagonists""	""Losartan""",
"""70681""",UNKNOWN,true,"1	""Propranolol 3mg/5ml oral suspension""	""Propranolol""	""600microgram/1ml""	""Oral suspension""	""Oral""	""Beta-Adrenoceptor Blockers/Prophylaxis Of Migraine/Drugs For Essential Tremor, Chorea, Tics, And Related Disorders/Antithyroid Products""	""Propranolol""",
"""55588""",UNKNOWN,true,"0	""Lisinopril 20mg tablets (Sigma Pharmaceuticals Plc)""	""Lisinopril""	""20mg""	""Oral tablet""	""Oral""	""Angiotensin-Converting Enzyme Inhibitors (ACE Inhibitors)""	""Lisinopril""",
"""20579""",UNKNOWN,true,"4629	""Tarka modified-release capsules (Abbott Laboratories Ltd)""	""Trandolapril/Verapamil""	""180mg + 2mg""	""Modified-release capsule""	""Oral""	""Angiotensin-Converting Enzyme Inhibitors (ACE Inhibitors)/Calcium-Channel Blockers""	""Trandolapril/Verapamil""",
"""80738""",UNKNOWN,true,"45	""Losartan 25mg/5ml oral solution""	""Losartan""	""5mg/1ml""	""Oral solution""	""Oral""	""Angiotensin-II Receptor Antagonists""	""Losartan""",
"""10713""",UNKNOWN,true,"316	""Decaserpyl 5mg Tablet (Roussel Laboratories Ltd)""	""Methoserpidine""	""5mg""	""Tablet""	""Oral""	""Centrally Acting Antihypertensive Products""	""Methoserpidine""",
"""64917""",UNKNOWN,true,"0	""Felodipine 10mg modified-release tablets (Waymade Healthcare Plc)""	""Felodipine""	""10mg""	""Modified-release tablet""	""Oral""	""Calcium-Channel Blockers""	""Felodipine""",
"""55906""",UNKNOWN,true,"0	""Doxazosin 1mg tablets (Dexcel-Pharma Ltd)""	""Doxazosin""	""1mg""	""Oral tablet""	""Oral""	""Alpha-Adrenoceptor Blockers/Alpha-Blockers (In Urinary Retention)""	""Doxazosin""",
"""71737""",UNKNOWN,true,"0	""Enalapril 2.5mg tablets (Almus Pharmaceuticals Ltd)""	""Enalapril""	""2.5mg""	""Oral tablet""	""Oral""	""Angiotensin-Converting Enzyme Inhibitors (ACE Inhibitors)""	""Enalapril""",
"""56804""",UNKNOWN,true,"40	""Chlorothiazide 25mg/5ml oral suspension""	""Chlorothiazide""	""5mg/1ml""	""Oral suspension""	""Oral""	""Thiazides And Related Diuretics""	""Chlorothiazide""",
"""59271""",UNKNOWN,true,"7	""Losartan 25mg tablets (Sandoz Ltd)""	""Losartan""	""25mg""	""Oral tablet""	""Oral""	""Angiotensin-II Receptor Antagonists""	""Losartan""",
"""90795""",UNKNOWN,true,"28	""Entresto 15mg/16mg granules in capsules for opening (Novartis Pharmaceuticals UK Ltd)""	""Valsartan""	""15mg + 16mg""	""Oral granules""	""Oral""	""Angiotensin-II Receptor Antagonists/Other Antihypertensives""	""Valsartan""",
"""70989""",UNKNOWN,true,"0	""Bendroflumethiazide 2.5mg tablets (Genesis Pharmaceuticals Ltd)""	""Bendroflumethiazide""	""2.5mg""	""Oral tablet""	""Oral""	""Thiazides And Related Diuretics/Hypercalcaemia And Hypercalciuria""	""Bendroflumethiazide""",
"""57342""",UNKNOWN,true,"0	""Propranolol 40mg tablets (Phoenix Healthcare Distribution Ltd)""	""Propranolol""	""40mg""	""Oral tablet""	""Oral""	""Beta-Adrenoceptor Blockers/Prophylaxis Of Migraine/Drugs For Essential Tremor, Chorea, Tics, And Related Disorders/Antithyroid Products""	""Propranolol""",
"""3118""",UNKNOWN,true,"135470	""Adizem sr 90mg Modified-release capsule (Napp Pharmaceuticals Ltd)""	""Diltiazem""	""90mg""	""Modified-release capsule""	""Oral""	""Calcium-Channel Blockers""	""Diltiazem""",
"""86571""",UNKNOWN,true,"0	""Amlodipine 2.5mg tablets (Alliance Healthcare (Distribution) Ltd)""	""Amlodipine""	""2.5mg""	""Oral tablet""	""Oral""	""Calcium-Channel Blockers""	""Amlodipine""",
"""2521""",UNKNOWN,true,"219935	""Adalat 10mg capsules (Bayer Plc)""	""Nifedipine""	""10mg""	""Oral capsule""	""Oral""	""Calcium-Channel Blockers""	""Nifedipine""",
"""25363""",UNKNOWN,true,"5133	""Prestim tablets (Meda Pharmaceuticals Ltd)""	""Bendroflumethiazide/Timolol""	""10mg + 2.5mg""	""Oral tablet""	""Oral""	""Beta-Blockers With Diuretics""	""Bendroflumethiazide/Timolol""",
"""57588""",UNKNOWN,true,"165	""Zestril 2.5mg tablets (Mawdsley-Brooks & Company Ltd)""	""Lisinopril""	""2.5mg""	""Oral tablet""	""Oral""	""Angiotensin-Converting Enzyme Inhibitors (ACE Inhibitors)""	""Lisinopril""",
"""82646""",UNKNOWN,true,"0	""Amlodipine 5mg/5ml oral suspension sugar free (A A H Pharmaceuticals Ltd)""	""Amlodipine""	""1mg/1ml""	""Oral suspension""	""Oral""	""Calcium-Channel Blockers""	""Amlodipine""",
"""16212""",UNKNOWN,true,"5758	""Vascace 1mg tablets (Roche Products Ltd)""	""Cilazapril""	""1mg""	""Oral tablet""	""Oral""	""Angiotensin-Converting Enzyme Inhibitors (ACE Inhibitors)""	""Cilazapril""",
"""59557""",UNKNOWN,true,"0	""Ramipril 2.5mg capsules (Kent Pharma (UK) Ltd)""	""Ramipril""	""2.5mg""	""Oral capsule""	""Oral""	""Angiotensin-Converting Enzyme Inhibitors (ACE Inhibitors)""	""Ramipril""",
"""27141""",UNKNOWN,true,"95375	""Cosopt 20mg/ml / 5mg/ml eye drops 0.2ml unit dose preservative free (Santen UK Ltd)""	""Timolol""	""5mg/1ml + 20mg/1ml""	""Eye drops""	""Ocular""	""Beta-Blockers (In Glaucoma)/Carbonic Anhydrase Inhibitors And Systemic Drugs (In Glaucoma)""	""Timolol""",
"""9437""",UNKNOWN,true,"95498	""Plendil 5mg modified-release tablets (AstraZeneca UK Ltd)""	""Felodipine""	""5mg""	""Modified-release tablet""	""Oral""	""Calcium-Channel Blockers""	""Felodipine""",
"""76149""",UNKNOWN,true,"1	""Doxazosin 5mg/5ml oral suspension""	""Doxazosin""	""1mg/1ml""	""Oral suspension""	""Oral""	""Alpha-Adrenoceptor Blockers/Alpha-Blockers (In Urinary Retention)""	""Doxazosin""",
"""14057""",UNKNOWN,true,"7453	""Pindolol 10mg / Clopamide 5mg tablets""	""Pindolol""	""10mg + 5mg""	""Oral tablet""	""Oral""	""Beta-Blockers With Diuretics""	""Pindolol""",
"""79531""",UNKNOWN,true,"0	""Perindopril tosilate 5mg tablets (Teva UK Ltd)""	""Perindopril""	""5mg""	""Oral tablet""	""Oral""	""Angiotensin-Converting Enzyme Inhibitors (ACE Inhibitors)""	""Perindopril""",
"""88276""",UNKNOWN,true,"0	""Amlodipine 10mg tablets (Amarox Ltd)""	""Amlodipine""	""10mg""	""Oral tablet""	""Oral""	""Calcium-Channel Blockers""	""Amlodipine""",
"""24366""",UNKNOWN,true,"302903	""Cardioplen XL 10mg tablets (Chiesi Ltd)""	""Felodipine""	""10mg""	""Modified-release tablet""	""Oral""	""Calcium-Channel Blockers""	""Felodipine""",
"""64327""",UNKNOWN,true,"0	""Amlodipine 5mg tablets (Viatris UK Healthcare Ltd)""	""Amlodipine""	""5mg""	""Oral tablet""	""Oral""	""Calcium-Channel Blockers""	""Amlodipine""",
"""74029""",UNKNOWN,true,"129	""Tildiem Retard 90mg tablets (Dowelhurst Ltd)""	""Diltiazem""	""90mg""	""Modified-release tablet""	""Oral""	""Calcium-Channel Blockers""	""Diltiazem""",
"""59996""",UNKNOWN,true,"0	""Enalapril 20mg tablets (Milpharm Ltd)""	""Enalapril""	""20mg""	""Oral tablet""	""Oral""	""Angiotensin-Converting Enzyme Inhibitors (ACE Inhibitors)""	""Enalapril""",
"""89513""",UNKNOWN,true,"1	""Lacidipine 2mg tablets (Zentiva Pharma UK Ltd)""	""Lacidipine""	""2mg""	""Oral tablet""	""Oral""	""Calcium-Channel Blockers""	""Lacidipine""",
"""59834""",UNKNOWN,true,"890	""Chlorothiazide 250mg/5ml oral solution""	""Chlorothiazide""	""50mg/1ml""	""Oral solution""	""Oral""	""Thiazides And Related Diuretics""	""Chlorothiazide""",
"""77486""",UNKNOWN,true,"0	""Ramipril 2.5mg tablets (Alliance Healthcare (Distribution) Ltd)""	""Ramipril""	""2.5mg""	""Oral tablet""	""Oral""	""Angiotensin-Converting Enzyme Inhibitors (ACE Inhibitors)""	""Ramipril""",
"""50334""",UNKNOWN,true,"1	""Enalapril 4mg/5ml oral suspension""	""Enalapril""	""800microgram/1ml""	""Oral suspension""	""Oral""	""Angiotensin-Converting Enzyme Inhibitors (ACE Inhibitors)""	""Enalapril""",
"""65227""",UNKNOWN,true,"219	""Metoprolol 12.5mg/5ml oral solution""	""Metoprolol""	""2.5mg/1ml""	""Oral solution""	""Oral""	""Beta-Adrenoceptor Blockers/Prophylaxis Of Migraine""	""Metoprolol""",
"""18910""",UNKNOWN,true,"12660	""Olmetec 20mg tablets (Daiichi Sankyo UK Ltd)""	""Olmesartan""	""20mg""	""Oral tablet""	""Oral""	""Angiotensin-II Receptor Antagonists""	""Olmesartan""",
"""56506""",UNKNOWN,true,"561	""Coversyl 2mg tablets (Dowelhurst Ltd)""	""Perindopril""	""2mg""	""Oral tablet""	""Oral""	""Angiotensin-Converting Enzyme Inhibitors (ACE Inhibitors)""	""Perindopril""",
"""84545""",UNKNOWN,true,"62	""Chlorothiazide 500mg/5ml oral suspension""	""Chlorothiazide""	""100mg/1ml""	""Oral suspension""	""Oral""	""Thiazides And Related Diuretics""	""Chlorothiazide""",
"""78341""",UNKNOWN,true,"0	""Spironolactone 25mg tablets (NorthStar Healthcare Unlimited Company)""	""Spironolactone""	""25mg""	""Oral tablet""	""Oral""	""Potassium-Sparing Diuretics And Aldosterone Antagonists""	""Spironolactone""",
"""14952""",UNKNOWN,true,"53667	""Combigan eye drops (AbbVie Ltd)""	""Timolol""	""2mg/1ml + 5mg/1ml""	""Eye drops""	""Ocular""	""Sympathomimetics (In Glaucoma)""	""Timolol""",
"""62325""",UNKNOWN,true,"0	""Atenolol 25mg tablets (Waymade Healthcare Plc)""	""Atenolol""	""25mg""	""Oral tablet""	""Oral""	""Beta-Adrenoceptor Blockers""	""Atenolol""",
"""2346""",UNKNOWN,true,"26659	""Hytrin 5mg Tablet (Abbott Laboratories Ltd)""	""Terazosin""	""5mg""	""Oral tablet""	""Oral""	""Alpha-Adrenoceptor Blockers/Alpha-Blockers (In Urinary Retention)""	""Terazosin""",
"""17950""",UNKNOWN,true,"338	""Spirolone 50mg Tablet (Berk Pharmaceuticals Ltd)""	""Spironolactone""	""50mg""	""Oral tablet""	""Oral""	""Potassium-Sparing Diuretics And Aldosterone Antagonists""	""Spironolactone""",
"""61177""",UNKNOWN,true,"0	""Telmisartan 20mg tablets (Sigma Pharmaceuticals Plc)""	""Telmisartan""	""20mg""	""Oral tablet""	""Oral""	""Angiotensin-II Receptor Antagonists""	""Telmisartan""",
"""55903""",UNKNOWN,true,"0	""Enalapril 10mg tablets (Dexcel-Pharma Ltd)""	""Enalapril""	""10mg""	""Oral tablet""	""Oral""	""Angiotensin-Converting Enzyme Inhibitors (ACE Inhibitors)""	""Enalapril""",
"""33322""",UNKNOWN,true,"54	""Moxonidine 200microgram tablets (Sandoz Ltd)""	""Moxonidine""	""200microgram""	""Oral tablet""	""Oral""	""Centrally Acting Antihypertensive Products""	""Moxonidine""",
"""78897""",UNKNOWN,true,"0	""Methyldopa 250mg tablets (Bristol Laboratories Ltd)""	""Methyldopa""	""250mg""	""Oral tablet""	""Oral""	""Centrally Acting Antihypertensive Products""	""Methyldopa""",
"""60244""",UNKNOWN,true,"3	""Amlodipine 10mg tablets (Phoenix Healthcare Distribution Ltd)""	""Amlodipine""	""10mg""	""Oral tablet""	""Oral""	""Calcium-Channel Blockers""	""Amlodipine""",
"""77198""",UNKNOWN,true,"0	""Atenolol 100mg tablets (Phoenix Healthcare Distribution Ltd)""	""Atenolol""	""100mg""	""Oral tablet""	""Oral""	""Beta-Adrenoceptor Blockers""	""Atenolol""",
"""91485""",UNKNOWN,true,"21	""Ramipril 5mg/5ml oral solution sugar free""	""Ramipril""	""1mg/1ml""	""Oral solution""	""Oral""	""Angiotensin-Converting Enzyme Inhibitors (ACE Inhibitors)""	""Ramipril""",
"""48008""",UNKNOWN,true,"0	""Ramipril 5mg capsules (Accord-UK Ltd)""	""Ramipril""	""5mg""	""Oral capsule""	""Oral""	""Angiotensin-Converting Enzyme Inhibitors (ACE Inhibitors)""	""Ramipril""",
"""3221""",UNKNOWN,true,"704768	""Lacidipine 4mg tablets""	""Lacidipine""	""4mg""	""Oral tablet""	""Oral""	""Calcium-Channel Blockers""	""Lacidipine""",
"""8942""",UNKNOWN,true,"2974	""Dibenyline 10mg capsules (Mercury Pharma Group Ltd)""	""Phenoxybenzamine""	""10mg""	""Oral capsule""	""Oral""	""Alpha-Adrenoceptor Blockers""	""Phenoxybenzamine""",
"""11252""",UNKNOWN,true,"52716	""Diovan 80mg capsules (Novartis Pharmaceuticals UK Ltd)""	""Valsartan""	""80mg""	""Oral capsule""	""Oral""	""Angiotensin-II Receptor Antagonists""	""Valsartan""",
"""87080""",UNKNOWN,true,"0	""Ramipril 10mg capsules (Crescent Pharma Ltd)""	""Ramipril""	""10mg""	""Oral capsule""	""Oral""	""Angiotensin-Converting Enzyme Inhibitors (ACE Inhibitors)""	""Ramipril""",
"""2663""",UNKNOWN,true,"8243	""Diltiazem 240mg modified-release capsules""	""Diltiazem""	""240mg""	""Modified Release Capsules""	""Oral""	""Calcium-Channel Blockers""	""Diltiazem""",
"""30035""",UNKNOWN,true,"2	""CHLOROTHIAZIDE 40MG /SPIRONOLACTONE 4MG POW""	""Chlorothiazide/Spironolactone""	NA	NA	NA	""Unknown""	""Chlorothiazide/Spironolactone""",
"""13027""",UNKNOWN,true,"47661	""Viazem XL 240mg capsules (Thornton & Ross Ltd)""	""Diltiazem""	""240mg""	""Modified-release capsule""	""Oral""	""Calcium-Channel Blockers""	""Diltiazem""",
"""2630""",UNKNOWN,true,"255677	""Dixarit 25microgram tablets (Boehringer Ingelheim Ltd)""	""Clonidine""	""25microgram""	""Oral tablet""	""Oral""	""Prophylaxis Of Migraine/Oestrogens And HRT""	""Clonidine""",
"""67293""",UNKNOWN,true,"188	""Half Securon SR 120mg tablets (Mawdsley-Brooks & Company Ltd)""	""Verapamil""	""120mg""	""Modified-release tablet""	""Oral""	""Calcium-Channel Blockers""	""Verapamil""",
"""36879""",UNKNOWN,true,"2675	""Rasilez 300mg tablets (Noden Pharma DAC)""	""Aliskiren""	""300mg""	""Oral tablet""	""Oral""	""Renin Inhibitors""	""Aliskiren""",
"""75278""",UNKNOWN,true,"7	""Propranolol 5mg/5ml oral suspension""	""Propranolol""	""1mg/1ml""	""Oral suspension""	""Oral""	""Beta-Adrenoceptor Blockers/Prophylaxis Of Migraine/Drugs For Essential Tremor, Chorea, Tics, And Related Disorders/Antithyroid Products""	""Propranolol""",
"""60569""",UNKNOWN,true,"3	""Felodipine 2.5mg modified-release tablets (Waymade Healthcare Plc)""	""Felodipine""	""2.5mg""	""Modified-release tablet""	""Oral""	""Calcium-Channel Blockers""	""Felodipine""",
"""8369""",UNKNOWN,true,"24651	""Inderex 160mg/5mg modified-release capsules (AstraZeneca UK Ltd)""	""Bendroflumethiazide/Propranolol""	""160mg + 5mg""	""Modified-release capsule""	""Oral""	""Unknown""	""Bendroflumethiazide/Propranolol""",
"""89526""",UNKNOWN,true,"38	""Doxazosin 4mg tablets (Milpharm Ltd)""	""Doxazosin""	""4mg""	""Oral tablet""	""Oral""	""Alpha-Adrenoceptor Blockers/Alpha-Blockers (In Urinary Retention)""	""Doxazosin""",
"""57801""",UNKNOWN,true,"159	""Perindopril erbumine 4mg tablets (Glenmark Pharmaceuticals Europe Ltd)""	""Perindopril""	""4mg""	""Oral tablet""	""Oral""	""Angiotensin-Converting Enzyme Inhibitors (ACE Inhibitors)""	""Perindopril""",
"""84294""",UNKNOWN,true,"1	""Lisinopril 5mg/5ml oral solution sugar free (Rosemont Pharmaceuticals Ltd)""	""Lisinopril""	""1mg/1ml""	""Oral solution""	""Oral""	""Angiotensin-Converting Enzyme Inhibitors (ACE Inhibitors)""	""Lisinopril""",
"""2381""",UNKNOWN,true,"183755	""Timolol 0.5% eye drops 0.2ml unit dose preservative free""	""Timolol""	""5mg/1ml""	""Eye drops""	""Ocular""	""Beta-Blockers (In Glaucoma)""	""Timolol""",
"""30400""",UNKNOWN,true,"84	""Mepranix 100mg Tablet (Ashbourne Pharmaceuticals Ltd)""	""Metoprolol""	""100mg""	""Oral tablet""	""Oral""	""Beta-Adrenoceptor Blockers""	""Metoprolol""",
"""35054""",UNKNOWN,true,"9264	""Celectol 200mg tablets (Neon Healthcare Ltd)""	""Celiprolol""	""200mg""	""Oral tablet""	""Oral""	""Beta-Adrenoceptor Blockers""	""Celiprolol""",
"""45319""",UNKNOWN,true,"2357	""Perindopril erbumine 2mg tablets (A A H Pharmaceuticals Ltd)""	""Perindopril""	""2mg""	""Oral tablet""	""Oral""	""Angiotensin-Converting Enzyme Inhibitors (ACE Inhibitors)""	""Perindopril""",
"""2432""",UNKNOWN,true,"469693	""Tenormin LS 50mg tablets (Atnahs Pharma UK Ltd)""	""Atenolol""	""50mg""	""Oral tablet""	""Oral""	""Beta-Adrenoceptor Blockers""	""Atenolol""",
"""21873""",UNKNOWN,true,"4039	""Atenix Co 50 tablets (Ashbourne Pharmaceuticals Ltd)""	""Chlortalidone/Atenolol""	""12.5mg + 50mg""	""Oral tablet""	""Oral""	""Thiazides And Related Diuretics/Beta-Adrenoceptor Blockers""	""Chlortalidone/Atenolol""",
"""31934""",UNKNOWN,true,"2521	""Atenolol 100mg tablets (IVAX Pharmaceuticals UK Ltd)""	""Atenolol""	""100mg""	""Oral tablet""	""Oral""	""Beta-Adrenoceptor Blockers""	""Atenolol""",
"""56492""",UNKNOWN,true,"1541	""Timoptol 0.5% eye drops (Waymade Healthcare Plc)""	""Timolol""	""5mg/1ml""	""Eye drops""	""Ocular""	""Beta-Blockers (In Glaucoma)""	""Timolol""",
"""32836""",UNKNOWN,true,"683	""Metoprolol 50mg tablets (Viatris UK Healthcare Ltd)""	""Metoprolol""	""50mg""	""Oral tablet""	""Oral""	""Beta-Adrenoceptor Blockers/Prophylaxis Of Migraine""	""Metoprolol""",
"""9731""",UNKNOWN,true,"117469	""Quinapril 40mg tablets""	""Quinapril""	""40mg""	""Oral tablet""	""Oral""	""Angiotensin-Converting Enzyme Inhibitors (ACE Inhibitors)""	""Quinapril""",
"""69016""",UNKNOWN,true,"0	""Perindopril erbumine 8mg tablets (DE Pharmaceuticals)""	""Perindopril""	""8mg""	""Oral tablet""	""Oral""	""Angiotensin-Converting Enzyme Inhibitors (ACE Inhibitors)""	""Perindopril""",
"""18404""",UNKNOWN,true,"5786	""Diltiazem 60mg modified-release capsules (A A H Pharmaceuticals Ltd)""	""Diltiazem""	""60mg""	""Modified-release capsule""	""Oral""	""Calcium-Channel Blockers""	""Diltiazem""",
"""89849""",UNKNOWN,true,"0	""Clonidine 25microgram tablets (Almus Pharmaceuticals Ltd)""	""Clonidine""	""25microgram""	""Oral tablet""	""Oral""	""Prophylaxis Of Migraine/Oestrogens And HRT""	""Clonidine""",
"""54752""",UNKNOWN,true,"0	""Atenolol 50mg tablets (Strides Pharma UK Ltd)""	""Atenolol""	""50mg""	""Oral tablet""	""Oral""	""Beta-Adrenoceptor Blockers""	""Atenolol""",
"""82720""",UNKNOWN,true,"2	""Guanfacine 1mg tablets""	""Guanfacine""	""1mg""	""Oral tablet""	""Oral""	""Hypertension Or Heart Failure Products/CNS Stimulants And Products Used For Attention Deficit Hyperactivity Disorder (ADHD)/Drugs For Essential Tremor, Chorea, Tics, And Related Disorders""	""Guanfacine""",
"""71025""",UNKNOWN,true,"0	""Ramipril 1.25mg tablets (APC Pharmaceuticals & Chemicals (Europe) Ltd)""	""Ramipril""	""1.25mg""	""Oral tablet""	""Oral""	""Angiotensin-Converting Enzyme Inhibitors (ACE Inhibitors)""	""Ramipril""",
"""48053""",UNKNOWN,true,"0	""Ramipril 2.5mg capsules (Almus Pharmaceuticals Ltd)""	""Ramipril""	""2.5mg""	""Oral capsule""	""Oral""	""Angiotensin-Converting Enzyme Inhibitors (ACE Inhibitors)""	""Ramipril""",
"""55889""",UNKNOWN,true,"2	""Chlorothiazide oral solution""	""Chlorothiazide""	NA	""Oral solution""	""Oral""	""Thiazides And Related Diuretics""	""Chlorothiazide""",
"""36202""",UNKNOWN,true,"24	""Amlodipine 10mg tablets (Actavis UK Ltd)""	""Amlodipine""	""10mg""	""Oral tablet""	""Oral""	""Calcium-Channel Blockers""	""Amlodipine""",
"""55826""",UNKNOWN,true,"186	""Prazosin 5mg tablets (A A H Pharmaceuticals Ltd)""	""Prazosin""	""5mg""	""Oral tablet""	""Oral""	""Alpha-Adrenoceptor Blockers/Alpha-Blockers (In Urinary Retention)""	""Prazosin""",
"""61133""",UNKNOWN,true,"0	""Enalapril 10mg tablets (Phoenix Healthcare Distribution Ltd)""	""Enalapril""	""10mg""	""Oral tablet""	""Oral""	""Angiotensin-Converting Enzyme Inhibitors (ACE Inhibitors)""	""Enalapril""",
"""90124""",UNKNOWN,true,"9	""Spironolactone 50mg tablets (Waymade Healthcare Plc)""	""Spironolactone""	""50mg""	""Oral tablet""	""Oral""	""Potassium-Sparing Diuretics And Aldosterone Antagonists""	""Spironolactone""",
"""2453""",UNKNOWN,true,"25338	""Diltiazem 60mg modified-release capsules""	""Diltiazem""	""60mg""	""Modified Release Capsules""	""Oral""	""Calcium-Channel Blockers""	""Diltiazem""",
"""53271""",UNKNOWN,true,"0	""Lisinopril 10mg tablets (Alliance Healthcare (Distribution) Ltd)""	""Lisinopril""	""10mg""	""Oral tablet""	""Oral""	""Angiotensin-Converting Enzyme Inhibitors (ACE Inhibitors)""	""Lisinopril""",
"""45600""",UNKNOWN,true,"1	""Diovan 160mg Tablet (Novartis Pharmaceuticals UK Ltd)""	""Valsartan""	""160mg""	""Oral tablet""	""Oral""	""Angiotensin-II Receptor Antagonists""	""Valsartan""",
"""60730""",UNKNOWN,true,"0	""Ramipril 5mg capsules (Phoenix Healthcare Distribution Ltd)""	""Ramipril""	""5mg""	""Oral capsule""	""Oral""	""Angiotensin-Converting Enzyme Inhibitors (ACE Inhibitors)""	""Ramipril""",
"""37965""",UNKNOWN,true,"6189	""Coversyl Arginine 5mg tablets (Servier Laboratories Ltd)""	""Perindopril""	""5mg""	""Oral tablet""	""Oral""	""Angiotensin-Converting Enzyme Inhibitors (ACE Inhibitors)""	""Perindopril""",
"""9553""",UNKNOWN,true,"2057	""Slofedipine XL 60 tablets (Zentiva Pharma UK Ltd)""	""Nifedipine""	""60mg""	""Modified-release tablet""	""Oral""	""Calcium-Channel Blockers""	""Nifedipine""",
"""57531""",UNKNOWN,true,"2403	""Adalat LA 60 tablets (Waymade Healthcare Plc)""	""Nifedipine""	""60mg""	""Modified-release tablet""	""Oral""	""Calcium-Channel Blockers""	""Nifedipine""",
"""25500""",UNKNOWN,true,"33	""Hypertane 50 Tablet (Schwarz Pharma Ltd)""	""Hydrochlorothiazide/Amiloride""	""50mg + 5mg""	""Oral tablet""	""Oral""	""Thiazides And Related Diuretics/Potassium-Sparing Diuretics With Other Diuretics""	""Hydrochlorothiazide/Amiloride""",
"""1448""",UNKNOWN,true,"895709	""Propranolol 160mg modified-release capsules""	""Propranolol""	""160mg""	""Modified-release capsule""	""Oral""	""Beta-Adrenoceptor Blockers/Prophylaxis Of Migraine/Drugs For Essential Tremor, Chorea, Tics, And Related Disorders/Antithyroid Products""	""Propranolol""",
"""5416""",UNKNOWN,true,"195138	""Co-triamterzide 50mg/25mg tablets""	""Hydrochlorothiazide/Triamterene""	""25mg + 50mg""	""Oral tablet""	""Oral""	""Potassium-Sparing Diuretics With Other Diuretics""	""Hydrochlorothiazide/Triamterene""",
"""63041""",UNKNOWN,true,"1	""Nifedipine 10mg capsules (Viatris UK Healthcare Ltd)""	""Nifedipine""	""10mg""	""Oral capsule""	""Oral""	""Calcium-Channel Blockers""	""Nifedipine""",
"""90487""",UNKNOWN,true,"6	""Sacubitril 15mg / Valsartan 16mg granules in capsules for opening""	""Valsartan""	""15mg + 16mg""	""Oral granules""	""Oral""	""Angiotensin-II Receptor Antagonists/Other Antihypertensives""	""Valsartan""",
"""73811""",UNKNOWN,true,"0	""Candesartan 2mg tablets (Sun Pharma UK Ltd)""	""Candesartan""	""2mg""	""Oral tablet""	""Oral""	""Angiotensin-II Receptor Antagonists""	""Candesartan""",
"""47467""",UNKNOWN,true,"4	""Olmesartan medoxomil with amlodipine and hydrochlorothiazide 40mg + 5mg + 25mg Tablet""	""Amlodipine/Hydrochlorothiazide/Olmesartan""	""40mg + 5mg + 25mg""	""Tablet""	""Oral""	""Thiazides And Related Diuretics/Angiotensin-II Receptor Antagonists""	""Amlodipine/Hydrochlorothiazide/Olmesartan""",
"""9670""",UNKNOWN,true,"58494	""Motens 4mg tablets (GlaxoSmithKline UK Ltd)""	""Lacidipine""	""4mg""	""Oral tablet""	""Oral""	""Calcium-Channel Blockers""	""Lacidipine""",
"""1006""",UNKNOWN,true,"1029542	""Half Inderal LA 80mg capsules (AstraZeneca UK Ltd)""	""Propranolol""	""80mg""	""Modified-release capsule""	""Oral""	""Beta-Adrenoceptor Blockers/Prophylaxis Of Migraine/Drugs For Essential Tremor, Chorea, Tics, And Related Disorders/Antithyroid Products""	""Propranolol""",
"""68400""",UNKNOWN,true,"0	""Propranolol 160mg tablets (DE Pharmaceuticals)""	""Propranolol""	""160mg""	""Oral tablet""	""Oral""	""Beta-Adrenoceptor Blockers/Prophylaxis Of Migraine/Drugs For Essential Tremor, Chorea, Tics, And Related Disorders/Antithyroid Products""	""Propranolol""",
"""46674""",UNKNOWN,true,"8	""Spironolactone 50mg/5ml Oral suspension sugar free (Rosemont Pharmaceuticals Ltd)""	""Spironolactone""	""50mg/5ml""	""Oral Suspension""	""Oral""	""Potassium-Sparing Diuretics And Aldosterone Antagonists""	""Spironolactone""",
"""4645""",UNKNOWN,true,"1157000	""Valsartan 160mg capsules""	""Valsartan""	""160mg""	""Oral capsule""	""Oral""	""Angiotensin-II Receptor Antagonists""	""Valsartan""",
"""17338""",UNKNOWN,true,"131	""Nifedotard 20 mr 20mg Modified-release tablet (Galen Ltd)""	""Nifedipine""	""20mg""	""Modified-Release Tablet""	""Oral""	""Calcium-Channel Blockers""	""Nifedipine""",
"""2117""",UNKNOWN,true,"88724	""Doralese Tiltab 20mg tablets (Essential Generics Ltd)""	""Indoramin""	""20mg""	""Oral tablet""	""Oral""	""Alpha-Adrenoceptor Blockers/Alpha-Blockers (In Urinary Retention)""	""Indoramin""",
"""15488""",UNKNOWN,true,"780	""Metoprolol tartrate with chlortalidone Tablet""	""Chlortalidone/Metoprolol""	NA	""Tablet""	""Oral""	""Thiazides And Related Diuretics/Beta-Adrenoceptor Blockers""	""Chlortalidone/Metoprolol""",
"""70135""",UNKNOWN,true,"0	""Atenolol 25mg tablets (DE Pharmaceuticals)""	""Atenolol""	""25mg""	""Oral tablet""	""Oral""	""Beta-Adrenoceptor Blockers""	""Atenolol""",
"""35174""",UNKNOWN,true,"2763	""Valsartan 80mg with amlodipine 5mg tablets""	""Amlodipine/Valsartan""	""80mg + 5mg""	""Tablets""	""Oral""	""Angiotensin-II Receptor Antagonists/Calcium-Channel Blockers""	""Amlodipine/Valsartan""",
"""15874""",UNKNOWN,true,"2441	""Amiloride 2.5mg / furosemide 20mg tablets""	""Amiloride""	""2.5mg + 20mg""	""Tablets""	""Oral""	""Loop Diuretics/Potassium-Sparing Diuretics With Other Diuretics""	""Amiloride""",
"""22696""",UNKNOWN,true,"84	""Slofedipine 20mg tablets (Sterwin Medicines)""	""Nifedipine""	""20mg""	""Modified-release tablet""	""Oral""	""Calcium-Channel Blockers""	""Nifedipine""",
"""71098""",UNKNOWN,true,"7	""Metoprolol 50mg tablets (Accord-UK Ltd)""	""Metoprolol""	""50mg""	""Oral tablet""	""Oral""	""Beta-Adrenoceptor Blockers/Prophylaxis Of Migraine""	""Metoprolol""",
"""20468""",UNKNOWN,true,"12318	""Half Beta-Prograne 80mg modified-release capsules (Tillomed Laboratories Ltd)""	""Propranolol""	""80mg""	""Modified-release capsule""	""Oral""	""Beta-Adrenoceptor Blockers/Prophylaxis Of Migraine/Drugs For Essential Tremor, Chorea, Tics, And Related Disorders/Antithyroid Products""	""Propranolol""",
"""27520""",UNKNOWN,true,"1382	""Olmetec Plus 20mg/25mg tablets (Daiichi Sankyo UK Ltd)""	""Hydrochlorothiazide/Olmesartan""	""25mg + 20mg""	""Oral tablet""	""Oral""	""Thiazides And Related Diuretics/Angiotensin-II Receptor Antagonists""	""Hydrochlorothiazide/Olmesartan""",
"""41203""",UNKNOWN,true,"724	""Sevikar 40mg/10mg tablets (Daiichi Sankyo UK Ltd)""	""Amlodipine/Olmesartan""	""10mg + 40mg""	""Oral tablet""	""Oral""	""Angiotensin-II Receptor Antagonists/Calcium-Channel Blockers""	""Amlodipine/Olmesartan""",
"""27401""",UNKNOWN,true,"673	""Kenzem SR 90mg capsules (Kent Pharma (UK) Ltd)""	""Diltiazem""	""90mg""	""Modified-release capsule""	""Oral""	""Calcium-Channel Blockers""	""Diltiazem""",
"""13363""",UNKNOWN,true,"121	""Esidrex 50mg Tablet (Novartis Pharmaceuticals UK Ltd)""	""Hydrochlorothiazide""	""50mg""	""Oral tablet""	""Oral""	""Thiazides And Related Diuretics""	""Hydrochlorothiazide""",
"""410""",UNKNOWN,true,"936547	""Nifedipine 10mg modified-release tablets""	""Nifedipine""	""10mg""	""Modified-release tablet""	""Oral""	""Calcium-Channel Blockers""	""Nifedipine""",
"""66329""",UNKNOWN,true,"18	""Ramipril oral solution""	""Ramipril""	NA	""Oral solution""	""Oral""	""Angiotensin-Converting Enzyme Inhibitors (ACE Inhibitors)""	""Ramipril""",
"""76633""",UNKNOWN,true,"0	""Propranolol 10mg tablets (DE Pharmaceuticals)""	""Propranolol""	""10mg""	""Oral tablet""	""Oral""	""Beta-Adrenoceptor Blockers/Prophylaxis Of Migraine/Drugs For Essential Tremor, Chorea, Tics, And Related Disorders/Antithyroid Products""	""Propranolol""",
"""35116""",UNKNOWN,true,"1213	""Minoxidil 2% gel""	""Minoxidil""	""20mg/1gram""	""Cutaneous gel""	""Cutaneous""	""Vasodilator Antihypertensive Products/Androgenetic Alopecia""	""Minoxidil""",
"""73389""",UNKNOWN,true,"0	""Enalapril 2.5mg tablets (DE Pharmaceuticals)""	""Enalapril""	""2.5mg""	""Oral tablet""	""Oral""	""Angiotensin-Converting Enzyme Inhibitors (ACE Inhibitors)""	""Enalapril""",
"""90885""",UNKNOWN,true,"104	""Latanoprost 50micrograms/ml / Timolol 5mg/ml eye drops preservative free""	""Timolol""	""50microgram/1ml + 5mg/1ml""	""Eye drops""	""Ocular""	""Beta-Blockers (In Glaucoma)/Prostaglandin Analogues (In Glaucoma)""	""Timolol""",
"""3548""",UNKNOWN,true,"2161	""Chlortalidone 100mg tablets""	""Chlortalidone""	""100mg""	""Tablets""	""Oral""	""Thiazides And Related Diuretics/Posterior Pituitary Hormones And Antagonists""	""Chlortalidone""",
"""76128""",UNKNOWN,true,"0	""Lisinopril 20mg tablets (Lupin Healthcare (UK) Ltd)""	""Lisinopril""	""20mg""	""Oral tablet""	""Oral""	""Angiotensin-Converting Enzyme Inhibitors (ACE Inhibitors)""	""Lisinopril""",
"""73617""",UNKNOWN,true,"76	""Enalapril 1.5mg/5ml oral suspension""	""Enalapril""	""300microgram/1ml""	""Oral suspension""	""Oral""	""Angiotensin-Converting Enzyme Inhibitors (ACE Inhibitors)""	""Enalapril""",
"""19440""",UNKNOWN,true,"243	""Disogram SR 300mg capsules (Sun Pharma UK Ltd)""	""Diltiazem""	""300mg""	""Modified-release capsule""	""Oral""	""Calcium-Channel Blockers""	""Diltiazem""",
"""5234""",UNKNOWN,true,"126818	""Slozem 180mg capsules (Zentiva Pharma UK Ltd)""	""Diltiazem""	""180mg""	""Modified-release capsule""	""Oral""	""Calcium-Channel Blockers""	""Diltiazem""",
"""2414""",UNKNOWN,true,"94864	""Inderal 10mg tablets (AstraZeneca UK Ltd)""	""Propranolol""	""10mg""	""Oral tablet""	""Oral""	""Beta-Adrenoceptor Blockers/Prophylaxis Of Migraine/Drugs For Essential Tremor, Chorea, Tics, And Related Disorders/Antithyroid Products""	""Propranolol""",
"""65822""",UNKNOWN,true,"29	""Spironolactone 12.5mg/5ml oral suspension""	""Spironolactone""	""2.5mg/1ml""	""Oral suspension""	""Oral""	""Potassium-Sparing Diuretics And Aldosterone Antagonists""	""Spironolactone""",
"""82476""",UNKNOWN,true,"1283	""Istin 5mg tablets (Dowelhurst Ltd)""	""Amlodipine""	""5mg""	""Oral tablet""	""Oral""	""Calcium-Channel Blockers""	""Amlodipine""",
"""20431""",UNKNOWN,true,"1362	""Centyl K modified-release tablets (LEO Pharma)""	""Bendroflumethiazide""	""2.5mg + 573mg""	""Modified-release tablet""	""Oral""	""Unknown""	""Bendroflumethiazide""",
"""65240""",UNKNOWN,true,"133	""Latanoprost 50micrograms/ml / Timolol 5mg/ml eye drops (A A H Pharmaceuticals Ltd)""	""Timolol""	""5mg/1ml + 50microgram/1ml""	""Eye drops""	""Ocular""	""Beta-Blockers (In Glaucoma)/Prostaglandin Analogues (In Glaucoma)""	""Timolol""",
"""45179""",UNKNOWN,true,"4027	""Minoxidil 5% foam""	""Minoxidil""	""50mg/1gram""	""Cutaneous foam""	""Cutaneous""	""Androgenetic Alopecia""	""Minoxidil""",
"""24218""",UNKNOWN,true,"28	""Berkolol 160mg Tablet (Berk Pharmaceuticals Ltd)""	""Propranolol""	""160mg""	""Oral tablet""	""Oral""	""Supraventricular Arrhythmias/Beta-Adrenoceptor Blockers""	""Propranolol""",
"""66430""",UNKNOWN,true,"14564	""Amlodipine 5mg tablets (Kent Pharma (UK) Ltd)""	""Amlodipine""	""5mg""	""Oral tablet""	""Oral""	""Calcium-Channel Blockers""	""Amlodipine""",
"""23492""",UNKNOWN,true,"27	""CYCLOPENTHIAZIDE 250MCG/K 8.1MMOL""	""Cyclopenthiazide""	NA	NA	NA	""Unknown""	""Cyclopenthiazide""",
"""28721""",UNKNOWN,true,"107	""Neofel XL 5mg tablets (Kent Pharma (UK) Ltd)""	""Felodipine""	""5mg""	""Modified-release tablet""	""Oral""	""Calcium-Channel Blockers""	""Felodipine""",
"""31711""",UNKNOWN,true,"482	""Verapamil 80mg tablets (A A H Pharmaceuticals Ltd)""	""Verapamil""	""80mg""	""Oral tablet""	""Oral""	""Calcium-Channel Blockers""	""Verapamil""",
"""27957""",UNKNOWN,true,"256	""Natramid 2.5mg Tablet (Trinity Pharmaceuticals Ltd)""	""Indapamide""	""2.5mg""	""Oral tablet""	""Oral""	""Thiazides And Related Diuretics""	""Indapamide""",
"""29530""",UNKNOWN,true,"26	""Innovace melt 2.5mg Wafer (Merck Sharp & Dohme Ltd)""	""Enalapril""	""2.5mg""	""Wafer""	NA	""Angiotensin-Converting Enzyme Inhibitors (ACE Inhibitors)""	""Enalapril""",
"""64447""",UNKNOWN,true,"8	""Amlodipine 5mg tablets (Somex Pharma)""	""Amlodipine""	""5mg""	""Oral tablet""	""Oral""	""Calcium-Channel Blockers""	""Amlodipine""",
"""76209""",UNKNOWN,true,"0	""Candesartan 8mg tablets (Viatris UK Healthcare Ltd)""	""Candesartan""	""8mg""	""Oral tablet""	""Oral""	""Angiotensin-II Receptor Antagonists""	""Candesartan""",
"""43525""",UNKNOWN,true,"51	""Propranolol 10mg tablets (IVAX Pharmaceuticals UK Ltd)""	""Propranolol""	""10mg""	""Oral tablet""	""Oral""	""Beta-Adrenoceptor Blockers/Prophylaxis Of Migraine/Drugs For Essential Tremor, Chorea, Tics, And Related Disorders/Antithyroid Products""	""Propranolol""",
"""54726""",UNKNOWN,true,"0	""Valsartan 40mg capsules (Teva UK Ltd)""	""Valsartan""	""40mg""	""Oral capsule""	""Oral""	""Unknown""	""Valsartan""",
"""7641""",UNKNOWN,true,"343713	""Natrilix 2.5mg tablets (Servier Laboratories Ltd)""	""Indapamide""	""2.5mg""	""Oral tablet""	""Oral""	""Thiazides And Related Diuretics""	""Indapamide""",
"""52088""",UNKNOWN,true,"0	""Lisinopril 5mg tablets (Phoenix Healthcare Distribution Ltd)""	""Lisinopril""	""5mg""	""Oral tablet""	""Oral""	""Angiotensin-Converting Enzyme Inhibitors (ACE Inhibitors)""	""Lisinopril""",
"""51720""",UNKNOWN,true,"612	""Spironolactone 25mg/5ml oral solution""	""Spironolactone""	""5mg/1ml""	""Oral solution""	""Oral""	""Potassium-Sparing Diuretics And Aldosterone Antagonists""	""Spironolactone""",
"""56473""",UNKNOWN,true,"2863	""Perindopril erbumine 2mg tablets (Sigma Pharmaceuticals Plc)""	""Perindopril""	""2mg""	""Oral tablet""	""Oral""	""Angiotensin-Converting Enzyme Inhibitors (ACE Inhibitors)""	""Perindopril""",
"""8296""",UNKNOWN,true,"4201	""Catapres PL Perlongets 250microgram capsules (Boehringer Ingelheim Ltd)""	""Clonidine""	""250microgram""	""Modified-release capsule""	""Oral""	""Unknown""	""Clonidine""",
"""11348""",UNKNOWN,true,"43892	""Aprovel 300mg tablets (Sanofi)""	""Irbesartan""	""300mg""	""Oral tablet""	""Oral""	""Angiotensin-II Receptor Antagonists""	""Irbesartan""",
"""15052""",UNKNOWN,true,"1630	""Spiroctan 50mg Tablet (Roche Products Ltd)""	""Spironolactone""	""50mg""	""Oral tablet""	""Oral""	""Potassium-Sparing Diuretics And Aldosterone Antagonists""	""Spironolactone""",
"""78597""",UNKNOWN,true,"2	""Diltiazem 5% cream (Special Order)""	""Diltiazem""	""50mg/1gram""	""Cream""	""Route of administration not applicable""	""Local Products For Anal Or Rectal Problems/Calcium-Channel Blockers""	""Diltiazem""",
"""29637""",UNKNOWN,true,"7	""Verapress MR 240mg tablets (Teva UK Ltd)""	""Verapamil""	""240mg""	""Modified-release tablet""	""Oral""	""Calcium-Channel Blockers""	""Verapamil""",
"""66817""",UNKNOWN,true,"32	""Amlodipine 10mg tablets (Wockhardt UK Ltd)""	""Amlodipine""	""10mg""	""Oral tablet""	""Oral""	""Calcium-Channel Blockers""	""Amlodipine""",
"""74012""",UNKNOWN,true,"65	""Plendil 2.5mg modified-release tablets (Waymade Healthcare Plc)""	""Felodipine""	""2.5mg""	""Modified-release tablet""	""Oral""	""Calcium-Channel Blockers""	""Felodipine""",
"""54515""",UNKNOWN,true,"31	""Amlodipine 10mg tablets (Alliance Healthcare (Distribution) Ltd)""	""Amlodipine""	""10mg""	""Oral tablet""	""Oral""	""Calcium-Channel Blockers""	""Amlodipine""",
"""3049""",UNKNOWN,true,"56926	""Methyldopa 125mg tablets""	""Methyldopa""	""125mg""	""Oral tablet""	""Oral""	""Centrally Acting Antihypertensive Products""	""Methyldopa""",
"""67795""",UNKNOWN,true,"0	""Lisinopril 20mg tablets (Almus Pharmaceuticals Ltd)""	""Lisinopril""	""20mg""	""Oral tablet""	""Oral""	""Angiotensin-Converting Enzyme Inhibitors (ACE Inhibitors)""	""Lisinopril""",
"""45309""",UNKNOWN,true,"7	""Acebutolol 400mg tablets (A A H Pharmaceuticals Ltd)""	""Acebutolol""	""400mg""	""Oral tablet""	""Oral""	""Beta-Adrenoceptor Blockers""	""Acebutolol""",
"""40891""",UNKNOWN,true,"46	""Doxazosin 2mg tablets (IVAX Pharmaceuticals UK Ltd)""	""Doxazosin""	""2mg""	""Oral tablet""	""Oral""	""Alpha-Adrenoceptor Blockers/Drugs For Genito-Urinary Disorders""	""Doxazosin""",
"""84133""",UNKNOWN,true,"0	""Candesartan 8mg tablets (Alliance Healthcare (Distribution) Ltd)""	""Candesartan""	""8mg""	""Oral tablet""	""Oral""	""Angiotensin-II Receptor Antagonists""	""Candesartan""",
"""11641""",UNKNOWN,true,"1529	""Captopril 25mg with Hydrochlorothiazide 12.5mg tablets""	""Captopril/Hydrochlorothiazide""	""25mg + 12.5mg""	""Tablets""	""Oral""	""Thiazides And Related Diuretics/Angiotensin-Converting Enzyme Inhibitors (ACE Inhibitors)""	""Captopril/Hydrochlorothiazide""",
"""79406""",UNKNOWN,true,"1	""Quinapril 10mg tablets (Actavis UK Ltd)""	""Quinapril""	""10mg""	""Oral tablet""	""Oral""	""Angiotensin-Converting Enzyme Inhibitors (ACE Inhibitors)""	""Quinapril""",
"""80095""",UNKNOWN,true,"1	""Chlorothiazide 40mg/5ml oral suspension""	""Chlorothiazide""	""8mg/1ml""	""Oral suspension""	""Oral""	""Thiazides And Related Diuretics""	""Chlorothiazide""",
"""71348""",UNKNOWN,true,"217	""Frumil 40mg/5mg tablets (Waymade Healthcare Plc)""	""Amiloride""	""5mg + 40mg""	""Oral tablet""	""Oral""	""Potassium-Sparing Diuretics With Other Diuretics""	""Amiloride""",
"""71760""",UNKNOWN,true,"11	""Nifedipine 10mg modified-release tablets (Ethigen Ltd)""	""Nifedipine""	""10mg""	""Modified-release tablet""	""Oral""	""Calcium-Channel Blockers""	""Nifedipine""",
"""78737""",UNKNOWN,true,"5	""Eprosartan 300mg/5ml oral solution""	""Eprosartan""	""60mg/1ml""	""Oral solution""	""Oral""	""Angiotensin-II Receptor Antagonists""	""Eprosartan""",
"""88097""",UNKNOWN,true,"147	""Delofine XL 5mg tablets (Morningside Healthcare Ltd)""	""Felodipine""	""5mg""	""Modified-release tablet""	""Oral""	""Calcium-Channel Blockers""	""Felodipine""",
"""84153""",UNKNOWN,true,"0	""Ramipril 1.25mg capsules (Medihealth (Northern) Ltd)""	""Ramipril""	""1.25mg""	""Oral capsule""	""Oral""	""Angiotensin-Converting Enzyme Inhibitors (ACE Inhibitors)""	""Ramipril""",
"""68759""",UNKNOWN,true,"0	""Perindopril erbumine 2mg tablets (Milpharm Ltd)""	""Perindopril""	""2mg""	""Oral tablet""	""Oral""	""Angiotensin-Converting Enzyme Inhibitors (ACE Inhibitors)""	""Perindopril""",
"""72130""",UNKNOWN,true,"10	""Clonidine 100micrograms/5ml oral suspension""	""Clonidine""	""20microgram/1ml""	""Oral suspension""	""Oral""	""Centrally Acting Antihypertensive Products/Prophylaxis Of Migraine/Oestrogens And HRT""	""Clonidine""",
"""66558""",UNKNOWN,true,"0	""Lisinopril 5mg tablets (DE Pharmaceuticals)""	""Lisinopril""	""5mg""	""Oral tablet""	""Oral""	""Angiotensin-Converting Enzyme Inhibitors (ACE Inhibitors)""	""Lisinopril""",
"""54329""",UNKNOWN,true,"3	""Metolazone 5mg/5ml oral suspension""	""Metolazone""	""1mg/1ml""	""Oral suspension""	""Oral""	""Thiazides And Related Diuretics""	""Metolazone""",
"""52559""",UNKNOWN,true,"0	""Candesartan 8mg tablets (Zentiva Pharma UK Ltd)""	""Candesartan""	""8mg""	""Oral tablet""	""Oral""	""Angiotensin-II Receptor Antagonists""	""Candesartan""",
"""18733""",UNKNOWN,true,"680	""Co-amilozide 5mg with 50mg/ml oral solution""	""Hydrochlorothiazide/Amiloride""	""5mg + 50mg/5ml""	""Oral Solution""	""Oral""	""Thiazides And Related Diuretics/Potassium-Sparing Diuretics With Other Diuretics""	""Hydrochlorothiazide/Amiloride""",
"""41633""",UNKNOWN,true,"189	""Captopril 12.5mg tablets (Actavis UK Ltd)""	""Captopril""	""12.5mg""	""Oral tablet""	""Oral""	""Angiotensin-Converting Enzyme Inhibitors (ACE Inhibitors)""	""Captopril""",
"""37184""",UNKNOWN,true,"2113	""Valni XL 30mg tablets (Zentiva Pharma UK Ltd)""	""Nifedipine""	""30mg""	""Modified-release tablet""	""Oral""	""Calcium-Channel Blockers""	""Nifedipine""",
"""47707""",UNKNOWN,true,"2	""Nifedipine Oral solution""	""Nifedipine""	NA	""Oral Solution""	""Oral""	""Calcium-Channel Blockers""	""Nifedipine""",
"""33083""",UNKNOWN,true,"2970	""Indapamide 2.5mg tablets (Teva UK Ltd)""	""Indapamide""	""2.5mg""	""Oral tablet""	""Oral""	""Thiazides And Related Diuretics""	""Indapamide""",
"""28788""",UNKNOWN,true,"2	""Half propatard la 80mg Modified-release capsule (Galen Ltd)""	""Propranolol""	""80mg""	""Modified-release capsule""	""Oral""	""Beta-Adrenoceptor Blockers/Prophylaxis Of Migraine""	""Propranolol""",
"""43470""",UNKNOWN,true,"2	""Amlodipine 5mg tablets (Wockhardt UK Ltd)""	""Amlodipine""	""5mg""	""Oral tablet""	""Oral""	""Calcium-Channel Blockers""	""Amlodipine""",
"""28844""",UNKNOWN,true,"60	""Berkatens 120mg Tablet (Berk Pharmaceuticals Ltd)""	""Verapamil""	""120mg""	""Oral tablet""	""Oral""	""Supraventricular Arrhythmias/Calcium-Channel Blockers""	""Verapamil""",
"""10316""",UNKNOWN,true,"48630	""CoAprovel 150mg/12.5mg tablets (Sanofi)""	""Hydrochlorothiazide/Irbesartan""	""150mg + 12.5mg""	""Oral tablet""	""Oral""	""Thiazides And Related Diuretics/Angiotensin-II Receptor Antagonists With Diuretic""	""Hydrochlorothiazide/Irbesartan""",
"""88180""",UNKNOWN,true,"21	""Minoxidil 5% solution (Careforsons Ltd)""	""Minoxidil""	""50mg/1ml""	""Cutaneous solution""	""Cutaneous""	""Androgenetic Alopecia""	""Minoxidil""",
"""77077""",UNKNOWN,true,"4	""Diltiazem 10mg/5ml oral solution""	""Diltiazem""	""2mg/1ml""	""Oral solution""	""Oral""	""Calcium-Channel Blockers""	""Diltiazem""",
"""54201""",UNKNOWN,true,"0	""Lisinopril 20mg / Hydrochlorothiazide 12.5mg tablets (Almus Pharmaceuticals Ltd)""	""Hydrochlorothiazide/Lisinopril""	""20mg + 12.5mg""	""Oral tablet""	""Oral""	""Thiazides And Related Diuretics/Angiotensin-Converting Enzyme Inhibitors (ACE Inhibitors)""	""Hydrochlorothiazide/Lisinopril""",
"""10897""",UNKNOWN,true,"294	""VERAPAMIL S/F 40 MG/5ML SOL""	""Verapamil""	NA	NA	NA	""Unknown""	""Verapamil""",
"""76784""",UNKNOWN,true,"0	""Ramipril 5mg capsules (Wockhardt UK Ltd)""	""Ramipril""	""5mg""	""Oral capsule""	""Oral""	""Angiotensin-Converting Enzyme Inhibitors (ACE Inhibitors)""	""Ramipril""",
"""47002""",UNKNOWN,true,"12	""Amlodipine 10mg/5ml sugar free Oral suspension""	""Amlodipine""	""10mg/5ml""	""Oral Suspension""	""Oral""	""Calcium-Channel Blockers""	""Amlodipine""",
"""57796""",UNKNOWN,true,"0	""Cozaar-Comp 50mg/12.5mg tablets (DE Pharmaceuticals)""	""Hydrochlorothiazide/Losartan""	""50mg + 12.5mg""	""Oral tablet""	""Oral""	""Angiotensin-II Receptor Antagonists With Diuretic""	""Hydrochlorothiazide/Losartan""",
"""38901""",UNKNOWN,true,"17161	""Frumil LS 20mg/2.5mg tablets (Sanofi)""	""Amiloride""	""2.5mg + 20mg""	""Oral tablet""	""Oral""	""Potassium-Sparing Diuretics With Other Diuretics""	""Amiloride""",
"""80270""",UNKNOWN,true,"0	""Atenolol 100mg tablets (Crescent Pharma Ltd)""	""Atenolol""	""100mg""	""Oral tablet""	""Oral""	""Beta-Adrenoceptor Blockers""	""Atenolol""",
"""71417""",UNKNOWN,true,"7	""Cosopt 20mg/ml / 5mg/ml eye drops 0.2ml unit dose preservative free (Lexon (UK) Ltd)""	""Timolol""	""5mg/1ml + 20mg/1ml""	""Eye drops""	""Ocular""	""Beta-Blockers (In Glaucoma)/Carbonic Anhydrase Inhibitors And Systemic Drugs (In Glaucoma)""	""Timolol""",
"""4449""",UNKNOWN,true,"67795	""Cardura 1mg tablets (Viatris UK Healthcare Ltd)""	""Doxazosin""	""1mg""	""Oral tablet""	""Oral""	""Alpha-Adrenoceptor Blockers/Alpha-Blockers (In Urinary Retention)""	""Doxazosin""",
"""7174""",UNKNOWN,true,"280742	""Moxonidine 400microgram tablets""	""Moxonidine""	""400microgram""	""Oral tablet""	""Oral""	""Centrally Acting Antihypertensive Products""	""Moxonidine""",
"""54696""",UNKNOWN,true,"95	""Amlodipine 10mg tablets (Sandoz Ltd)""	""Amlodipine""	""10mg""	""Oral tablet""	""Oral""	""Calcium-Channel Blockers""	""Amlodipine""",
"""43322""",UNKNOWN,true,"3398	""Olmesartan medoxomil 40mg / Hydrochlorothiazide 12.5mg tablets""	""Hydrochlorothiazide/Olmesartan""	""40mg + 12.5mg""	""Oral tablet""	""Oral""	""Thiazides And Related Diuretics/Angiotensin-II Receptor Antagonists""	""Hydrochlorothiazide/Olmesartan""",
"""13755""",UNKNOWN,true,"501	""Enalapril 10mg wafer""	""Enalapril""	""10mg""	""Wafer""	NA	""Angiotensin-Converting Enzyme Inhibitors (ACE Inhibitors)""	""Enalapril""",
"""53215""",UNKNOWN,true,"89	""Atenolol 50mg tablets (Bristol Laboratories Ltd)""	""Atenolol""	""50mg""	""Oral tablet""	""Oral""	""Beta-Adrenoceptor Blockers""	""Atenolol""",
"""82848""",UNKNOWN,true,"0	""Amlodipine 2.5mg tablets (A A H Pharmaceuticals Ltd)""	""Amlodipine""	""2.5mg""	""Oral tablet""	""Oral""	""Calcium-Channel Blockers""	""Amlodipine""",
"""18252""",UNKNOWN,true,"1567	""Metalpha 250mg Tablet (Ashbourne Pharmaceuticals Ltd)""	""Methyldopa""	""250mg""	""Oral tablet""	""Oral""	""Centrally Acting Antihypertensive Products""	""Methyldopa""",
